Unnamed: 0,Website ,Product type,Product Link ,Product Img ,Product Name,Price,volume,price_log,price_scaled,cluster_k2,cluster_k3,cluster_k4,cluster_k5,final_cluster
,Amazon,Highlighter ,https://www.amazon.sa/-/en/5coclors-All-of-the-light/dp/B081TMX5H9/ref=sr_1_19?dib=eyJ2IjoiMSJ9.mOGXegs1a5ZmvcNVFYSl7gA3_4Q-Q_6hcGj58tXRJz9nOFOrNtNGMN56nJoAXQQKqZI2FEdGhuDXfBg1S_a8q2dy_PXRvknhhnDXFk8J8Xb9i3LUlbVGsJ1C_Qy9h4zNCDdTk-_n21euF7u8vRgpsubJSPFNG9vFLhBgIPJCzOwKguQxklSBi_Bq_shHsPwpD7waGN7dvK17BjkNaECWmtQIkD2GpRIK89id8ajrwE-a5gvwqO4J7oZI_WujPAAVjo4LoUUD6zH8A3sfR18gIlMs3Y0HbY0HTbMl8n0KIeQ.8WuJHvQ0Gf2hCPnSQfzXYshEhiIodna7SbqQybFUHV4&dib_tag=se&qid=1743940753&refinements=p_123%3A189527%7C2150197%7C234018%7C238299%7C249745%7C318378%7C400264%7C456738%7C665212%7C796178%2Cp_n_feature_eight_browse-bin%3A57516072031&rnid=57516066031&s=beauty&sr=1-19,https://m.media-amazon.com/images/I/61o7UjKwUxL._AC_UL320_.jpg,5coclors All of the light,79.0,,4.382026634673881,0.02134039567270081,0,0,0,2,0
,Noon,Highlighter ,https://www.noon.com/saudi-en/aurora-glow-highlighter-blue-beige-pink/N14560409A/p/?o=a9ada15577d2240b,,ANASTASIA BEVERLY HILLS Aurora Glow highlighter Blue/beige/pink,84.5,,4.448516375942715,0.10253431820032917,0,0,0,2,0
,Noon,Highlighter ,https://www.noon.com/saudi-en/ultimate-glow-kit-highlighter-white-beige-gold/N12872392A/p/?o=aeab7a61387e42cb,,ANASTASIA BEVERLY HILLS Ultimate Glow Kit Highlighter White/Beige/Gold,66.95,,4.218772140597153,-0.17801776832975555,1,0,3,2,0
,Noon,Highlighter ,https://www.noon.com/saudi-en/ultra-colour-palette-3-in-1-golden-hour/N70151686V/p/?o=a60f2df0d3afafbb,https://f.nooncdn.com/p/pnsku/N70151686V/45/_/1739347563/d439c7e3-bd1f-4735-8654-8cda5b0a1e19.jpg?format=jpg&width=240,AVON Ultra Colour Palette 3 in 1 Golden Hour,85.0,,4.454347296253507,0.10965474434343969,0,0,0,2,0
,Sephora,Highlighter ,https://www.sephora.me/sa-en/p/high-beam-liquid-face-highlighter/P2521,https://img-product.sephora.me/dw/image/v2/BKWK_PRD/on/demandware.static/-/Sites-masterCatalog_Sephora/default/dw3ceea245/images/hi-res/SKU/SKU_895/483348_swatch.jpg?sw=640&sh=640&sm=fit&q=85,BENEFIT COSMETICS High Beam Liquid Face Highlighter,105.0,,4.663439094112067,0.3649871146086281,0,0,0,2,0
,Amazon,Highlighter ,https://www.amazon.sa/-/en/l-f-Highlighting-Gift-Highlighter-Brush/dp/B07HDGH83K/ref=sr_1_117?dib=eyJ2IjoiMSJ9.So8tDoGoidtbnHlY6DTkWbH0sVG8OhweCzQLdErLwumenkA02Gbcz-HhL8GSGCFt3mH_bRJUbBlJL6cp2VKHwrQjANxU5T54n6zsjd7y9-dm-7RiUoGyTSp-SMKS7fSDPDIpIrNYx0yBFMLxCf6vch9oSUCuZN-WjSLVq_v0s19gIwIBWRsRGBj0fu8nEaI4Bj86QLUyXIEuQ0WvRqf7t8tSXyS9OsAt0bbzxhWzcANuYbOeZNyb6cfzzNxuClR3Y0Iev508Y5G0gU_6Po-K4eb9QeWGnjul4ugzEgXItLE.vtap6_7zkDYdSey80pWycUiYUe7Fo5WqHlz-kxaWwyA&dib_tag=se&qid=1743940779&refinements=p_123%3A189527%7C2150197%7C234018%7C238299%7C249745%7C318378%7C400264%7C456738%7C665212%7C796178%2Cp_n_feature_eight_browse-bin%3A57516072031&rnid=57516066031&s=beauty&sr=1-117&xpid=wLByakBCaiGH_,https://m.media-amazon.com/images/I/71oeRyhe4NL._AC_UL320_.jpg,E.l.f. Highlighting Gift Set with Highlighter and Highlighting Brush,100.0,,4.61512051684126,0.3059829021586378,0,0,0,2,0
,Noon,Highlighter ,https://www.noon.com/saudi-en/golden-days-ahead-face-body-highlighter-baby-it-s-gold-outside/N70058457V/p/?o=af5d20868a4de3bd,https://f.nooncdn.com/p/pnsku/N70058457V/45/_/1711530277/885d6790-d029-4153-ae33-22b65a91676c.jpg?format=jpg&width=240,"Essence Golden Days Ahead Face & Body Highlighter Baby, It's Gold Outside",55.2,,4.028916756899646,-0.4098595986816239,1,0,3,1,0
,Amazon,Highlighter ,https://www.amazon.sa/-/en/Essence-Illuminating-Multicoloured-Particles-Free-Nanoparticles/dp/B09R831QD7/ref=sr_1_87?dib=eyJ2IjoiMSJ9.2wH-MaUvSk2byPj3bJgax3RlAb8EDgR-katLgJQ24lBndlhB2pj5nXAKj_V3E-77nwyVVqNx2iqQ38cM6p5Nuj6Q9RmQK0bolR9pPxTEs0SJbHbY_xwDJypHOObQbYPofgpKa1FDlNydj7srxwrK4MoT-ctbxpzZyfjnXfXdv8a9_5FEVxrWDIIkpRZP3oALjVZi4yQ5m9n7w_63Q9b0MU8bDFH9FzOyu_ws66IO7DB9XA-2nQAp-deABsk9UqJMLqa-fRk3V_6M46aoICHV8eHitYHFupFv9beCDfUFZfE.EK7TnUcFAqdVuhdaN7RS_lEPOtKom0tkikg7QzjtBio&dib_tag=se&qid=1743940776&refinements=p_123%3A189527%7C2150197%7C234018%7C238299%7C249745%7C318378%7C400264%7C456738%7C665212%7C796178%2Cp_n_feature_eight_browse-bin%3A57516072031&rnid=57516066031&s=beauty&sr=1-87&xpid=wLByakBCaiGH_,https://m.media-amazon.com/images/I/71JsSRwFpWL._AC_UL320_.jpg,"Essence Kissed By The Light Illuminating Powder, Powder, No. 01 Star Kissed, Multicoloured, 3 Colours, Radiant, Vegan, Microplastic Particles-Free, Nanoparticles Free (10 G)",99.12,,4.6063694665635735,0.2952965604054193,0,0,0,2,0
,Sephora,Highlighter ,https://www.sephora.me/sa-en/p/watermelon-glow-niacinamide-dew-drops/P10018696,https://img-product.sephora.me/dw/image/v2/BKWK_PRD/on/demandware.static/-/Sites-masterCatalog_Sephora/default/dwcd7d8872/images/hi-res/SKU/SKU_4540/661187_swatch.jpg?sw=640&sh=640&sm=fit&q=85,GLOW RECIPE Watermelon Glow Niacinamide Dew Drops,90.0,,4.51085950651685,0.17866460863866523,0,0,0,2,0
,Noon,Highlighter ,https://www.noon.com/saudi-en/double-lasting-cushion-glow-light-vanilla-17c1-15g/ZF74CEA38C29C8FF49DF8Z/p/?o=c4f54e4075b5d89b,https://f.nooncdn.com/p/pzsku/ZF74CEA38C29C8FF49DF8Z/45/_/1725870910/3e25566a-f497-4c7e-b5fd-c4e9b2f0828e.jpg?format=jpg&width=240,"General Double Lasting Cushion Glow, Light Vanilla 17C1, (15g)",85.0,,4.454347296253507,0.10965474434343969,0,0,0,2,0
,Noon,Highlighter ,https://www.noon.com/saudi-en/ofra-highlighter-for-the-face-four-colors/ZFE2E502C9F1560812FDAZ/p/?o=zfe2e502c9f1560812fdaz-1,https://f.nooncdn.com/p/pzsku/ZFE2E502C9F1560812FDAZ/45/_/1672514033/81bb46f8-3e1f-4c37-9659-7219f9ba6451.jpg?format=jpg&width=240,HB Ofra Highlighter for the Face four Colors,100.0,,4.61512051684126,0.3059829021586378,0,0,0,2,0
,Noon,Highlighter ,https://www.noon.com/saudi-en/floating-spiral-shell-series-makeup-highlighter-face-makeup-01-moonlight-gravel/ZD7F8A6CE2194F993F09DZ/p/?o=zd7f8a6ce2194f993f09dz-1,https://f.nooncdn.com/p/pzsku/ZD7F8A6CE2194F993F09DZ/45/_/1695362494/d7b5c011-c600-49d2-9539-67f6d92cbd0e.jpg?format=jpg&width=240,"Joocyee Floating Spiral Shell Series Makeup Highlighter, Face Makeup (01 Moonlight Gravel)",58.7,,4.089332020398556,-0.33608352239666284,1,0,3,1,0
,Noon,Highlighter ,https://www.noon.com/saudi-en/multi-use-cream-pink-powder-series-eye-shadow-blush-highlighter-matte-shimmer-glitter-various-textures-face-makeup-c03-lucky-powder/Z45E49A077FA8E331D26EZ/p/?o=z45e49a077fa8e331d26ez-1,,Joocyee Multi-Use Cream Pink Powder Series Eye Shadow Blush Highlighter Matte Shimmer Glitter Various Textures Face Makeup (C03 Lucky Powder),68.0,,4.23410650459726,-0.15929221550197334,1,0,3,2,0
,Noon,Highlighter ,https://www.noon.com/saudi-en/fairy-highlight-body-spray-02-facial-contouring-fine-shimmering-liquid-highlighter-long-lasting-sweatproof-stage-makeup-glitter-highlighter-powder-body-spray-3-5g/ZCAB44B6A753767844D4DZ/p/?o=zcab44b6a753767844d4dz-1,,"Julystar Fairy Highlight Body Spray 02, Facial Contouring Fine Shimmering Liquid Highlighter, Long-Lasting Sweatproof Stage Makeup Glitter Highlighter Powder Body Spray - 3.5G",79.0,,4.382026634673881,0.02134039567270081,0,0,0,2,0
,Noon,Highlighter ,https://www.noon.com/saudi-en/fairy-highlight-body-spray-03-facial-contouring-fine-shimmering-liquid-highlighter-long-lasting-sweatproof-stage-makeup-glitter-highlighter-powder-body-spray-3-5g/Z2B9181FBCF2FF137F65FZ/p/?o=z2b9181fbcf2ff137f65fz-1,,"Julystar Fairy Highlight Body Spray 03, Facial Contouring Fine Shimmering Liquid Highlighter, Long-Lasting Sweatproof Stage Makeup Glitter Highlighter Powder Body Spray - 3.5G",62.0,,4.143134726391533,-0.27038236822149775,1,0,3,2,0
,Noon,Highlighter ,https://www.noon.com/saudi-en/fairy-highlight-body-spray-04-facial-contouring-fine-shimmering-liquid-highlighter-long-lasting-sweatproof-stage-makeup-glitter-highlighter-powder-body-spray-3-5g/Z271CF374DE37BD08B91EZ/p/?o=z271cf374de37bd08b91ez-1,https://f.nooncdn.com/p/pzsku/Z271CF374DE37BD08B91EZ/45/_/1735182513/c98752c8-990f-4acd-9767-1e7d6fba0421.jpg?format=jpg&width=240,"Julystar Fairy Highlight Body Spray 04, Facial Contouring Fine Shimmering Liquid Highlighter, Long-Lasting Sweatproof Stage Makeup Glitter Highlighter Powder Body Spray - 3.5G",69.0,,4.248495242049359,-0.14172141417741196,1,0,3,2,0
,Noon,Highlighter ,https://www.noon.com/saudi-en/fairy-highlight-body-spray-06-facial-contouring-fine-shimmering-liquid-highlighter-long-lasting-sweatproof-stage-makeup-glitter-highlighter-powder-body-spray-3-5g/Z88B5425F3D4FC6C22D2EZ/p/?o=z88b5425f3d4fc6c22d2ez-1,,"Julystar Fairy Highlight Body Spray 06, Facial Contouring Fine Shimmering Liquid Highlighter, Long-Lasting Sweatproof Stage Makeup Glitter Highlighter Powder Body Spray - 3.5G",79.0,,4.382026634673881,0.02134039567270081,0,0,0,2,0
,Noon,Highlighter ,https://www.noon.com/saudi-en/days-in-bloom-3-in-1-silky-all-over-01-endless-sand/Z73C51B20A247BF1F6C19Z/p/?o=c0bd60206580cbbf,https://f.nooncdn.com/p/pzsku/Z73C51B20A247BF1F6C19Z/45/_/1705921069/edba4566-d75e-4551-93b9-f02cc6d40d80.jpg?format=jpg&width=240,KIKO MILANO Days In Bloom 3-In-1 Silky All-Over 01 Endless sand,90.5,,4.516338972281476,0.18535585619499154,0,0,0,2,0
,Noon,Highlighter ,https://www.noon.com/saudi-en/days-in-bloom-3-in-1-silky-all-over-03-creative-peach/ZD01547F4ED9C0BAFA3BEZ/p/?o=b3393833b10ee31a,https://f.nooncdn.com/p/pzsku/ZD01547F4ED9C0BAFA3BEZ/45/_/1705920970/7c3d9a54-3c1d-46ab-969c-eb3a2c2fe642.jpg?format=jpg&width=240,KIKO MILANO Days In Bloom 3-In-1 Silky All-Over 03 Creative peach,90.5,,4.516338972281476,0.18535585619499154,0,0,0,2,0
,Noon,Highlighter ,https://www.noon.com/saudi-en/glow-fusion-powder-highlighter-01-brilliant-champagne/N46554606A/p/?o=e33e14c7527346fb,https://f.nooncdn.com/p/v1618657085/N46554606A_1.jpg?format=jpg&width=240,KIKO MILANO Glow Fusion Powder Highlighter 01 Brilliant Champagne,84.0,,4.442651256490317,0.09537212978831733,0,0,0,2,0
,Noon,Highlighter ,https://www.noon.com/saudi-en/natural-highlight-contour/Z2BC42FED395F813CC65BZ/p/?o=z2bc42fed395f813cc65bz-1,https://f.nooncdn.com/p/pzsku/Z2BC42FED395F813CC65BZ/45/_/1708338864/d13cb968-8f15-4f3f-8739-dd682f1e355e.jpg?format=jpg&width=240,KILLFE Natural Highlight & Contour,89.0,,4.499809670330265,0.1651711053379224,0,0,0,2,0
,Amazon,Highlighter ,https://www.amazon.sa/-/en/LOreal-Paris-Highlighting-Palette-Glowing/dp/B07B5LY6TT/ref=sr_1_32?dib=eyJ2IjoiMSJ9.mOGXegs1a5ZmvcNVFYSl7gA3_4Q-Q_6hcGj58tXRJz9nOFOrNtNGMN56nJoAXQQKqZI2FEdGhuDXfBg1S_a8q2dy_PXRvknhhnDXFk8J8Xb9i3LUlbVGsJ1C_Qy9h4zNCDdTk-_n21euF7u8vRgpsubJSPFNG9vFLhBgIPJCzOwKguQxklSBi_Bq_shHsPwpD7waGN7dvK17BjkNaECWmtQIkD2GpRIK89id8ajrwE-a5gvwqO4J7oZI_WujPAAVjo4LoUUD6zH8A3sfR18gIlMs3Y0HbY0HTbMl8n0KIeQ.8WuJHvQ0Gf2hCPnSQfzXYshEhiIodna7SbqQybFUHV4&dib_tag=se&qid=1743940753&refinements=p_123%3A189527%7C2150197%7C234018%7C238299%7C249745%7C318378%7C400264%7C456738%7C665212%7C796178%2Cp_n_feature_eight_browse-bin%3A57516072031&rnid=57516066031&s=beauty&sr=1-32,https://m.media-amazon.com/images/I/51zlljPaOaL._AC_UL320_.jpg,L'Oreal Paris La Vie En Glow Highlighting Powder Palette for Warm Glowing,70.84,,4.274441423993944,-0.11003724386039103,1,0,3,2,0
,Noon,Highlighter ,https://www.noon.com/saudi-en/4-colour-fanatic-highlighter-palette-gbl427-sunlight-sensation/N29254798A/p/?o=fcbee1158677f08d,https://f.nooncdn.com/p/v1615920981/N29254798A_1.jpg?format=jpg&width=240,LA Girl 4 Colour Fanatic Highlighter Palette GBL427 Sunlight Sensation,65.0,,4.189654742026425,-0.21357446863633237,1,0,3,2,0
,Noon,Highlighter ,https://www.noon.com/saudi-en/highlighter-pro-multicolor-box/ZBD5A564F874AF8904F1DZ/p/?o=zbd5a564f874af8904f1dz-1,https://f.nooncdn.com/p/pzsku/ZBD5A564F874AF8904F1DZ/45/_/1659772798/9b73869d-7103-4a99-af3e-d77b64931a34.jpg?format=jpg&width=240,LOVEME Highlighter Pro multicolor box,55.0,,4.02535169073515,-0.41421307788671824,1,0,3,1,0
,Amazon,Highlighter ,https://www.amazon.sa/-/en/LOr%C3%A9al-LOreal-Crushed-Metallic-Highlighter/dp/B07BYWJW5Y/ref=sr_1_119?dib=eyJ2IjoiMSJ9.So8tDoGoidtbnHlY6DTkWbH0sVG8OhweCzQLdErLwumenkA02Gbcz-HhL8GSGCFt3mH_bRJUbBlJL6cp2VKHwrQjANxU5T54n6zsjd7y9-dm-7RiUoGyTSp-SMKS7fSDPDIpIrNYx0yBFMLxCf6vch9oSUCuZN-WjSLVq_v0s19gIwIBWRsRGBj0fu8nEaI4Bj86QLUyXIEuQ0WvRqf7t8tSXyS9OsAt0bbzxhWzcANuYbOeZNyb6cfzzNxuClR3Y0Iev508Y5G0gU_6Po-K4eb9QeWGnjul4ugzEgXItLE.vtap6_7zkDYdSey80pWycUiYUe7Fo5WqHlz-kxaWwyA&dib_tag=se&qid=1743940779&refinements=p_123%3A189527%7C2150197%7C234018%7C238299%7C249745%7C318378%7C400264%7C456738%7C665212%7C796178%2Cp_n_feature_eight_browse-bin%3A57516072031&rnid=57516066031&s=beauty&sr=1-119&xpid=wLByakBCaiGH_,https://m.media-amazon.com/images/I/A1vyDEYOz0L._AC_UL320_.jpg,L’Oréal Paris L'Oreal Crushed Foil Metallic Highlighter - 20 Gilded Glow,53.95,,4.006423680849631,-0.4373270100350357,1,0,3,1,0
,Amazon,Highlighter ,https://www.amazon.sa/-/en/LOr%C3%A9al-Paris-LOreal-Powder-Illuminator/dp/B00WSWF9G8/ref=sr_1_134?dib=eyJ2IjoiMSJ9.So8tDoGoidtbnHlY6DTkWbH0sVG8OhweCzQLdErLwumenkA02Gbcz-HhL8GSGCFt3mH_bRJUbBlJL6cp2VKHwrQjANxU5T54n6zsjd7y9-dm-7RiUoGyTSp-SMKS7fSDPDIpIrNYx0yBFMLxCf6vch9oSUCuZN-WjSLVq_v0s19gIwIBWRsRGBj0fu8nEaI4Bj86QLUyXIEuQ0WvRqf7t8tSXyS9OsAt0bbzxhWzcANuYbOeZNyb6cfzzNxuClR3Y0Iev508Y5G0gU_6Po-K4eb9QeWGnjul4ugzEgXItLE.vtap6_7zkDYdSey80pWycUiYUe7Fo5WqHlz-kxaWwyA&dib_tag=se&qid=1743940779&refinements=p_123%3A189527%7C2150197%7C234018%7C238299%7C249745%7C318378%7C400264%7C456738%7C665212%7C796178%2Cp_n_feature_eight_browse-bin%3A57516072031&rnid=57516066031&s=beauty&sr=1-134&xpid=wLByakBCaiGH_,https://m.media-amazon.com/images/I/516gOCvfs9L._AC_UL320_.jpg,"L’Oréal Paris L'Oreal True Match Lumi Powder Glow Illuminator, Rose, 0.31 oz.",118.37,9.167785,4.782227913106947,0.5100460362191372,0,0,0,2,0
,Amazon,Highlighter ,https://www.amazon.sa/-/en/LOr%C3%A9al-Paris-Match-Powder-Illuminator/dp/B071Z2TR41/ref=sr_1_127?dib=eyJ2IjoiMSJ9.So8tDoGoidtbnHlY6DTkWbH0sVG8OhweCzQLdErLwumenkA02Gbcz-HhL8GSGCFt3mH_bRJUbBlJL6cp2VKHwrQjANxU5T54n6zsjd7y9-dm-7RiUoGyTSp-SMKS7fSDPDIpIrNYx0yBFMLxCf6vch9oSUCuZN-WjSLVq_v0s19gIwIBWRsRGBj0fu8nEaI4Bj86QLUyXIEuQ0WvRqf7t8tSXyS9OsAt0bbzxhWzcANuYbOeZNyb6cfzzNxuClR3Y0Iev508Y5G0gU_6Po-K4eb9QeWGnjul4ugzEgXItLE.vtap6_7zkDYdSey80pWycUiYUe7Fo5WqHlz-kxaWwyA&dib_tag=se&qid=1743940779&refinements=p_123%3A189527%7C2150197%7C234018%7C238299%7C249745%7C318378%7C400264%7C456738%7C665212%7C796178%2Cp_n_feature_eight_browse-bin%3A57516072031&rnid=57516066031&s=beauty&sr=1-127&xpid=wLByakBCaiGH_,https://m.media-amazon.com/images/I/61xHpckNFRL._AC_UL320_.jpg,L’Oréal Paris True Match Powder Glow Illuminator Icy Glow,58.49,,4.085808231199814,-0.34038659625056106,1,0,3,1,0
,Noon,Highlighter ,https://www.noon.com/saudi-en/glow-makeup-palette-beige-pink-brown/N35885788A/p/?o=ae382a5c0e87fd8a,https://f.nooncdn.com/p/pnsku/N35885788A/45/_/1695705610/12042bc3-ad57-45d9-b7fa-3edbdc296b14.jpg?format=jpg&width=240,MAKE OVER 22 Glow Makeup Palette Beige/Pink/Brown,103.0,,4.6443908991413725,0.3417264184887791,0,0,0,2,0
,Noon,Highlighter ,https://www.noon.com/saudi-en/professional-glow-makeup-powder-multicolour/N33916479A/p/?o=d6b569015dcc9a1d,https://f.nooncdn.com/p/pnsku/N33916479A/45/_/1695705580/6bfab678-638e-41d5-a450-ce13da9fee1e.jpg?format=jpg&width=240,MAKE OVER 22 Professional Glow Makeup Powder Multicolour,60.0,,4.110873864173311,-0.30977770797819726,1,0,3,1,0
,Sephora,Highlighter ,https://www.sephora.me/sa-en/p/highlighter/P3794014,https://img-product.sephora.me/dw/image/v2/BKWK_PRD/on/demandware.static/-/Sites-masterCatalog_Sephora/default/dwdff0bc92/images/hi-res/SKU/SKU_891/487089_swatch.jpg,MILK MAKEUP HIGHLIGHTER,112.0,,4.727387818712341,0.44307807558773316,0,0,0,2,0
,Sephora,Highlighter ,https://www.sephora.me/sa-en/p/holographic-stick/P3794004,https://img-product.sephora.me/dw/image/v2/BKWK_PRD/on/demandware.static/-/Sites-masterCatalog_Sephora/default/dw75897b90/images/hi-res/SKU/SKU_879/485856_swatch.jpg,MILK MAKEUP HOLOGRAPHIC STICK,112.0,,4.727387818712341,0.44307807558773316,0,0,0,2,0
,Sephora,Highlighter ,https://www.sephora.me/sa-en/p/highlighter-cream-highlighter-stick/P10052592,https://img-product.sephora.me/dw/image/v2/BKWK_PRD/on/demandware.static/-/Sites-masterCatalog_Sephora/default/dw3e70c997/images/hi-res/SKU/SKU_4542/693379_swatch.jpg?sw=640&sh=640&sm=fit&q=85,MILK MAKEUP Highlighter - Cream Highlighter Stick,110.0,,4.709530201312334,0.42127125282026623,0,0,0,2,0
,Nahdi,Highlighter ,https://www.nahdionline.com/en-sa/makeup-revolution-glow-revolution-eternal-gold/pdp/101504419,"https://ecombe.nahdionline.com/media/catalog/product/r/e/revolution-glow-revolution-eternal-gold_1.jpg?width=265&height=265&canvas=265,265&optimize=high&bg-color=255,255,255&fit=bounds",Makeup Revolution Glow Revolution Eternal- Gold,70.84,,4.274441423993944,-0.11003724386039103,1,0,3,2,0
,Nahdi,Highlighter ,https://www.nahdionline.com/en-sa/makeup-revolution-i-heart-makeup-highlighter-goddess-of-faith/pdp/101231297,"https://ecombe.nahdionline.com/media/catalog/product/i/-/i-heart-makeup-blushing-hearts-highlighter-goddess-of-faith_1_1.jpg?width=265&height=265&canvas=265,265&optimize=high&bg-color=255,255,255&fit=bounds",Makeup Revolution I Heart Makeup Highlighter Goddess Of Faith,53.95,,4.006423680849631,-0.4373270100350357,1,0,3,1,0
,Nahdi,Highlighter ,https://www.nahdionline.com/en-sa/makeup-revolution-i-heart-makeup-highlighter-golden-goddess/pdp/101231300,"https://ecombe.nahdionline.com/media/catalog/product/i/-/i-heart-makeup-blushing-hearts-highlighter-golden-goddess_1_1.jpg?width=265&height=265&canvas=265,265&optimize=high&bg-color=255,255,255&fit=bounds",Makeup Revolution I Heart Makeup Highlighter Golden Goddess,53.95,,4.006423680849631,-0.4373270100350357,1,0,3,1,0
,Nahdi,Highlighter ,https://www.nahdionline.com/en-sa/makeup-revolution-liquid-highlighter-liquid-champagne/pdp/101230673,"https://ecombe.nahdionline.com/media/catalog/product/r/e/revolution-liquid-highlighter-liquid-champagne-1100x1100_1.jpg?width=265&height=265&canvas=265,265&optimize=high&bg-color=255,255,255&fit=bounds",Makeup Revolution Liquid Highlighter Liquid Champagne,53.95,,4.006423680849631,-0.4373270100350357,1,0,3,1,0
,Nahdi,Highlighter ,https://www.nahdionline.com/en-sa/makeup-revolution-liquid-highlighter-bronze-gold/pdp/101230690,"https://ecombe.nahdionline.com/media/catalog/product/r/e/revolution-liquid-highlighter-liquid-bronze-gold-1100x1100.jpg?width=265&height=265&canvas=265,265&optimize=high&bg-color=255,255,255&fit=bounds",Makeup Revolution Liquid Highlighter Bronze Gold,53.95,,4.006423680849631,-0.4373270100350357,1,0,3,1,0
,Nahdi,Highlighter ,https://www.nahdionline.com/en-sa/makeup-revolution-liquid-highlighter-rose-gold/pdp/101230681,"https://ecombe.nahdionline.com/media/catalog/product/m/a/makeup-revolution-liquid-highlighter-liquid-rose-gold-1100x1100_1.jpg?width=265&height=265&canvas=265,265&optimize=high&bg-color=255,255,255&fit=bounds",Makeup Revolution Liquid Highlighter Rose Gold,53.95,,4.006423680849631,-0.4373270100350357,1,0,3,1,0
,Amazon,Highlighter ,https://www.amazon.sa/-/en/Milani-Baked-Bronzer-Cruelty-Free-Highlight/dp/B00518N3VE/ref=sr_1_65?dib=eyJ2IjoiMSJ9.2wH-MaUvSk2byPj3bJgax3RlAb8EDgR-katLgJQ24lBndlhB2pj5nXAKj_V3E-77nwyVVqNx2iqQ38cM6p5Nuj6Q9RmQK0bolR9pPxTEs0SJbHbY_xwDJypHOObQbYPofgpKa1FDlNydj7srxwrK4MoT-ctbxpzZyfjnXfXdv8a9_5FEVxrWDIIkpRZP3oALjVZi4yQ5m9n7w_63Q9b0MU8bDFH9FzOyu_ws66IO7DB9XA-2nQAp-deABsk9UqJMLqa-fRk3V_6M46aoICHV8eHitYHFupFv9beCDfUFZfE.EK7TnUcFAqdVuhdaN7RS_lEPOtKom0tkikg7QzjtBio&dib_tag=se&qid=1743940776&refinements=p_123%3A189527%7C2150197%7C234018%7C238299%7C249745%7C318378%7C400264%7C456738%7C665212%7C796178%2Cp_n_feature_eight_browse-bin%3A57516072031&rnid=57516066031&s=beauty&sr=1-65&xpid=wLByakBCaiGH_,https://m.media-amazon.com/images/I/71qMX9lx3SL._AC_UL320_.jpg,"Milani Baked Bronzer - Glow (0.25 Ounce) Cruelty-Free Shimmer Bronzing Powder To Shape, Contour & Highlight Face",98.0,,4.59511985013459,0.28155909553685643,0,0,0,2,0
,Amazon,Highlighter ,https://www.amazon.sa/-/en/Milani-Baked-Highlighter-Rose-Italiana/dp/B08358MBNJ/ref=sr_1_34?dib=eyJ2IjoiMSJ9.mOGXegs1a5ZmvcNVFYSl7gA3_4Q-Q_6hcGj58tXRJz9nOFOrNtNGMN56nJoAXQQKqZI2FEdGhuDXfBg1S_a8q2dy_PXRvknhhnDXFk8J8Xb9i3LUlbVGsJ1C_Qy9h4zNCDdTk-_n21euF7u8vRgpsubJSPFNG9vFLhBgIPJCzOwKguQxklSBi_Bq_shHsPwpD7waGN7dvK17BjkNaECWmtQIkD2GpRIK89id8ajrwE-a5gvwqO4J7oZI_WujPAAVjo4LoUUD6zH8A3sfR18gIlMs3Y0HbY0HTbMl8n0KIeQ.8WuJHvQ0Gf2hCPnSQfzXYshEhiIodna7SbqQybFUHV4&dib_tag=se&qid=1743940753&refinements=p_123%3A189527%7C2150197%7C234018%7C238299%7C249745%7C318378%7C400264%7C456738%7C665212%7C796178%2Cp_n_feature_eight_browse-bin%3A57516072031&rnid=57516066031&s=beauty&sr=1-34,https://m.media-amazon.com/images/I/71NFP-c3E5L._AC_UL320_.jpg,"Milani Baked Highlighter (Rose Italiana) - Cruelty-Free Powder Highlighter, Highlight Face for a Shimmery or Matte Finish",97.0,,4.584967478670572,0.26916153094432393,0,0,0,2,0
,Amazon,Highlighter ,https://www.amazon.sa/-/en/Milani-Baked-Highlighter-Dolce-Perla/dp/B083574V27/ref=sr_1_100?dib=eyJ2IjoiMSJ9.So8tDoGoidtbnHlY6DTkWbH0sVG8OhweCzQLdErLwumenkA02Gbcz-HhL8GSGCFt3mH_bRJUbBlJL6cp2VKHwrQjANxU5T54n6zsjd7y9-dm-7RiUoGyTSp-SMKS7fSDPDIpIrNYx0yBFMLxCf6vch9oSUCuZN-WjSLVq_v0s19gIwIBWRsRGBj0fu8nEaI4Bj86QLUyXIEuQ0WvRqf7t8tSXyS9OsAt0bbzxhWzcANuYbOeZNyb6cfzzNxuClR3Y0Iev508Y5G0gU_6Po-K4eb9QeWGnjul4ugzEgXItLE.vtap6_7zkDYdSey80pWycUiYUe7Fo5WqHlz-kxaWwyA&dib_tag=se&qid=1743940779&refinements=p_123%3A189527%7C2150197%7C234018%7C238299%7C249745%7C318378%7C400264%7C456738%7C665212%7C796178%2Cp_n_feature_eight_browse-bin%3A57516072031&rnid=57516066031&s=beauty&sr=1-100&xpid=wLByakBCaiGH_,https://m.media-amazon.com/images/I/71DJ1fmVs9L._AC_UL320_.jpg,Milani Baked Highlighter - 110 Dolce Perla,81.72,,4.415461410760119,0.062169259907536835,0,0,0,2,0
,Amazon,Highlighter ,https://www.amazon.sa/-/en/Milani-Baked-Highlighter-Champagne-DOro/dp/B08358JGKV/ref=sr_1_29?dib=eyJ2IjoiMSJ9.mOGXegs1a5ZmvcNVFYSl7gA3_4Q-Q_6hcGj58tXRJz9nOFOrNtNGMN56nJoAXQQKqZI2FEdGhuDXfBg1S_a8q2dy_PXRvknhhnDXFk8J8Xb9i3LUlbVGsJ1C_Qy9h4zNCDdTk-_n21euF7u8vRgpsubJSPFNG9vFLhBgIPJCzOwKguQxklSBi_Bq_shHsPwpD7waGN7dvK17BjkNaECWmtQIkD2GpRIK89id8ajrwE-a5gvwqO4J7oZI_WujPAAVjo4LoUUD6zH8A3sfR18gIlMs3Y0HbY0HTbMl8n0KIeQ.8WuJHvQ0Gf2hCPnSQfzXYshEhiIodna7SbqQybFUHV4&dib_tag=se&qid=1743940753&refinements=p_123%3A189527%7C2150197%7C234018%7C238299%7C249745%7C318378%7C400264%7C456738%7C665212%7C796178%2Cp_n_feature_eight_browse-bin%3A57516072031&rnid=57516066031&s=beauty&sr=1-29,https://m.media-amazon.com/images/I/71f9-XgBAEL._AC_UL320_.jpg,Milani Baked Highlighter - 120 Champagne D'Oro,83.0,,4.430816798843313,0.08092048628646947,0,0,0,2,0
,Amazon,Highlighter ,https://www.amazon.sa/-/en/Milani-Illuminating-Face-Powder-Cruelty-Free/dp/B006N0BEY2/ref=sr_1_60?dib=eyJ2IjoiMSJ9.2wH-MaUvSk2byPj3bJgax3RlAb8EDgR-katLgJQ24lBndlhB2pj5nXAKj_V3E-77nwyVVqNx2iqQ38cM6p5Nuj6Q9RmQK0bolR9pPxTEs0SJbHbY_xwDJypHOObQbYPofgpKa1FDlNydj7srxwrK4MoT-ctbxpzZyfjnXfXdv8a9_5FEVxrWDIIkpRZP3oALjVZi4yQ5m9n7w_63Q9b0MU8bDFH9FzOyu_ws66IO7DB9XA-2nQAp-deABsk9UqJMLqa-fRk3V_6M46aoICHV8eHitYHFupFv9beCDfUFZfE.EK7TnUcFAqdVuhdaN7RS_lEPOtKom0tkikg7QzjtBio&dib_tag=se&qid=1743940776&refinements=p_123%3A189527%7C2150197%7C234018%7C238299%7C249745%7C318378%7C400264%7C456738%7C665212%7C796178%2Cp_n_feature_eight_browse-bin%3A57516072031&rnid=57516066031&s=beauty&sr=1-60&xpid=wLByakBCaiGH_,https://m.media-amazon.com/images/I/81B1tebltGL._AC_UL320_.jpg,"Milani Illuminating Face Powder - Beauty's Touch (0.35 Ounce) Cruelty-Free Highlighter, Blush & Bronzer in One Compact to Shape, Contour & Highlight",130.0,,4.875197323201151,0.6235755963674846,0,0,0,3,0
,Amazon,Highlighter ,https://www.amazon.sa/-/en/Milani-Intense-Bronzer-Cruelty-Free-Bronzing/dp/B07RQ1Q3RC/ref=sr_1_107?dib=eyJ2IjoiMSJ9.So8tDoGoidtbnHlY6DTkWbH0sVG8OhweCzQLdErLwumenkA02Gbcz-HhL8GSGCFt3mH_bRJUbBlJL6cp2VKHwrQjANxU5T54n6zsjd7y9-dm-7RiUoGyTSp-SMKS7fSDPDIpIrNYx0yBFMLxCf6vch9oSUCuZN-WjSLVq_v0s19gIwIBWRsRGBj0fu8nEaI4Bj86QLUyXIEuQ0WvRqf7t8tSXyS9OsAt0bbzxhWzcANuYbOeZNyb6cfzzNxuClR3Y0Iev508Y5G0gU_6Po-K4eb9QeWGnjul4ugzEgXItLE.vtap6_7zkDYdSey80pWycUiYUe7Fo5WqHlz-kxaWwyA&dib_tag=se&qid=1743940779&refinements=p_123%3A189527%7C2150197%7C234018%7C238299%7C249745%7C318378%7C400264%7C456738%7C665212%7C796178%2Cp_n_feature_eight_browse-bin%3A57516072031&rnid=57516066031&s=beauty&sr=1-107&xpid=wLByakBCaiGH_,https://m.media-amazon.com/images/I/812hh6DDAKL._AC_UL320_.jpg,Milani Intense Bronze Glow Face & Body Powder Bronzer (0.6 Ounce) Cruelty-Free Bronzing Powder for Face & Body - Shape & Contour for an All-Over Glow,125.56,,4.840716504019344,0.5814693570001628,0,0,0,3,0
,Amazon,Highlighter ,https://www.amazon.sa/-/en/Milani-All-Over-Bronzer-Radiant-Tan/dp/B00IODXQAG/ref=sr_1_135?dib=eyJ2IjoiMSJ9.So8tDoGoidtbnHlY6DTkWbH0sVG8OhweCzQLdErLwumenkA02Gbcz-HhL8GSGCFt3mH_bRJUbBlJL6cp2VKHwrQjANxU5T54n6zsjd7y9-dm-7RiUoGyTSp-SMKS7fSDPDIpIrNYx0yBFMLxCf6vch9oSUCuZN-WjSLVq_v0s19gIwIBWRsRGBj0fu8nEaI4Bj86QLUyXIEuQ0WvRqf7t8tSXyS9OsAt0bbzxhWzcANuYbOeZNyb6cfzzNxuClR3Y0Iev508Y5G0gU_6Po-K4eb9QeWGnjul4ugzEgXItLE.vtap6_7zkDYdSey80pWycUiYUe7Fo5WqHlz-kxaWwyA&dib_tag=se&qid=1743940779&refinements=p_123%3A189527%7C2150197%7C234018%7C238299%7C249745%7C318378%7C400264%7C456738%7C665212%7C796178%2Cp_n_feature_eight_browse-bin%3A57516072031&rnid=57516066031&s=beauty&sr=1-135&xpid=wLByakBCaiGH_,https://m.media-amazon.com/images/I/81Z4dWzgfVL._AC_UL320_.jpg,"Milani Xl All-Over Bronzer, Radiant Tan",88.37,,4.492785055393301,0.15659299945129865,0,0,0,2,0
,Noon,Highlighter ,https://www.noon.com/saudi-en/blooming-loose-powder-03-pearl/N29254535A/p/?o=a8bc2cb2945add6c,https://f.nooncdn.com/p/v1566675360/N29254535A_1.jpg?format=jpg&width=240,Miss Claire Blooming Loose Powder 03-Pearl,114.0,,4.74493212836325,0.46450230271530013,0,0,0,2,0
,Noon,Highlighter ,https://www.noon.com/saudi-en/shimmer-bricks-highlighter-03/N29255430A/p/?o=bc12062f6ba7b8ca,https://f.nooncdn.com/p/v1566675280/N29255430A_1.jpg?format=jpg&width=240,Miss Claire Shimmer Bricks Highlighter 03,102.0,,4.634728988229636,0.32992777961508396,0,0,0,2,0
,Noon,Highlighter ,https://www.noon.com/saudi-en/shimmer-bricks-highlighter-04/N29255503A/p/?o=e0052d24dc09523a,https://f.nooncdn.com/p/v1566675298/N29255503A_1.jpg?format=jpg&width=240,Miss Claire Shimmer Bricks Highlighter 04,99.0,,4.605170185988092,0.2938320593820082,0,0,0,2,0
,Noon,Highlighter ,https://www.noon.com/saudi-en/shimmer-bricks-highlighter-06-multicolour/N29254480A/p/?o=b493be06f1869b8e,https://f.nooncdn.com/p/v1566857007/N29254480A_1.jpg?format=jpg&width=240,Miss Claire Shimmer Bricks Highlighter 06 Multicolour,106.0,,4.672828834461906,0.3764533925030907,0,0,0,2,0
,Sephora,Highlighter ,https://www.sephora.me/sa-en/p/magnetic-nude-glimmer/P3599049,https://img-product.sephora.me/dw/image/v2/BKWK_PRD/on/demandware.static/-/Sites-masterCatalog_Sephora/default/dw84909a56/images/hi-res/SKU/SKU_523/460166_swatch.jpg,NUDESTIX Magnetic Nude Glimmer,121.0,,4.804021044733257,0.5366587107029588,0,0,0,2,0
,Amazon,Highlighter ,https://www.amazon.sa/-/en/NYX-Highlight-Contour-Palette-8-Shades/dp/B07MVXHFF4/ref=sr_1_50?dib=eyJ2IjoiMSJ9.2wH-MaUvSk2byPj3bJgax3RlAb8EDgR-katLgJQ24lBndlhB2pj5nXAKj_V3E-77nwyVVqNx2iqQ38cM6p5Nuj6Q9RmQK0bolR9pPxTEs0SJbHbY_xwDJypHOObQbYPofgpKa1FDlNydj7srxwrK4MoT-ctbxpzZyfjnXfXdv8a9_5FEVxrWDIIkpRZP3oALjVZi4yQ5m9n7w_63Q9b0MU8bDFH9FzOyu_ws66IO7DB9XA-2nQAp-deABsk9UqJMLqa-fRk3V_6M46aoICHV8eHitYHFupFv9beCDfUFZfE.EK7TnUcFAqdVuhdaN7RS_lEPOtKom0tkikg7QzjtBio&dib_tag=se&qid=1743940776&refinements=p_123%3A189527%7C2150197%7C234018%7C238299%7C249745%7C318378%7C400264%7C456738%7C665212%7C796178%2Cp_n_feature_eight_browse-bin%3A57516072031&rnid=57516066031&s=beauty&sr=1-50&xpid=wLByakBCaiGH_,https://m.media-amazon.com/images/I/513vVATvZ0L._AC_UL320_.jpg,"NYX Highlight and Contour Pro Palette, 8-Shades",100.0,,4.61512051684126,0.3059829021586378,0,0,0,2,0
,Amazon,Highlighter ,https://www.amazon.sa/-/en/NYX-PROFESSIONAL-MAKEUP-Born-Highlighter/dp/B09JBGR1XW/ref=sr_1_39?dib=eyJ2IjoiMSJ9.mOGXegs1a5ZmvcNVFYSl7gA3_4Q-Q_6hcGj58tXRJz9nOFOrNtNGMN56nJoAXQQKqZI2FEdGhuDXfBg1S_a8q2dy_PXRvknhhnDXFk8J8Xb9i3LUlbVGsJ1C_Qy9h4zNCDdTk-_n21euF7u8vRgpsubJSPFNG9vFLhBgIPJCzOwKguQxklSBi_Bq_shHsPwpD7waGN7dvK17BjkNaECWmtQIkD2GpRIK89id8ajrwE-a5gvwqO4J7oZI_WujPAAVjo4LoUUD6zH8A3sfR18gIlMs3Y0HbY0HTbMl8n0KIeQ.8WuJHvQ0Gf2hCPnSQfzXYshEhiIodna7SbqQybFUHV4&dib_tag=se&qid=1743940753&refinements=p_123%3A189527%7C2150197%7C234018%7C238299%7C249745%7C318378%7C400264%7C456738%7C665212%7C796178%2Cp_n_feature_eight_browse-bin%3A57516072031&rnid=57516066031&s=beauty&sr=1-39,https://m.media-amazon.com/images/I/91t4D6BgNbL._AC_UL320_.jpg,NYX PROFESSIONAL MAKEUP Born To Glow Icy Highlighter Duo - Bout The Bronze,97.03,,4.585273554273635,0.26953529505181506,0,0,0,2,0
,Amazon,Highlighter ,https://www.amazon.sa/-/en/NYX-PROFESSIONAL-MAKEUP-Illuminating-Chardonnay/dp/B0752RKW3J/ref=sr_1_123?dib=eyJ2IjoiMSJ9.So8tDoGoidtbnHlY6DTkWbH0sVG8OhweCzQLdErLwumenkA02Gbcz-HhL8GSGCFt3mH_bRJUbBlJL6cp2VKHwrQjANxU5T54n6zsjd7y9-dm-7RiUoGyTSp-SMKS7fSDPDIpIrNYx0yBFMLxCf6vch9oSUCuZN-WjSLVq_v0s19gIwIBWRsRGBj0fu8nEaI4Bj86QLUyXIEuQ0WvRqf7t8tSXyS9OsAt0bbzxhWzcANuYbOeZNyb6cfzzNxuClR3Y0Iev508Y5G0gU_6Po-K4eb9QeWGnjul4ugzEgXItLE.vtap6_7zkDYdSey80pWycUiYUe7Fo5WqHlz-kxaWwyA&dib_tag=se&qid=1743940779&refinements=p_123%3A189527%7C2150197%7C234018%7C238299%7C249745%7C318378%7C400264%7C456738%7C665212%7C796178%2Cp_n_feature_eight_browse-bin%3A57516072031&rnid=57516066031&s=beauty&sr=1-123&xpid=wLByakBCaiGH_,https://m.media-amazon.com/images/I/51DFQk+NshL._AC_UL320_.jpg,"NYX PROFESSIONAL MAKEUP Bright Idea Illuminating Stick, Chardonnay Shimmer, 0.21 Ounce",87.98,,4.488411625377895,0.15125238703388652,0,0,0,2,0
,Amazon,Highlighter ,https://www.amazon.sa/-/en/NYX-PROFESSIONAL-MAKEUP-Highlighter-Contour/dp/B07P9NG9XN/ref=sr_1_49?dib=eyJ2IjoiMSJ9.2wH-MaUvSk2byPj3bJgax3RlAb8EDgR-katLgJQ24lBndlhB2pj5nXAKj_V3E-77nwyVVqNx2iqQ38cM6p5Nuj6Q9RmQK0bolR9pPxTEs0SJbHbY_xwDJypHOObQbYPofgpKa1FDlNydj7srxwrK4MoT-ctbxpzZyfjnXfXdv8a9_5FEVxrWDIIkpRZP3oALjVZi4yQ5m9n7w_63Q9b0MU8bDFH9FzOyu_ws66IO7DB9XA-2nQAp-deABsk9UqJMLqa-fRk3V_6M46aoICHV8eHitYHFupFv9beCDfUFZfE.EK7TnUcFAqdVuhdaN7RS_lEPOtKom0tkikg7QzjtBio&dib_tag=se&qid=1743940776&refinements=p_123%3A189527%7C2150197%7C234018%7C238299%7C249745%7C318378%7C400264%7C456738%7C665212%7C796178%2Cp_n_feature_eight_browse-bin%3A57516072031&rnid=57516066031&s=beauty&sr=1-49&xpid=wLByakBCaiGH_,https://m.media-amazon.com/images/I/51mZhcOK2VL._AC_UL320_.jpg,NYX PROFESSIONAL MAKEUP Highlighter & Contour Set,105.0,,4.663439094112067,0.3649871146086281,0,0,0,2,0
,Amazon,Highlighter ,https://www.amazon.sa/-/en/NYX-Professional-Buttermelt-Highlighter-Resistant/dp/B0DX2MG9GZ/ref=sr_1_12?dib=eyJ2IjoiMSJ9.mOGXegs1a5ZmvcNVFYSl7gA3_4Q-Q_6hcGj58tXRJz9nOFOrNtNGMN56nJoAXQQKqZI2FEdGhuDXfBg1S_a8q2dy_PXRvknhhnDXFk8J8Xb9i3LUlbVGsJ1C_Qy9h4zNCDdTk-_n21euF7u8vRgpsubJSPFNG9vFLhBgIPJCzOwKguQxklSBi_Bq_shHsPwpD7waGN7dvK17BjkNaECWmtQIkD2GpRIK89id8ajrwE-a5gvwqO4J7oZI_WujPAAVjo4LoUUD6zH8A3sfR18gIlMs3Y0HbY0HTbMl8n0KIeQ.8WuJHvQ0Gf2hCPnSQfzXYshEhiIodna7SbqQybFUHV4&dib_tag=se&qid=1743940753&refinements=p_123%3A189527%7C2150197%7C234018%7C238299%7C249745%7C318378%7C400264%7C456738%7C665212%7C796178%2Cp_n_feature_eight_browse-bin%3A57516072031&rnid=57516066031&s=beauty&sr=1-12,https://m.media-amazon.com/images/I/81TuZzIouGL._AC_UL320_.jpg,"NYX Professional Makeup Buttermelt Bronzer, Powder Highlighter, 12 HR Wear, Fade & Transfer Resistant, Butta Ballin",74.99,,4.330601752681694,-0.041457079618773686,0,0,0,2,0
,Amazon,Highlighter ,https://www.amazon.sa/-/en/NYX-Professional-Buttermelt-Highlighter-Resistant/dp/B0DX2LKB5W/ref=sr_1_74?dib=eyJ2IjoiMSJ9.2wH-MaUvSk2byPj3bJgax3RlAb8EDgR-katLgJQ24lBndlhB2pj5nXAKj_V3E-77nwyVVqNx2iqQ38cM6p5Nuj6Q9RmQK0bolR9pPxTEs0SJbHbY_xwDJypHOObQbYPofgpKa1FDlNydj7srxwrK4MoT-ctbxpzZyfjnXfXdv8a9_5FEVxrWDIIkpRZP3oALjVZi4yQ5m9n7w_63Q9b0MU8bDFH9FzOyu_ws66IO7DB9XA-2nQAp-deABsk9UqJMLqa-fRk3V_6M46aoICHV8eHitYHFupFv9beCDfUFZfE.EK7TnUcFAqdVuhdaN7RS_lEPOtKom0tkikg7QzjtBio&dib_tag=se&qid=1743940776&refinements=p_123%3A189527%7C2150197%7C234018%7C238299%7C249745%7C318378%7C400264%7C456738%7C665212%7C796178%2Cp_n_feature_eight_browse-bin%3A57516072031&rnid=57516066031&s=beauty&sr=1-74&xpid=wLByakBCaiGH_,https://m.media-amazon.com/images/I/814KHWfgdRL._AC_UL320_.jpg,"NYX Professional Makeup Buttermelt Bronzer, Powder Highlighter, 12 HR Wear, Fade & Transfer Resistant, Butta Match",74.99,,4.330601752681694,-0.041457079618773686,0,0,0,2,0
,Amazon,Highlighter ,https://www.amazon.sa/-/en/NYX-Professional-Buttermelt-Highlighter-Resistant/dp/B0DZ2P3H7W/ref=sr_1_68?dib=eyJ2IjoiMSJ9.2wH-MaUvSk2byPj3bJgax3RlAb8EDgR-katLgJQ24lBndlhB2pj5nXAKj_V3E-77nwyVVqNx2iqQ38cM6p5Nuj6Q9RmQK0bolR9pPxTEs0SJbHbY_xwDJypHOObQbYPofgpKa1FDlNydj7srxwrK4MoT-ctbxpzZyfjnXfXdv8a9_5FEVxrWDIIkpRZP3oALjVZi4yQ5m9n7w_63Q9b0MU8bDFH9FzOyu_ws66IO7DB9XA-2nQAp-deABsk9UqJMLqa-fRk3V_6M46aoICHV8eHitYHFupFv9beCDfUFZfE.EK7TnUcFAqdVuhdaN7RS_lEPOtKom0tkikg7QzjtBio&dib_tag=se&qid=1743940776&refinements=p_123%3A189527%7C2150197%7C234018%7C238299%7C249745%7C318378%7C400264%7C456738%7C665212%7C796178%2Cp_n_feature_eight_browse-bin%3A57516072031&rnid=57516066031&s=beauty&sr=1-68&xpid=wLByakBCaiGH_,https://m.media-amazon.com/images/I/614CGYau4SL._AC_UL320_.jpg,"NYX Professional Makeup Buttermelt Bronzer, Powder Highlighter, 12 HR Wear, Fade & Transfer Resistant, No 1 Butta",106.07,,4.673482826170178,0.377252014231524,0,0,0,2,0
,Amazon,Highlighter ,https://www.amazon.sa/-/en/NYX-Professional-Buttermelt-Highlighter-Resistant/dp/B0DZ2K9DLD/ref=sr_1_73?dib=eyJ2IjoiMSJ9.2wH-MaUvSk2byPj3bJgax3RlAb8EDgR-katLgJQ24lBndlhB2pj5nXAKj_V3E-77nwyVVqNx2iqQ38cM6p5Nuj6Q9RmQK0bolR9pPxTEs0SJbHbY_xwDJypHOObQbYPofgpKa1FDlNydj7srxwrK4MoT-ctbxpzZyfjnXfXdv8a9_5FEVxrWDIIkpRZP3oALjVZi4yQ5m9n7w_63Q9b0MU8bDFH9FzOyu_ws66IO7DB9XA-2nQAp-deABsk9UqJMLqa-fRk3V_6M46aoICHV8eHitYHFupFv9beCDfUFZfE.EK7TnUcFAqdVuhdaN7RS_lEPOtKom0tkikg7QzjtBio&dib_tag=se&qid=1743940776&refinements=p_123%3A189527%7C2150197%7C234018%7C238299%7C249745%7C318378%7C400264%7C456738%7C665212%7C796178%2Cp_n_feature_eight_browse-bin%3A57516072031&rnid=57516066031&s=beauty&sr=1-73&xpid=wLByakBCaiGH_,https://m.media-amazon.com/images/I/61-9OdLtGhL._AC_UL320_.jpg,"NYX Professional Makeup Buttermelt Highlighter, Powder Highlighter, 12 HR Wear, Fade & Transfer Resistant, Butta Bling",106.33,,4.675908200493433,0.38021375917359895,0,0,0,2,0
,Amazon,Highlighter ,https://www.amazon.sa/-/en/NYX-Professional-Buttermelt-Highlighter-Resistant/dp/B0DZ2LZMM6/ref=sr_1_71?dib=eyJ2IjoiMSJ9.2wH-MaUvSk2byPj3bJgax3RlAb8EDgR-katLgJQ24lBndlhB2pj5nXAKj_V3E-77nwyVVqNx2iqQ38cM6p5Nuj6Q9RmQK0bolR9pPxTEs0SJbHbY_xwDJypHOObQbYPofgpKa1FDlNydj7srxwrK4MoT-ctbxpzZyfjnXfXdv8a9_5FEVxrWDIIkpRZP3oALjVZi4yQ5m9n7w_63Q9b0MU8bDFH9FzOyu_ws66IO7DB9XA-2nQAp-deABsk9UqJMLqa-fRk3V_6M46aoICHV8eHitYHFupFv9beCDfUFZfE.EK7TnUcFAqdVuhdaN7RS_lEPOtKom0tkikg7QzjtBio&dib_tag=se&qid=1743940776&refinements=p_123%3A189527%7C2150197%7C234018%7C238299%7C249745%7C318378%7C400264%7C456738%7C665212%7C796178%2Cp_n_feature_eight_browse-bin%3A57516072031&rnid=57516066031&s=beauty&sr=1-71&xpid=wLByakBCaiGH_,https://m.media-amazon.com/images/I/61I9nafvlqL._AC_UL320_.jpg,"NYX Professional Makeup Buttermelt Highlighter, Powder Highlighter, 12 HR Wear, Fade & Transfer Resistant, Butta Mint",106.33,,4.675908200493433,0.38021375917359895,0,0,0,2,0
,Amazon,Highlighter ,https://www.amazon.sa/-/en/NYX-Professional-Buttermelt-Highlighter-Resistant/dp/B0DZ2LY3WQ/ref=sr_1_72?dib=eyJ2IjoiMSJ9.2wH-MaUvSk2byPj3bJgax3RlAb8EDgR-katLgJQ24lBndlhB2pj5nXAKj_V3E-77nwyVVqNx2iqQ38cM6p5Nuj6Q9RmQK0bolR9pPxTEs0SJbHbY_xwDJypHOObQbYPofgpKa1FDlNydj7srxwrK4MoT-ctbxpzZyfjnXfXdv8a9_5FEVxrWDIIkpRZP3oALjVZi4yQ5m9n7w_63Q9b0MU8bDFH9FzOyu_ws66IO7DB9XA-2nQAp-deABsk9UqJMLqa-fRk3V_6M46aoICHV8eHitYHFupFv9beCDfUFZfE.EK7TnUcFAqdVuhdaN7RS_lEPOtKom0tkikg7QzjtBio&dib_tag=se&qid=1743940776&refinements=p_123%3A189527%7C2150197%7C234018%7C238299%7C249745%7C318378%7C400264%7C456738%7C665212%7C796178%2Cp_n_feature_eight_browse-bin%3A57516072031&rnid=57516066031&s=beauty&sr=1-72&xpid=wLByakBCaiGH_,https://m.media-amazon.com/images/I/71kOS+IY4eL._AC_UL320_.jpg,"NYX Professional Makeup Buttermelt Highlighter, Powder Highlighter, 12 HR Wear, Fade & Transfer Resistant, Butta in Bronze",105.99,,4.672735372150515,0.37633926103670967,0,0,0,2,0
,Amazon,Highlighter ,https://www.amazon.sa/-/en/NYX-Professional-Buttermelt-Highlighter-Resistant/dp/B0DZ2NNY3B/ref=sr_1_70?dib=eyJ2IjoiMSJ9.2wH-MaUvSk2byPj3bJgax3RlAb8EDgR-katLgJQ24lBndlhB2pj5nXAKj_V3E-77nwyVVqNx2iqQ38cM6p5Nuj6Q9RmQK0bolR9pPxTEs0SJbHbY_xwDJypHOObQbYPofgpKa1FDlNydj7srxwrK4MoT-ctbxpzZyfjnXfXdv8a9_5FEVxrWDIIkpRZP3oALjVZi4yQ5m9n7w_63Q9b0MU8bDFH9FzOyu_ws66IO7DB9XA-2nQAp-deABsk9UqJMLqa-fRk3V_6M46aoICHV8eHitYHFupFv9beCDfUFZfE.EK7TnUcFAqdVuhdaN7RS_lEPOtKom0tkikg7QzjtBio&dib_tag=se&qid=1743940776&refinements=p_123%3A189527%7C2150197%7C234018%7C238299%7C249745%7C318378%7C400264%7C456738%7C665212%7C796178%2Cp_n_feature_eight_browse-bin%3A57516072031&rnid=57516066031&s=beauty&sr=1-70&xpid=wLByakBCaiGH_,https://m.media-amazon.com/images/I/61aMj06dUBL._AC_UL320_.jpg,"NYX Professional Makeup Buttermelt Highlighter, Powder Highlighter, 12 HR Wear, Fade & Transfer Resistant, Glaze it Butta",105.99,,4.672735372150515,0.37633926103670967,0,0,0,2,0
,Amazon,Highlighter ,https://www.amazon.sa/-/en/NYX-Professional-Buttermelt-Highlighter-Resistant/dp/B0DZ2NPYV2/ref=sr_1_69?dib=eyJ2IjoiMSJ9.2wH-MaUvSk2byPj3bJgax3RlAb8EDgR-katLgJQ24lBndlhB2pj5nXAKj_V3E-77nwyVVqNx2iqQ38cM6p5Nuj6Q9RmQK0bolR9pPxTEs0SJbHbY_xwDJypHOObQbYPofgpKa1FDlNydj7srxwrK4MoT-ctbxpzZyfjnXfXdv8a9_5FEVxrWDIIkpRZP3oALjVZi4yQ5m9n7w_63Q9b0MU8bDFH9FzOyu_ws66IO7DB9XA-2nQAp-deABsk9UqJMLqa-fRk3V_6M46aoICHV8eHitYHFupFv9beCDfUFZfE.EK7TnUcFAqdVuhdaN7RS_lEPOtKom0tkikg7QzjtBio&dib_tag=se&qid=1743940776&refinements=p_123%3A189527%7C2150197%7C234018%7C238299%7C249745%7C318378%7C400264%7C456738%7C665212%7C796178%2Cp_n_feature_eight_browse-bin%3A57516072031&rnid=57516066031&s=beauty&sr=1-69&xpid=wLByakBCaiGH_,https://m.media-amazon.com/images/I/61jvWkINa0L._AC_UL320_.jpg,"NYX Professional Makeup Buttermelt Highlighter, Powder Highlighter, 12 HR Wear, Fade & Transfer Resistant, U Butta Werk",106.07,,4.673482826170178,0.377252014231524,0,0,0,2,0
,Amazon,Highlighter ,https://www.amazon.sa/-/en/Professional-MakEUp-Highlight-Contour-Palette/dp/B00TKJO1RK/ref=sr_1_6?dib=eyJ2IjoiMSJ9.mOGXegs1a5ZmvcNVFYSl7gA3_4Q-Q_6hcGj58tXRJz9nOFOrNtNGMN56nJoAXQQKqZI2FEdGhuDXfBg1S_a8q2dy_PXRvknhhnDXFk8J8Xb9i3LUlbVGsJ1C_Qy9h4zNCDdTk-_n21euF7u8vRgpsubJSPFNG9vFLhBgIPJCzOwKguQxklSBi_Bq_shHsPwpD7waGN7dvK17BjkNaECWmtQIkD2GpRIK89id8ajrwE-a5gvwqO4J7oZI_WujPAAVjo4LoUUD6zH8A3sfR18gIlMs3Y0HbY0HTbMl8n0KIeQ.8WuJHvQ0Gf2hCPnSQfzXYshEhiIodna7SbqQybFUHV4&dib_tag=se&qid=1743940753&refinements=p_123%3A189527%7C2150197%7C234018%7C238299%7C249745%7C318378%7C400264%7C456738%7C665212%7C796178%2Cp_n_feature_eight_browse-bin%3A57516072031&rnid=57516066031&s=beauty&sr=1-6,https://m.media-amazon.com/images/I/71xYhK0s-LL._AC_UL320_.jpg,"Nyx Professional MakEUp, Highlight & Contour Pro Palette - 01",100.0,,4.61512051684126,0.3059829021586378,0,0,0,2,0
,Amazon,Highlighter ,https://www.amazon.sa/-/en/Professional-Makeup-Highlighter-California-Booster/dp/B08VJ6FB2G/ref=sr_1_93?dib=eyJ2IjoiMSJ9.2wH-MaUvSk2byPj3bJgax3RlAb8EDgR-katLgJQ24lBndlhB2pj5nXAKj_V3E-77nwyVVqNx2iqQ38cM6p5Nuj6Q9RmQK0bolR9pPxTEs0SJbHbY_xwDJypHOObQbYPofgpKa1FDlNydj7srxwrK4MoT-ctbxpzZyfjnXfXdv8a9_5FEVxrWDIIkpRZP3oALjVZi4yQ5m9n7w_63Q9b0MU8bDFH9FzOyu_ws66IO7DB9XA-2nQAp-deABsk9UqJMLqa-fRk3V_6M46aoICHV8eHitYHFupFv9beCDfUFZfE.EK7TnUcFAqdVuhdaN7RS_lEPOtKom0tkikg7QzjtBio&dib_tag=se&qid=1743940776&refinements=p_123%3A189527%7C2150197%7C234018%7C238299%7C249745%7C318378%7C400264%7C456738%7C665212%7C796178%2Cp_n_feature_eight_browse-bin%3A57516072031&rnid=57516066031&s=beauty&sr=1-93&xpid=wLByakBCaiGH_,https://m.media-amazon.com/images/I/71IEjvh7vtL._AC_UL320_.jpg,"Nyx Professional Makeup Highlighter, California Beamin Glow Booster, 30 Gm",102.11,,4.635796379529852,0.33123122409963995,0,0,0,2,0
,Noon,Highlighter ,https://www.noon.com/saudi-en/3-in-1-nikkietutorials-everglow-highlighter/N19974936A/p/?o=a3453f737d004f1d,,OFRA 3-In-1 NikkieTutorials Everglow Highlighter,82.0,,4.418840607796598,0.06629576509690363,0,0,0,2,0
,Amazon,Highlighter ,https://www.amazon.sa/-/en/Ofra-result-feed-gl_beauty-part_number-OFRA-HIGHLIGHER-EVERGLOW/dp/B07NF49K43/ref=sr_1_36?dib=eyJ2IjoiMSJ9.mOGXegs1a5ZmvcNVFYSl7gA3_4Q-Q_6hcGj58tXRJz9nOFOrNtNGMN56nJoAXQQKqZI2FEdGhuDXfBg1S_a8q2dy_PXRvknhhnDXFk8J8Xb9i3LUlbVGsJ1C_Qy9h4zNCDdTk-_n21euF7u8vRgpsubJSPFNG9vFLhBgIPJCzOwKguQxklSBi_Bq_shHsPwpD7waGN7dvK17BjkNaECWmtQIkD2GpRIK89id8ajrwE-a5gvwqO4J7oZI_WujPAAVjo4LoUUD6zH8A3sfR18gIlMs3Y0HbY0HTbMl8n0KIeQ.8WuJHvQ0Gf2hCPnSQfzXYshEhiIodna7SbqQybFUHV4&dib_tag=se&qid=1743940753&refinements=p_123%3A189527%7C2150197%7C234018%7C238299%7C249745%7C318378%7C400264%7C456738%7C665212%7C796178%2Cp_n_feature_eight_browse-bin%3A57516072031&rnid=57516066031&s=beauty&sr=1-36,https://m.media-amazon.com/images/I/61mcmuZn8TL._AC_UL320_.jpg,OFRA HIGHLIGHER EVERGLOW,69.0,,4.248495242049359,-0.14172141417741196,1,0,3,2,0
,Noon,Highlighter ,https://www.noon.com/saudi-en/highlighter-paper-palette-hala-802/Z78C5710DB6FAF1E4ADF7Z/p/?o=z78c5710db6faf1e4adf7z-1,,OUD MILANO Highlighter Paper Palette Hala 802,101.25,,4.627420794922911,0.3210033821089493,0,0,0,2,0
,Amazon,Highlighter ,https://www.amazon.sa/-/en/Ofra-I0080362-Beverly-Hills-Highlighter/dp/B01N6T7P0R/ref=sr_1_23?dib=eyJ2IjoiMSJ9.mOGXegs1a5ZmvcNVFYSl7gA3_4Q-Q_6hcGj58tXRJz9nOFOrNtNGMN56nJoAXQQKqZI2FEdGhuDXfBg1S_a8q2dy_PXRvknhhnDXFk8J8Xb9i3LUlbVGsJ1C_Qy9h4zNCDdTk-_n21euF7u8vRgpsubJSPFNG9vFLhBgIPJCzOwKguQxklSBi_Bq_shHsPwpD7waGN7dvK17BjkNaECWmtQIkD2GpRIK89id8ajrwE-a5gvwqO4J7oZI_WujPAAVjo4LoUUD6zH8A3sfR18gIlMs3Y0HbY0HTbMl8n0KIeQ.8WuJHvQ0Gf2hCPnSQfzXYshEhiIodna7SbqQybFUHV4&dib_tag=se&qid=1743940753&refinements=p_123%3A189527%7C2150197%7C234018%7C238299%7C249745%7C318378%7C400264%7C456738%7C665212%7C796178%2Cp_n_feature_eight_browse-bin%3A57516072031&rnid=57516066031&s=beauty&sr=1-23,https://m.media-amazon.com/images/I/71opOvB+tvL._AC_UL320_.jpg,Ofra Beverly Hills Highlighter,70.0,,4.2626798770413155,-0.12439985249524282,1,0,3,2,0
,Amazon,Highlighter ,https://www.amazon.sa/-/en/Ofra-Cosmetics-Highlighters-Beautiful-Everglow/dp/B07CVMPS7G/ref=sr_1_52?dib=eyJ2IjoiMSJ9.2wH-MaUvSk2byPj3bJgax3RlAb8EDgR-katLgJQ24lBndlhB2pj5nXAKj_V3E-77nwyVVqNx2iqQ38cM6p5Nuj6Q9RmQK0bolR9pPxTEs0SJbHbY_xwDJypHOObQbYPofgpKa1FDlNydj7srxwrK4MoT-ctbxpzZyfjnXfXdv8a9_5FEVxrWDIIkpRZP3oALjVZi4yQ5m9n7w_63Q9b0MU8bDFH9FzOyu_ws66IO7DB9XA-2nQAp-deABsk9UqJMLqa-fRk3V_6M46aoICHV8eHitYHFupFv9beCDfUFZfE.EK7TnUcFAqdVuhdaN7RS_lEPOtKom0tkikg7QzjtBio&dib_tag=se&qid=1743940776&refinements=p_123%3A189527%7C2150197%7C234018%7C238299%7C249745%7C318378%7C400264%7C456738%7C665212%7C796178%2Cp_n_feature_eight_browse-bin%3A57516072031&rnid=57516066031&s=beauty&sr=1-52&xpid=wLByakBCaiGH_,https://m.media-amazon.com/images/I/71exdyp6HZL._AC_UL320_.jpg,Ofra Cosmetics Radiant Highlighters! Seven Beautiful Shades! Glazed Donut! Rodeo Drive! Pillow Talk! Beverly Hills! Everglow! Glow Goals! Only Blissful! Smooth Radiant Glow! (Only Blissful),78.0,,4.3694478524670215,0.005979820514704069,0,0,0,2,0
,Amazon,Highlighter ,https://www.amazon.sa/-/en/Ofra-result-feed-gl_beauty-part_number-Everglow-Highlighter-10g/dp/B07MW348KB/ref=sr_1_8?dib=eyJ2IjoiMSJ9.mOGXegs1a5ZmvcNVFYSl7gA3_4Q-Q_6hcGj58tXRJz9nOFOrNtNGMN56nJoAXQQKqZI2FEdGhuDXfBg1S_a8q2dy_PXRvknhhnDXFk8J8Xb9i3LUlbVGsJ1C_Qy9h4zNCDdTk-_n21euF7u8vRgpsubJSPFNG9vFLhBgIPJCzOwKguQxklSBi_Bq_shHsPwpD7waGN7dvK17BjkNaECWmtQIkD2GpRIK89id8ajrwE-a5gvwqO4J7oZI_WujPAAVjo4LoUUD6zH8A3sfR18gIlMs3Y0HbY0HTbMl8n0KIeQ.8WuJHvQ0Gf2hCPnSQfzXYshEhiIodna7SbqQybFUHV4&dib_tag=se&qid=1743940753&refinements=p_123%3A189527%7C2150197%7C234018%7C238299%7C249745%7C318378%7C400264%7C456738%7C665212%7C796178%2Cp_n_feature_eight_browse-bin%3A57516072031&rnid=57516066031&s=beauty&sr=1-8,https://m.media-amazon.com/images/I/61LZbzGCdYL._AC_UL320_.jpg,Ofra Everglow - Highlighter 10g,68.0,,4.23410650459726,-0.15929221550197334,1,0,3,2,0
,Amazon,Highlighter ,https://www.amazon.sa/-/en/Ofra-Glow-Goals-Highlighter-Brown/dp/B07711XK2V/ref=sr_1_22?dib=eyJ2IjoiMSJ9.mOGXegs1a5ZmvcNVFYSl7gA3_4Q-Q_6hcGj58tXRJz9nOFOrNtNGMN56nJoAXQQKqZI2FEdGhuDXfBg1S_a8q2dy_PXRvknhhnDXFk8J8Xb9i3LUlbVGsJ1C_Qy9h4zNCDdTk-_n21euF7u8vRgpsubJSPFNG9vFLhBgIPJCzOwKguQxklSBi_Bq_shHsPwpD7waGN7dvK17BjkNaECWmtQIkD2GpRIK89id8ajrwE-a5gvwqO4J7oZI_WujPAAVjo4LoUUD6zH8A3sfR18gIlMs3Y0HbY0HTbMl8n0KIeQ.8WuJHvQ0Gf2hCPnSQfzXYshEhiIodna7SbqQybFUHV4&dib_tag=se&qid=1743940753&refinements=p_123%3A189527%7C2150197%7C234018%7C238299%7C249745%7C318378%7C400264%7C456738%7C665212%7C796178%2Cp_n_feature_eight_browse-bin%3A57516072031&rnid=57516066031&s=beauty&sr=1-22,https://m.media-amazon.com/images/I/71qu5WB8qHL._AC_UL320_.jpg,"Ofra Glow Goals Highlighter, Brown 05",64.98,,4.1893516658004355,-0.2139445700556397,1,0,3,2,0
,Amazon,Highlighter ,https://www.amazon.sa/-/en/Ofra-Glow-Highlighter-Palette-Multicolour/dp/B07L3HKPC7/ref=sr_1_7?dib=eyJ2IjoiMSJ9.mOGXegs1a5ZmvcNVFYSl7gA3_4Q-Q_6hcGj58tXRJz9nOFOrNtNGMN56nJoAXQQKqZI2FEdGhuDXfBg1S_a8q2dy_PXRvknhhnDXFk8J8Xb9i3LUlbVGsJ1C_Qy9h4zNCDdTk-_n21euF7u8vRgpsubJSPFNG9vFLhBgIPJCzOwKguQxklSBi_Bq_shHsPwpD7waGN7dvK17BjkNaECWmtQIkD2GpRIK89id8ajrwE-a5gvwqO4J7oZI_WujPAAVjo4LoUUD6zH8A3sfR18gIlMs3Y0HbY0HTbMl8n0KIeQ.8WuJHvQ0Gf2hCPnSQfzXYshEhiIodna7SbqQybFUHV4&dib_tag=se&qid=1743940753&refinements=p_123%3A189527%7C2150197%7C234018%7C238299%7C249745%7C318378%7C400264%7C456738%7C665212%7C796178%2Cp_n_feature_eight_browse-bin%3A57516072031&rnid=57516066031&s=beauty&sr=1-7,https://m.media-amazon.com/images/I/61Ze0dIsDHL._AC_UL320_.jpg,Ofra Glow Up Highlighter Palette Multicolour,125.0,,4.836281906951478,0.5760540504596583,0,0,0,3,0
,Amazon,Highlighter ,https://www.amazon.sa/-/en/Ofra-Highlighter-Bronzer/dp/B08GXZ283K/ref=sr_1_11?dib=eyJ2IjoiMSJ9.mOGXegs1a5ZmvcNVFYSl7gA3_4Q-Q_6hcGj58tXRJz9nOFOrNtNGMN56nJoAXQQKqZI2FEdGhuDXfBg1S_a8q2dy_PXRvknhhnDXFk8J8Xb9i3LUlbVGsJ1C_Qy9h4zNCDdTk-_n21euF7u8vRgpsubJSPFNG9vFLhBgIPJCzOwKguQxklSBi_Bq_shHsPwpD7waGN7dvK17BjkNaECWmtQIkD2GpRIK89id8ajrwE-a5gvwqO4J7oZI_WujPAAVjo4LoUUD6zH8A3sfR18gIlMs3Y0HbY0HTbMl8n0KIeQ.8WuJHvQ0Gf2hCPnSQfzXYshEhiIodna7SbqQybFUHV4&dib_tag=se&qid=1743940753&refinements=p_123%3A189527%7C2150197%7C234018%7C238299%7C249745%7C318378%7C400264%7C456738%7C665212%7C796178%2Cp_n_feature_eight_browse-bin%3A57516072031&rnid=57516066031&s=beauty&sr=1-11,https://m.media-amazon.com/images/I/61xh5x1By2L._AC_UL320_.jpg,Ofra Highlighter Bronzer,78.98,,4.381776603418673,0.021035070099499925,0,0,0,2,0
,Amazon,Highlighter ,https://www.amazon.sa/-/en/Ofra-Highlighter-Pigment-Highlighters-Gorgeous/dp/B07R6BSKR7/ref=sr_1_45?dib=eyJ2IjoiMSJ9.mOGXegs1a5ZmvcNVFYSl7gA3_4Q-Q_6hcGj58tXRJz9nOFOrNtNGMN56nJoAXQQKqZI2FEdGhuDXfBg1S_a8q2dy_PXRvknhhnDXFk8J8Xb9i3LUlbVGsJ1C_Qy9h4zNCDdTk-_n21euF7u8vRgpsubJSPFNG9vFLhBgIPJCzOwKguQxklSBi_Bq_shHsPwpD7waGN7dvK17BjkNaECWmtQIkD2GpRIK89id8ajrwE-a5gvwqO4J7oZI_WujPAAVjo4LoUUD6zH8A3sfR18gIlMs3Y0HbY0HTbMl8n0KIeQ.8WuJHvQ0Gf2hCPnSQfzXYshEhiIodna7SbqQybFUHV4&dib_tag=se&qid=1743940753&refinements=p_123%3A189527%7C2150197%7C234018%7C238299%7C249745%7C318378%7C400264%7C456738%7C665212%7C796178%2Cp_n_feature_eight_browse-bin%3A57516072031&rnid=57516066031&s=beauty&sr=1-45,https://m.media-amazon.com/images/I/61aNQ-K1PeL._AC_UL320_.jpg,Ofra Highlighter Makeup! Plush And Pearl Pigment Highlighters! Smooth and Soft and Easy To Apply! Shade Colors Brings Such Gorgeous Glow! Choose Your Face Highlighter! (All Of The Lights),84.98,,4.454114711068136,0.10937072303185433,0,0,0,2,0
,Amazon,Highlighter ,https://www.amazon.sa/-/en/Ofra-Highlighter-Refill-Beverly-Hills/dp/B087PYDS5J/ref=sr_1_51?dib=eyJ2IjoiMSJ9.2wH-MaUvSk2byPj3bJgax3RlAb8EDgR-katLgJQ24lBndlhB2pj5nXAKj_V3E-77nwyVVqNx2iqQ38cM6p5Nuj6Q9RmQK0bolR9pPxTEs0SJbHbY_xwDJypHOObQbYPofgpKa1FDlNydj7srxwrK4MoT-ctbxpzZyfjnXfXdv8a9_5FEVxrWDIIkpRZP3oALjVZi4yQ5m9n7w_63Q9b0MU8bDFH9FzOyu_ws66IO7DB9XA-2nQAp-deABsk9UqJMLqa-fRk3V_6M46aoICHV8eHitYHFupFv9beCDfUFZfE.EK7TnUcFAqdVuhdaN7RS_lEPOtKom0tkikg7QzjtBio&dib_tag=se&qid=1743940776&refinements=p_123%3A189527%7C2150197%7C234018%7C238299%7C249745%7C318378%7C400264%7C456738%7C665212%7C796178%2Cp_n_feature_eight_browse-bin%3A57516072031&rnid=57516066031&s=beauty&sr=1-51&xpid=wLByakBCaiGH_,https://m.media-amazon.com/images/I/61rAZKf1AwL._AC_UL320_.jpg,Ofra Highlighter Refill - Beverly Hills,75.0,,4.330733340286331,-0.041296391464892404,0,0,0,2,0
,Amazon,Highlighter ,https://www.amazon.sa/-/en/Ofra-result-feed-gl_beauty-part_number-Highllighter-Blissful/dp/B07NF3LRX2/ref=sr_1_38?dib=eyJ2IjoiMSJ9.mOGXegs1a5ZmvcNVFYSl7gA3_4Q-Q_6hcGj58tXRJz9nOFOrNtNGMN56nJoAXQQKqZI2FEdGhuDXfBg1S_a8q2dy_PXRvknhhnDXFk8J8Xb9i3LUlbVGsJ1C_Qy9h4zNCDdTk-_n21euF7u8vRgpsubJSPFNG9vFLhBgIPJCzOwKguQxklSBi_Bq_shHsPwpD7waGN7dvK17BjkNaECWmtQIkD2GpRIK89id8ajrwE-a5gvwqO4J7oZI_WujPAAVjo4LoUUD6zH8A3sfR18gIlMs3Y0HbY0HTbMl8n0KIeQ.8WuJHvQ0Gf2hCPnSQfzXYshEhiIodna7SbqQybFUHV4&dib_tag=se&qid=1743940753&refinements=p_123%3A189527%7C2150197%7C234018%7C238299%7C249745%7C318378%7C400264%7C456738%7C665212%7C796178%2Cp_n_feature_eight_browse-bin%3A57516072031&rnid=57516066031&s=beauty&sr=1-38,https://m.media-amazon.com/images/I/81JBgzzW+sL._AC_UL320_.jpg,Ofra Highllighter - Blissful,68.5,,4.241326752570746,-0.1504752124064249,1,0,3,2,0
,Amazon,Highlighter ,https://www.amazon.sa/-/en/Ofra-Lighting-for-the-face/dp/B081V5QBR1/ref=sr_1_101?dib=eyJ2IjoiMSJ9.So8tDoGoidtbnHlY6DTkWbH0sVG8OhweCzQLdErLwumenkA02Gbcz-HhL8GSGCFt3mH_bRJUbBlJL6cp2VKHwrQjANxU5T54n6zsjd7y9-dm-7RiUoGyTSp-SMKS7fSDPDIpIrNYx0yBFMLxCf6vch9oSUCuZN-WjSLVq_v0s19gIwIBWRsRGBj0fu8nEaI4Bj86QLUyXIEuQ0WvRqf7t8tSXyS9OsAt0bbzxhWzcANuYbOeZNyb6cfzzNxuClR3Y0Iev508Y5G0gU_6Po-K4eb9QeWGnjul4ugzEgXItLE.vtap6_7zkDYdSey80pWycUiYUe7Fo5WqHlz-kxaWwyA&dib_tag=se&qid=1743940779&refinements=p_123%3A189527%7C2150197%7C234018%7C238299%7C249745%7C318378%7C400264%7C456738%7C665212%7C796178%2Cp_n_feature_eight_browse-bin%3A57516072031&rnid=57516066031&s=beauty&sr=1-101&xpid=wLByakBCaiGH_,https://m.media-amazon.com/images/I/61b9waQVo3L._AC_UL320_.jpg,Ofra Lighting for the face,95.0,,4.564348191467836,0.24398229613658334,0,0,0,2,0
,Amazon,Highlighter ,https://www.amazon.sa/-/en/Ofra-Womens-Highlighter-0-35oz-White/dp/B01N9U073G/ref=sr_1_20?dib=eyJ2IjoiMSJ9.mOGXegs1a5ZmvcNVFYSl7gA3_4Q-Q_6hcGj58tXRJz9nOFOrNtNGMN56nJoAXQQKqZI2FEdGhuDXfBg1S_a8q2dy_PXRvknhhnDXFk8J8Xb9i3LUlbVGsJ1C_Qy9h4zNCDdTk-_n21euF7u8vRgpsubJSPFNG9vFLhBgIPJCzOwKguQxklSBi_Bq_shHsPwpD7waGN7dvK17BjkNaECWmtQIkD2GpRIK89id8ajrwE-a5gvwqO4J7oZI_WujPAAVjo4LoUUD6zH8A3sfR18gIlMs3Y0HbY0HTbMl8n0KIeQ.8WuJHvQ0Gf2hCPnSQfzXYshEhiIodna7SbqQybFUHV4&dib_tag=se&qid=1743940753&refinements=p_123%3A189527%7C2150197%7C234018%7C238299%7C249745%7C318378%7C400264%7C456738%7C665212%7C796178%2Cp_n_feature_eight_browse-bin%3A57516072031&rnid=57516066031&s=beauty&sr=1-20,https://m.media-amazon.com/images/I/711mU6oFwBL._AC_UL320_.jpg,"Ofra Women's Highlighter (0.35oz, White)",77.21,10.350724999999999,4.35939751661352,-0.00629314333044657,0,0,0,2,0
,Amazon,Highlighter ,https://www.amazon.sa/-/en/Ofra-Cookies-Highlighter-Champagne-Undertones/dp/B091BL9ZKS/ref=sr_1_92?dib=eyJ2IjoiMSJ9.2wH-MaUvSk2byPj3bJgax3RlAb8EDgR-katLgJQ24lBndlhB2pj5nXAKj_V3E-77nwyVVqNx2iqQ38cM6p5Nuj6Q9RmQK0bolR9pPxTEs0SJbHbY_xwDJypHOObQbYPofgpKa1FDlNydj7srxwrK4MoT-ctbxpzZyfjnXfXdv8a9_5FEVxrWDIIkpRZP3oALjVZi4yQ5m9n7w_63Q9b0MU8bDFH9FzOyu_ws66IO7DB9XA-2nQAp-deABsk9UqJMLqa-fRk3V_6M46aoICHV8eHitYHFupFv9beCDfUFZfE.EK7TnUcFAqdVuhdaN7RS_lEPOtKom0tkikg7QzjtBio&dib_tag=se&qid=1743940776&refinements=p_123%3A189527%7C2150197%7C234018%7C238299%7C249745%7C318378%7C400264%7C456738%7C665212%7C796178%2Cp_n_feature_eight_browse-bin%3A57516072031&rnid=57516066031&s=beauty&sr=1-92&xpid=wLByakBCaiGH_,https://m.media-amazon.com/images/I/613jKctGv4L._AC_UL320_.jpg,Ofra X Steph Toms Milk & Cookies Highlighter 0.35 Oz! Champagne Pear And Warm Champagne With Bronze Undertones Compact Highlighter! Vegan & Cruelty Free Highlighter Makeup!,75.0,10.350724999999999,4.330733340286331,-0.041296391464892404,0,0,0,2,0
,Amazon,Highlighter ,https://www.amazon.sa/-/en/Ofra-%D8%A7%D8%B6%D8%A7%D8%A1%D8%A9-%D8%A7%D9%88%D9%81%D8%B1%D8%A7-%D8%A7%D9%84%D8%AE%D9%85%D8%A7%D8%B3%D9%8A%D8%A9-%D9%81%D9%8A/dp/B07V45F9Q9/ref=sr_1_25?dib=eyJ2IjoiMSJ9.mOGXegs1a5ZmvcNVFYSl7gA3_4Q-Q_6hcGj58tXRJz9nOFOrNtNGMN56nJoAXQQKqZI2FEdGhuDXfBg1S_a8q2dy_PXRvknhhnDXFk8J8Xb9i3LUlbVGsJ1C_Qy9h4zNCDdTk-_n21euF7u8vRgpsubJSPFNG9vFLhBgIPJCzOwKguQxklSBi_Bq_shHsPwpD7waGN7dvK17BjkNaECWmtQIkD2GpRIK89id8ajrwE-a5gvwqO4J7oZI_WujPAAVjo4LoUUD6zH8A3sfR18gIlMs3Y0HbY0HTbMl8n0KIeQ.8WuJHvQ0Gf2hCPnSQfzXYshEhiIodna7SbqQybFUHV4&dib_tag=se&qid=1743940753&refinements=p_123%3A189527%7C2150197%7C234018%7C238299%7C249745%7C318378%7C400264%7C456738%7C665212%7C796178%2Cp_n_feature_eight_browse-bin%3A57516072031&rnid=57516066031&s=beauty&sr=1-25,https://m.media-amazon.com/images/I/610JIjJWJsL._AC_UL320_.jpg,Ofra اضاءة اوفرا الخماسية 5 في 1,79.96,,4.3939552055391555,0.03590696549562167,0,0,0,2,0
,Amazon,Highlighter ,https://www.amazon.sa/-/en/Ofra-7744112588948-Ofra-All-Lights-Highlighter/dp/B07N65KYQY/ref=sr_1_4?dib=eyJ2IjoiMSJ9.mOGXegs1a5ZmvcNVFYSl7gA3_4Q-Q_6hcGj58tXRJz9nOFOrNtNGMN56nJoAXQQKqZI2FEdGhuDXfBg1S_a8q2dy_PXRvknhhnDXFk8J8Xb9i3LUlbVGsJ1C_Qy9h4zNCDdTk-_n21euF7u8vRgpsubJSPFNG9vFLhBgIPJCzOwKguQxklSBi_Bq_shHsPwpD7waGN7dvK17BjkNaECWmtQIkD2GpRIK89id8ajrwE-a5gvwqO4J7oZI_WujPAAVjo4LoUUD6zH8A3sfR18gIlMs3Y0HbY0HTbMl8n0KIeQ.8WuJHvQ0Gf2hCPnSQfzXYshEhiIodna7SbqQybFUHV4&dib_tag=se&qid=1743940753&refinements=p_123%3A189527%7C2150197%7C234018%7C238299%7C249745%7C318378%7C400264%7C456738%7C665212%7C796178%2Cp_n_feature_eight_browse-bin%3A57516072031&rnid=57516066031&s=beauty&sr=1-4,https://m.media-amazon.com/images/I/61aNQ-K1PeL._AC_UL320_.jpg,Ofra-All Of The Lights - Ofra - Highlighter,68.98,,4.248209486939542,-0.14207036392222394,1,0,3,2,0
,Noon,Highlighter ,https://www.noon.com/saudi-en/palladio-highlighter/Z86D43C438476563DD004Z/p/?o=z86d43c438476563dd004z-1,https://f.nooncdn.com/p/pzsku/Z86D43C438476563DD004Z/45/_/1682494919/93268e96-1edd-4345-8d5e-a2ec90395faf.jpg?format=jpg&width=240,PALLADIO PALLADIO Highlighter,72.0,,4.290459441148391,-0.09047684824047324,1,0,0,2,0
,Noon,Highlighter ,https://www.noon.com/saudi-en/palladio-highlighter/Z950D2E736465401F64C6Z/p/?o=z950d2e736465401f64c6z-1,,PALLADIO Palladio Highlighter,72.0,,4.290459441148391,-0.09047684824047324,1,0,0,2,0
,Noon,Highlighter ,https://www.noon.com/saudi-en/palladio-sunkissed-highlighter/Z9DD9237FECB13160A3DEZ/p/?o=z9dd9237fecb13160a3dez-1,https://f.nooncdn.com/p/pzsku/Z9DD9237FECB13160A3DEZ/45/_/1682494343/5ba30f2c-6b6d-436b-9dfe-48e22b9f001b.jpg?format=jpg&width=240,PALLADIO Palladio Sunkissed Highlighter,100.0,,4.61512051684126,0.3059829021586378,0,0,0,2,0
,Sephora,Highlighter ,https://www.sephora.me/sa-en/p/on-the-glow-superglow/P10056322,https://img-product.sephora.me/dw/image/v2/BKWK_PRD/on/demandware.static/-/Sites-masterCatalog_Sephora/default/dw7270ae22/images/hi-res/SKU/SKU_4863/720347_swatch.jpg?sw=640&sh=640&sm=fit&q=85,PIXI On-the-Glow SuperGlow,125.0,,4.836281906951478,0.5760540504596583,0,0,0,3,0
,Sephora,Highlighter ,https://www.sephora.me/sa-en/p/mini-positive-light-liquid-luminizer/P10057895,https://img-product.sephora.me/dw/image/v2/BKWK_PRD/on/demandware.static/-/Sites-masterCatalog_Sephora/default/dw94a9d05c/images/hi-res/SKU/SKU_5429/736578_swatch.jpg?sw=640&sh=640&sm=fit&q=85,RARE BEAUTY Mini Positive Light Liquid Luminizer,110.0,,4.709530201312334,0.42127125282026623,0,0,0,2,0
,Noon,Highlighter ,https://www.noon.com/saudi-en/glow-revolution-timeless-bronze/N43333574A/p/?o=df6914dd05c3184a,https://f.nooncdn.com/p/v1618149032/N43333574A_1.jpg?format=jpg&width=240,REVOLUTION Glow Revolution Timeless Bronze,76.0,,4.343805421853684,-0.025333423978477914,0,0,0,2,0
,Noon,Highlighter ,https://www.noon.com/saudi-en/loose-baking-powder-banana-yellow/N40871308A/p/?o=a6f2b5e809c6567c,https://f.nooncdn.com/p/v1688722791/N40871308A_1.jpg?format=jpg&width=240,REVOLUTION Loose Baking Powder Banana Yellow,68.0,,4.23410650459726,-0.15929221550197334,1,0,3,2,0
,Noon,Highlighter ,https://www.noon.com/saudi-en/vintage-lace-highlighter-palette/Z9694EA7BCF58ECA0EF0FZ/p/?o=z9694ea7bcf58eca0ef0fz-1,,REVOLUTION Vintage Lace Highlighter Palette,95.0,,4.564348191467836,0.24398229613658334,0,0,0,2,0
,Amazon,Highlighter ,https://www.amazon.sa/-/en/Revolution-Beauty-London-Iluminador-Bright/dp/B0BKHBG9KC/ref=sr_1_83?dib=eyJ2IjoiMSJ9.2wH-MaUvSk2byPj3bJgax3RlAb8EDgR-katLgJQ24lBndlhB2pj5nXAKj_V3E-77nwyVVqNx2iqQ38cM6p5Nuj6Q9RmQK0bolR9pPxTEs0SJbHbY_xwDJypHOObQbYPofgpKa1FDlNydj7srxwrK4MoT-ctbxpzZyfjnXfXdv8a9_5FEVxrWDIIkpRZP3oALjVZi4yQ5m9n7w_63Q9b0MU8bDFH9FzOyu_ws66IO7DB9XA-2nQAp-deABsk9UqJMLqa-fRk3V_6M46aoICHV8eHitYHFupFv9beCDfUFZfE.EK7TnUcFAqdVuhdaN7RS_lEPOtKom0tkikg7QzjtBio&dib_tag=se&qid=1743940776&refinements=p_123%3A189527%7C2150197%7C234018%7C238299%7C249745%7C318378%7C400264%7C456738%7C665212%7C796178%2Cp_n_feature_eight_browse-bin%3A57516072031&rnid=57516066031&s=beauty&sr=1-83&xpid=wLByakBCaiGH_,https://m.media-amazon.com/images/I/51bkGPceL2L._AC_UL320_.jpg,Revolution Beauty London Iluminador Bright Light - Radiance Bronz,65.0,,4.189654742026425,-0.21357446863633237,1,0,3,2,0
,Amazon,Highlighter ,https://www.amazon.sa/-/en/Revolution-Beauty-London-Highlighter-Different/dp/B0CM43618D/ref=sr_1_10?dib=eyJ2IjoiMSJ9.mOGXegs1a5ZmvcNVFYSl7gA3_4Q-Q_6hcGj58tXRJz9nOFOrNtNGMN56nJoAXQQKqZI2FEdGhuDXfBg1S_a8q2dy_PXRvknhhnDXFk8J8Xb9i3LUlbVGsJ1C_Qy9h4zNCDdTk-_n21euF7u8vRgpsubJSPFNG9vFLhBgIPJCzOwKguQxklSBi_Bq_shHsPwpD7waGN7dvK17BjkNaECWmtQIkD2GpRIK89id8ajrwE-a5gvwqO4J7oZI_WujPAAVjo4LoUUD6zH8A3sfR18gIlMs3Y0HbY0HTbMl8n0KIeQ.8WuJHvQ0Gf2hCPnSQfzXYshEhiIodna7SbqQybFUHV4&dib_tag=se&qid=1743940753&refinements=p_123%3A189527%7C2150197%7C234018%7C238299%7C249745%7C318378%7C400264%7C456738%7C665212%7C796178%2Cp_n_feature_eight_browse-bin%3A57516072031&rnid=57516066031&s=beauty&sr=1-10,https://m.media-amazon.com/images/I/81cviQyvjDL._AC_UL320_.jpg,"Revolution Beauty London Makeup Beam Bright Highlighter, All Over Face Glow, Powder To Liquid Formula, 5 Different Shades, Diamond Glow",62.57,,4.152141660948318,-0.2593835534771573,1,0,3,2,0
,Amazon,Highlighter ,https://www.amazon.sa/-/en/Revolution-Beauty-London-Makeup-iridescent/dp/B07N9FYCDY/ref=sr_1_111?dib=eyJ2IjoiMSJ9.So8tDoGoidtbnHlY6DTkWbH0sVG8OhweCzQLdErLwumenkA02Gbcz-HhL8GSGCFt3mH_bRJUbBlJL6cp2VKHwrQjANxU5T54n6zsjd7y9-dm-7RiUoGyTSp-SMKS7fSDPDIpIrNYx0yBFMLxCf6vch9oSUCuZN-WjSLVq_v0s19gIwIBWRsRGBj0fu8nEaI4Bj86QLUyXIEuQ0WvRqf7t8tSXyS9OsAt0bbzxhWzcANuYbOeZNyb6cfzzNxuClR3Y0Iev508Y5G0gU_6Po-K4eb9QeWGnjul4ugzEgXItLE.vtap6_7zkDYdSey80pWycUiYUe7Fo5WqHlz-kxaWwyA&dib_tag=se&qid=1743940779&refinements=p_123%3A189527%7C2150197%7C234018%7C238299%7C249745%7C318378%7C400264%7C456738%7C665212%7C796178%2Cp_n_feature_eight_browse-bin%3A57516072031&rnid=57516066031&s=beauty&sr=1-111&xpid=wLByakBCaiGH_,https://m.media-amazon.com/images/I/81L5Dn-XLAL._AC_UL320_.jpg,"Revolution Beauty London Makeup Skin Kiss Frozen Kiss,iridescent silver",87.0,,4.477336814478207,0.13772838587163597,0,0,0,2,0
,Amazon,Highlighter ,https://www.amazon.sa/-/en/Revolution-Beauty-London-Makeup-Highlighter/dp/B074MCHR96/ref=sr_1_125?dib=eyJ2IjoiMSJ9.So8tDoGoidtbnHlY6DTkWbH0sVG8OhweCzQLdErLwumenkA02Gbcz-HhL8GSGCFt3mH_bRJUbBlJL6cp2VKHwrQjANxU5T54n6zsjd7y9-dm-7RiUoGyTSp-SMKS7fSDPDIpIrNYx0yBFMLxCf6vch9oSUCuZN-WjSLVq_v0s19gIwIBWRsRGBj0fu8nEaI4Bj86QLUyXIEuQ0WvRqf7t8tSXyS9OsAt0bbzxhWzcANuYbOeZNyb6cfzzNxuClR3Y0Iev508Y5G0gU_6Po-K4eb9QeWGnjul4ugzEgXItLE.vtap6_7zkDYdSey80pWycUiYUe7Fo5WqHlz-kxaWwyA&dib_tag=se&qid=1743940779&refinements=p_123%3A189527%7C2150197%7C234018%7C238299%7C249745%7C318378%7C400264%7C456738%7C665212%7C796178%2Cp_n_feature_eight_browse-bin%3A57516072031&rnid=57516066031&s=beauty&sr=1-125&xpid=wLByakBCaiGH_,https://m.media-amazon.com/images/I/71ShhTRrHJL._AC_UL320_.jpg,"Revolution Beauty London Makeup Strobe, Highlighter, Flash, 7.5g",82.82,,4.4286716424969255,0.07830092942138792,0,0,0,2,0
,Amazon,Highlighter ,https://www.amazon.sa/-/en/Revolution-Beauty-London-Supreme-Highlighter/dp/B07FFZX896/ref=sr_1_35?dib=eyJ2IjoiMSJ9.mOGXegs1a5ZmvcNVFYSl7gA3_4Q-Q_6hcGj58tXRJz9nOFOrNtNGMN56nJoAXQQKqZI2FEdGhuDXfBg1S_a8q2dy_PXRvknhhnDXFk8J8Xb9i3LUlbVGsJ1C_Qy9h4zNCDdTk-_n21euF7u8vRgpsubJSPFNG9vFLhBgIPJCzOwKguQxklSBi_Bq_shHsPwpD7waGN7dvK17BjkNaECWmtQIkD2GpRIK89id8ajrwE-a5gvwqO4J7oZI_WujPAAVjo4LoUUD6zH8A3sfR18gIlMs3Y0HbY0HTbMl8n0KIeQ.8WuJHvQ0Gf2hCPnSQfzXYshEhiIodna7SbqQybFUHV4&dib_tag=se&qid=1743940753&refinements=p_123%3A189527%7C2150197%7C234018%7C238299%7C249745%7C318378%7C400264%7C456738%7C665212%7C796178%2Cp_n_feature_eight_browse-bin%3A57516072031&rnid=57516066031&s=beauty&sr=1-35,https://m.media-amazon.com/images/I/61CR-tWKbGL._AC_UL320_.jpg,"Revolution Beauty London Pro, Supreme, Highlighter, Face Palette, Gold, 3 Shades, 11.1g",93.55,,4.549128795104466,0.2253971359951354,0,0,0,2,0
,Amazon,Highlighter ,https://www.amazon.sa/-/en/Revolution-Beauty-London-Mermaids-Highlighter/dp/B076TFQL1J/ref=sr_1_47?dib=eyJ2IjoiMSJ9.mOGXegs1a5ZmvcNVFYSl7gA3_4Q-Q_6hcGj58tXRJz9nOFOrNtNGMN56nJoAXQQKqZI2FEdGhuDXfBg1S_a8q2dy_PXRvknhhnDXFk8J8Xb9i3LUlbVGsJ1C_Qy9h4zNCDdTk-_n21euF7u8vRgpsubJSPFNG9vFLhBgIPJCzOwKguQxklSBi_Bq_shHsPwpD7waGN7dvK17BjkNaECWmtQIkD2GpRIK89id8ajrwE-a5gvwqO4J7oZI_WujPAAVjo4LoUUD6zH8A3sfR18gIlMs3Y0HbY0HTbMl8n0KIeQ.8WuJHvQ0Gf2hCPnSQfzXYshEhiIodna7SbqQybFUHV4&dib_tag=se&qid=1743940753&refinements=p_123%3A189527%7C2150197%7C234018%7C238299%7C249745%7C318378%7C400264%7C456738%7C665212%7C796178%2Cp_n_feature_eight_browse-bin%3A57516072031&rnid=57516066031&s=beauty&sr=1-47,https://m.media-amazon.com/images/I/61paDmSOMdL._AC_UL320_.jpg,"Revolution Beauty London, Mermaids Heart, Highlighter, 10g",55.45,,4.033355290595671,-0.404439484929124,1,0,3,1,0
,Amazon,Highlighter ,https://www.amazon.sa/-/en/Revolution-Beauty-London-Splendour-Bronzer/dp/B09123HP5N/ref=sr_1_67?dib=eyJ2IjoiMSJ9.2wH-MaUvSk2byPj3bJgax3RlAb8EDgR-katLgJQ24lBndlhB2pj5nXAKj_V3E-77nwyVVqNx2iqQ38cM6p5Nuj6Q9RmQK0bolR9pPxTEs0SJbHbY_xwDJypHOObQbYPofgpKa1FDlNydj7srxwrK4MoT-ctbxpzZyfjnXfXdv8a9_5FEVxrWDIIkpRZP3oALjVZi4yQ5m9n7w_63Q9b0MU8bDFH9FzOyu_ws66IO7DB9XA-2nQAp-deABsk9UqJMLqa-fRk3V_6M46aoICHV8eHitYHFupFv9beCDfUFZfE.EK7TnUcFAqdVuhdaN7RS_lEPOtKom0tkikg7QzjtBio&dib_tag=se&qid=1743940776&refinements=p_123%3A189527%7C2150197%7C234018%7C238299%7C249745%7C318378%7C400264%7C456738%7C665212%7C796178%2Cp_n_feature_eight_browse-bin%3A57516072031&rnid=57516066031&s=beauty&sr=1-67&xpid=wLByakBCaiGH_,https://m.media-amazon.com/images/I/71mnNSjHIKL._AC_UL320_.jpg,"Revolution Beauty London, Splendour Matte Bronzer, Medium, 15.5 g",62.32,,4.148201235012811,-0.26419540312535766,1,0,3,2,0
,Amazon,Highlighter ,https://www.amazon.sa/-/en/Revolution-Beauty-London-Star-Highlighter/dp/B07PB3LSCC/ref=sr_1_108?dib=eyJ2IjoiMSJ9.So8tDoGoidtbnHlY6DTkWbH0sVG8OhweCzQLdErLwumenkA02Gbcz-HhL8GSGCFt3mH_bRJUbBlJL6cp2VKHwrQjANxU5T54n6zsjd7y9-dm-7RiUoGyTSp-SMKS7fSDPDIpIrNYx0yBFMLxCf6vch9oSUCuZN-WjSLVq_v0s19gIwIBWRsRGBj0fu8nEaI4Bj86QLUyXIEuQ0WvRqf7t8tSXyS9OsAt0bbzxhWzcANuYbOeZNyb6cfzzNxuClR3Y0Iev508Y5G0gU_6Po-K4eb9QeWGnjul4ugzEgXItLE.vtap6_7zkDYdSey80pWycUiYUe7Fo5WqHlz-kxaWwyA&dib_tag=se&qid=1743940779&refinements=p_123%3A189527%7C2150197%7C234018%7C238299%7C249745%7C318378%7C400264%7C456738%7C665212%7C796178%2Cp_n_feature_eight_browse-bin%3A57516072031&rnid=57516066031&s=beauty&sr=1-108&xpid=wLByakBCaiGH_,https://m.media-amazon.com/images/I/51ARYPkWIHL._AC_UL320_.jpg,"Revolution Beauty London, Star of the Show, Highlighter, Gold Star, 3.5g",122.65,,4.817454993967425,0.5530635727545195,0,0,0,3,0
,Sephora,Highlighter ,https://www.sephora.me/sa-en/p/glowy-super-gel-lightweight-dewy-multipurpose-illuminator/P10060780,https://img-product.sephora.me/dw/image/v2/BKWK_PRD/on/demandware.static/-/Sites-masterCatalog_Sephora/default/dw048de89c/images/hi-res/SKU/SKU_5594/742199_swatch.jpg?sw=640&sh=640&sm=fit&q=85,SAIE Glowy Super Gel - Lightweight Dewy Multipurpose Illuminator,125.0,,4.836281906951478,0.5760540504596583,0,0,0,3,0
,Sephora,Highlighter ,https://www.sephora.me/sa-en/p/mini-glowy-super-gel-lightweight-dewy-multipurpose-illuminator/P10060784,https://img-product.sephora.me/dw/image/v2/BKWK_PRD/on/demandware.static/-/Sites-masterCatalog_Sephora/default/dw64af236f/images/hi-res/SKU/SKU_5594/742202_swatch.jpg?sw=640&sh=640&sm=fit&q=85,SAIE Mini Glowy Super Gel - Lightweight Dewy Multipurpose Illuminator,70.0,,4.2626798770413155,-0.12439985249524282,1,0,3,2,0
,Sephora,Highlighter ,https://www.sephora.me/sa-en/p/colorful-luminizer-face-illuminating-powder/P10046085,https://img-product.sephora.me/dw/image/v2/BKWK_PRD/on/demandware.static/-/Sites-masterCatalog_Sephora/default/dwa1f7e285/images/hi-res/SKU/SKU_3935/532038_swatch.jpg?sw=640&sh=640&sm=fit&q=85,SEPHORA COLLECTION Colorful Luminizer Face Illuminating Powder,100.0,,4.61512051684126,0.3059829021586378,0,0,0,2,0
,Sephora,Highlighter ,https://www.sephora.me/sa-en/p/make-it-glow-liquid-highlighter/P10055780,https://img-product.sephora.me/dw/image/v2/BKWK_PRD/on/demandware.static/-/Sites-masterCatalog_Sephora/default/dw7319794c/images/hi-res/SKU/SKU_4898/671220_swatch.jpg?sw=640&sh=640&sm=fit&q=85,SEPHORA COLLECTION Make It Glow - Liquid Highlighter,95.0,,4.564348191467836,0.24398229613658334,0,0,0,2,0
,Noon,Highlighter ,https://www.noon.com/saudi-en/sensi-the-marble-effect-highlighter/ZEDBBF8A8432AE07748BCZ/p/?o=zedbbf8a8432ae07748bcz-1,https://f.nooncdn.com/p/pzsku/ZEDBBF8A8432AE07748BCZ/45/_/1703149628/262cc22f-6cf3-43fe-bbe0-086ae3d56bc2.jpg?format=jpg&width=240,Sensi SENSI The Marble Effect Highlighter,55.0,,4.02535169073515,-0.41421307788671824,1,0,3,1,0
,Amazon,Highlighter ,https://www.amazon.sa/-/en/SHEGLAM-Sheglam-Moonside-Highlighter-Dream-Strobe/dp/B0D1Z8YGNX/ref=sr_1_78?dib=eyJ2IjoiMSJ9.2wH-MaUvSk2byPj3bJgax3RlAb8EDgR-katLgJQ24lBndlhB2pj5nXAKj_V3E-77nwyVVqNx2iqQ38cM6p5Nuj6Q9RmQK0bolR9pPxTEs0SJbHbY_xwDJypHOObQbYPofgpKa1FDlNydj7srxwrK4MoT-ctbxpzZyfjnXfXdv8a9_5FEVxrWDIIkpRZP3oALjVZi4yQ5m9n7w_63Q9b0MU8bDFH9FzOyu_ws66IO7DB9XA-2nQAp-deABsk9UqJMLqa-fRk3V_6M46aoICHV8eHitYHFupFv9beCDfUFZfE.EK7TnUcFAqdVuhdaN7RS_lEPOtKom0tkikg7QzjtBio&dib_tag=se&qid=1743940776&refinements=p_123%3A189527%7C2150197%7C234018%7C238299%7C249745%7C318378%7C400264%7C456738%7C665212%7C796178%2Cp_n_feature_eight_browse-bin%3A57516072031&rnid=57516066031&s=beauty&sr=1-78&xpid=wLByakBCaiGH_,https://m.media-amazon.com/images/I/51KDmphJw-L._AC_UL320_.jpg,Sheglam Moonside Highlighter-Dream Strobe,49.35,,3.9189986191645714,-0.5440860912101212,1,0,3,1,0
,Sephora,Highlighter ,https://www.sephora.me/sa-en/p/all-nighter-long-lasting-makeup-setting-spray-with-vitamin-c/P10051588,https://img-product.sephora.me/dw/image/v2/BKWK_PRD/on/demandware.static/-/Sites-masterCatalog_Sephora/default/dw72d37c46/images/hi-res/SKU/SKU_5395/695247_swatch.jpg,URBAN DECAY All Nighter Long-Lasting Makeup Setting Spray with Vitamin C,85.0,,4.454347296253507,0.10965474434343969,0,0,0,2,0
,Noon,Highlighter ,https://www.noon.com/saudi-en/camella-makeup-highlighter-palette-a/ZB112CB048232906D39CCZ/p/?o=zb112cb048232906d39ccz-1,,VANESSA MAKEUP Camella Makeup Highlighter Palette A,49.95,,3.9308447596687337,-0.5296201811916503,1,0,3,1,0
,Noon,Highlighter ,https://www.noon.com/saudi-en/glow-intense-highlighter-02-pink-pearl/N35084756A/p/?o=b252161ed766c11b,,VISEART Glow Intense Highlighter 02 Pink Pearl,65.0,,4.189654742026425,-0.21357446863633237,1,0,3,2,0
,Amazon,Highlighter ,https://www.amazon.sa/-/en/Wet-Wild-Fantasy-MakerBlush-Stage/dp/B0B4DSLJ7F/ref=sr_1_84?dib=eyJ2IjoiMSJ9.2wH-MaUvSk2byPj3bJgax3RlAb8EDgR-katLgJQ24lBndlhB2pj5nXAKj_V3E-77nwyVVqNx2iqQ38cM6p5Nuj6Q9RmQK0bolR9pPxTEs0SJbHbY_xwDJypHOObQbYPofgpKa1FDlNydj7srxwrK4MoT-ctbxpzZyfjnXfXdv8a9_5FEVxrWDIIkpRZP3oALjVZi4yQ5m9n7w_63Q9b0MU8bDFH9FzOyu_ws66IO7DB9XA-2nQAp-deABsk9UqJMLqa-fRk3V_6M46aoICHV8eHitYHFupFv9beCDfUFZfE.EK7TnUcFAqdVuhdaN7RS_lEPOtKom0tkikg7QzjtBio&dib_tag=se&qid=1743940776&refinements=p_123%3A189527%7C2150197%7C234018%7C238299%7C249745%7C318378%7C400264%7C456738%7C665212%7C796178%2Cp_n_feature_eight_browse-bin%3A57516072031&rnid=57516066031&s=beauty&sr=1-84&xpid=wLByakBCaiGH_,https://m.media-amazon.com/images/I/6124ZgfFdUL._AC_UL320_.jpg,Wet N Wild Fantasy MakerBlush Exit Stage Left,107.0,,4.68213122712422,0.3878130058018049,0,0,0,2,0
,Noon,Highlighter ,https://www.noon.com/saudi-en/megaglo-contouring-palette-e7491-dulce-de-leche/N34419493A/p/?o=c9068c95124fd08c,https://f.nooncdn.com/p/v1606126212/N34419493A_1.jpg?format=jpg&width=240,Wet N Wild MegaGlo Contouring Palette E7491 Dulce De Leche,62.5,,4.151039905898646,-0.2607289612414287,1,0,3,2,0
,Noon,Highlighter ,https://www.noon.com/saudi-en/megaglo-highlighting-powder-319b-blossom-glow-0-19-oz-5-4-g-blossom-glow/N28508870A/p/?o=ad7b849c7d00dc9f,https://f.nooncdn.com/p/v1564060930/N28508870A_1.jpg?format=jpg&width=240,"Wet N Wild MegaGlo, Highlighting Powder, 319B Blossom Glow, 0.19 oz (5.4 g) Blossom Glow",72.0,5.618965,4.290459441148391,-0.09047684824047324,1,0,0,2,0
,Noon,Highlighter ,https://www.noon.com/saudi-en/wet-n-wild-megaglo-highlighting-powder-bloom-time-bloom-time/N24058749A/p/?o=a273bc8b244f80da,https://f.nooncdn.com/p/v1616482367/N24058749A_1.jpg?format=jpg&width=240,Wet N Wild Wet N Wild Megaglo Highlighting Powder (Bloom Time) Bloom Time,135.0,,4.912654885736052,0.669316884760167,0,0,0,3,0
,Amazon,Highlighter ,https://www.amazon.sa/-/en/Wet-Wild-Highlighter-Ultra-Reflective-Micro-Pearls/dp/B0C6WFZ1WT/ref=sr_1_26?dib=eyJ2IjoiMSJ9.mOGXegs1a5ZmvcNVFYSl7gA3_4Q-Q_6hcGj58tXRJz9nOFOrNtNGMN56nJoAXQQKqZI2FEdGhuDXfBg1S_a8q2dy_PXRvknhhnDXFk8J8Xb9i3LUlbVGsJ1C_Qy9h4zNCDdTk-_n21euF7u8vRgpsubJSPFNG9vFLhBgIPJCzOwKguQxklSBi_Bq_shHsPwpD7waGN7dvK17BjkNaECWmtQIkD2GpRIK89id8ajrwE-a5gvwqO4J7oZI_WujPAAVjo4LoUUD6zH8A3sfR18gIlMs3Y0HbY0HTbMl8n0KIeQ.8WuJHvQ0Gf2hCPnSQfzXYshEhiIodna7SbqQybFUHV4&dib_tag=se&qid=1743940753&refinements=p_123%3A189527%7C2150197%7C234018%7C238299%7C249745%7C318378%7C400264%7C456738%7C665212%7C796178%2Cp_n_feature_eight_browse-bin%3A57516072031&rnid=57516066031&s=beauty&sr=1-26,https://m.media-amazon.com/images/I/91R03g2PEYL._AC_UL320_.jpg,"Wet n Wild Alice in Wonderland Curiouser and Curiouser Highlighter Palette, Buttery Soft Highlighter Palette Infused with Ultra-Reflective Micro-Pearls, Blendable and Easy-to-Apply",85.48,,4.4599131733309525,0.11645151304189476,0,0,0,2,0
,Amazon,Highlighter ,https://www.amazon.sa/-/en/Wet-Wild-Palette-Illuminating-Highlighter/dp/B01E1SLZ3M/ref=sr_1_133?dib=eyJ2IjoiMSJ9.So8tDoGoidtbnHlY6DTkWbH0sVG8OhweCzQLdErLwumenkA02Gbcz-HhL8GSGCFt3mH_bRJUbBlJL6cp2VKHwrQjANxU5T54n6zsjd7y9-dm-7RiUoGyTSp-SMKS7fSDPDIpIrNYx0yBFMLxCf6vch9oSUCuZN-WjSLVq_v0s19gIwIBWRsRGBj0fu8nEaI4Bj86QLUyXIEuQ0WvRqf7t8tSXyS9OsAt0bbzxhWzcANuYbOeZNyb6cfzzNxuClR3Y0Iev508Y5G0gU_6Po-K4eb9QeWGnjul4ugzEgXItLE.vtap6_7zkDYdSey80pWycUiYUe7Fo5WqHlz-kxaWwyA&dib_tag=se&qid=1743940779&refinements=p_123%3A189527%7C2150197%7C234018%7C238299%7C249745%7C318378%7C400264%7C456738%7C665212%7C796178%2Cp_n_feature_eight_browse-bin%3A57516072031&rnid=57516066031&s=beauty&sr=1-133&xpid=wLByakBCaiGH_,https://m.media-amazon.com/images/I/81CWf4cePZL._AC_UL320_.jpg,"Wet n Wild Blush Palette By MegaGlo Illuminating Blush Makeup Powder Palette, Catwalk Pink, Highlighter Face Make Up",74.0,,4.31748811353631,-0.05747079512596015,0,0,0,2,0
,Amazon,Highlighter ,https://www.amazon.sa/-/en/Wet-Wild-Highlighter-Customizable-Cruelty-Free/dp/B0DQ9JMDHK/ref=sr_1_75?dib=eyJ2IjoiMSJ9.2wH-MaUvSk2byPj3bJgax3RlAb8EDgR-katLgJQ24lBndlhB2pj5nXAKj_V3E-77nwyVVqNx2iqQ38cM6p5Nuj6Q9RmQK0bolR9pPxTEs0SJbHbY_xwDJypHOObQbYPofgpKa1FDlNydj7srxwrK4MoT-ctbxpzZyfjnXfXdv8a9_5FEVxrWDIIkpRZP3oALjVZi4yQ5m9n7w_63Q9b0MU8bDFH9FzOyu_ws66IO7DB9XA-2nQAp-deABsk9UqJMLqa-fRk3V_6M46aoICHV8eHitYHFupFv9beCDfUFZfE.EK7TnUcFAqdVuhdaN7RS_lEPOtKom0tkikg7QzjtBio&dib_tag=se&qid=1743940776&refinements=p_123%3A189527%7C2150197%7C234018%7C238299%7C249745%7C318378%7C400264%7C456738%7C665212%7C796178%2Cp_n_feature_eight_browse-bin%3A57516072031&rnid=57516066031&s=beauty&sr=1-75&xpid=wLByakBCaiGH_,https://m.media-amazon.com/images/I/91s91uWHDoL._AC_UL320_.jpg,"Wet n Wild Chameleon Chrome Highlighter, Dynamic Color Shift, Liquid-to-Baked Texture, Customizable Luminous Radiance, Cruelty-Free - Venus Swing",77.35,,4.36118596880203,-0.004109175613516229,0,0,0,2,0
,Amazon,Highlighter ,https://www.amazon.sa/-/en/Wet-Wild-Highlighter-Customizable-Cruelty-Free/dp/B0DQ9JM8K1/ref=sr_1_76?dib=eyJ2IjoiMSJ9.2wH-MaUvSk2byPj3bJgax3RlAb8EDgR-katLgJQ24lBndlhB2pj5nXAKj_V3E-77nwyVVqNx2iqQ38cM6p5Nuj6Q9RmQK0bolR9pPxTEs0SJbHbY_xwDJypHOObQbYPofgpKa1FDlNydj7srxwrK4MoT-ctbxpzZyfjnXfXdv8a9_5FEVxrWDIIkpRZP3oALjVZi4yQ5m9n7w_63Q9b0MU8bDFH9FzOyu_ws66IO7DB9XA-2nQAp-deABsk9UqJMLqa-fRk3V_6M46aoICHV8eHitYHFupFv9beCDfUFZfE.EK7TnUcFAqdVuhdaN7RS_lEPOtKom0tkikg7QzjtBio&dib_tag=se&qid=1743940776&refinements=p_123%3A189527%7C2150197%7C234018%7C238299%7C249745%7C318378%7C400264%7C456738%7C665212%7C796178%2Cp_n_feature_eight_browse-bin%3A57516072031&rnid=57516066031&s=beauty&sr=1-76&xpid=wLByakBCaiGH_,https://m.media-amazon.com/images/I/919VlNbK60L._AC_UL320_.jpg,"Wet n Wild Chameleon Chrome Highlighter, Dynamic Colour Shift, Liquid-to-Baked Texture, Customizable Luminous Radiance, Cruelty-Free - Too Sirius",77.55,,4.36373536470163,-0.0009959817701611648,0,0,0,2,0
,Amazon,Highlighter ,https://www.amazon.sa/-/en/Wet-Wild-Edit-Get-Glowing/dp/B09SVTNM76/ref=sr_1_86?dib=eyJ2IjoiMSJ9.2wH-MaUvSk2byPj3bJgax3RlAb8EDgR-katLgJQ24lBndlhB2pj5nXAKj_V3E-77nwyVVqNx2iqQ38cM6p5Nuj6Q9RmQK0bolR9pPxTEs0SJbHbY_xwDJypHOObQbYPofgpKa1FDlNydj7srxwrK4MoT-ctbxpzZyfjnXfXdv8a9_5FEVxrWDIIkpRZP3oALjVZi4yQ5m9n7w_63Q9b0MU8bDFH9FzOyu_ws66IO7DB9XA-2nQAp-deABsk9UqJMLqa-fRk3V_6M46aoICHV8eHitYHFupFv9beCDfUFZfE.EK7TnUcFAqdVuhdaN7RS_lEPOtKom0tkikg7QzjtBio&dib_tag=se&qid=1743940776&refinements=p_123%3A189527%7C2150197%7C234018%7C238299%7C249745%7C318378%7C400264%7C456738%7C665212%7C796178%2Cp_n_feature_eight_browse-bin%3A57516072031&rnid=57516066031&s=beauty&sr=1-86&xpid=wLByakBCaiGH_,https://m.media-amazon.com/images/I/61o1EVfLS-L._AC_UL320_.jpg,Wet n Wild Edit - Get Glowing,78.79,,4.379398183320189,0.018130663291333733,0,0,0,2,0
,Amazon,Highlighter ,https://www.amazon.sa/-/en/Wet-Wild-Highlighter-Iridescent-Application/dp/B0CLHL898M/ref=sr_1_79?dib=eyJ2IjoiMSJ9.2wH-MaUvSk2byPj3bJgax3RlAb8EDgR-katLgJQ24lBndlhB2pj5nXAKj_V3E-77nwyVVqNx2iqQ38cM6p5Nuj6Q9RmQK0bolR9pPxTEs0SJbHbY_xwDJypHOObQbYPofgpKa1FDlNydj7srxwrK4MoT-ctbxpzZyfjnXfXdv8a9_5FEVxrWDIIkpRZP3oALjVZi4yQ5m9n7w_63Q9b0MU8bDFH9FzOyu_ws66IO7DB9XA-2nQAp-deABsk9UqJMLqa-fRk3V_6M46aoICHV8eHitYHFupFv9beCDfUFZfE.EK7TnUcFAqdVuhdaN7RS_lEPOtKom0tkikg7QzjtBio&dib_tag=se&qid=1743940776&refinements=p_123%3A189527%7C2150197%7C234018%7C238299%7C249745%7C318378%7C400264%7C456738%7C665212%7C796178%2Cp_n_feature_eight_browse-bin%3A57516072031&rnid=57516066031&s=beauty&sr=1-79&xpid=wLByakBCaiGH_,https://m.media-amazon.com/images/I/81v0LM6zcaL._AC_UL320_.jpg,"Wet n Wild Marilyn Monroe Iconic Diamond Highlighter, Powder Highlighter with Iridescent Pearls for a Glass-Like Glow, Includes Soft Application Sponge, Peachy Pink",84.68,,4.450619426139493,0.10510245715666117,0,0,0,2,0
,Amazon,Highlighter ,https://www.amazon.sa/-/en/Wet-Wild-Mega-Blushlighter-Flash/dp/B082YQ6JDQ/ref=sr_1_33?dib=eyJ2IjoiMSJ9.mOGXegs1a5ZmvcNVFYSl7gA3_4Q-Q_6hcGj58tXRJz9nOFOrNtNGMN56nJoAXQQKqZI2FEdGhuDXfBg1S_a8q2dy_PXRvknhhnDXFk8J8Xb9i3LUlbVGsJ1C_Qy9h4zNCDdTk-_n21euF7u8vRgpsubJSPFNG9vFLhBgIPJCzOwKguQxklSBi_Bq_shHsPwpD7waGN7dvK17BjkNaECWmtQIkD2GpRIK89id8ajrwE-a5gvwqO4J7oZI_WujPAAVjo4LoUUD6zH8A3sfR18gIlMs3Y0HbY0HTbMl8n0KIeQ.8WuJHvQ0Gf2hCPnSQfzXYshEhiIodna7SbqQybFUHV4&dib_tag=se&qid=1743940753&refinements=p_123%3A189527%7C2150197%7C234018%7C238299%7C249745%7C318378%7C400264%7C456738%7C665212%7C796178%2Cp_n_feature_eight_browse-bin%3A57516072031&rnid=57516066031&s=beauty&sr=1-33,https://m.media-amazon.com/images/I/91S+PTPa2eL._AC_UL320_.jpg,Wet n Wild Mega Glo Blushlighter Flash Me,51.0,,3.9512437185814275,-0.5047100001923764,1,0,3,1,0
,Amazon,Highlighter ,https://www.amazon.sa/-/en/Wet-Wild-Blushlighter-Blendable-Highlighter/dp/B082YPL2SV/ref=sr_1_30?dib=eyJ2IjoiMSJ9.mOGXegs1a5ZmvcNVFYSl7gA3_4Q-Q_6hcGj58tXRJz9nOFOrNtNGMN56nJoAXQQKqZI2FEdGhuDXfBg1S_a8q2dy_PXRvknhhnDXFk8J8Xb9i3LUlbVGsJ1C_Qy9h4zNCDdTk-_n21euF7u8vRgpsubJSPFNG9vFLhBgIPJCzOwKguQxklSBi_Bq_shHsPwpD7waGN7dvK17BjkNaECWmtQIkD2GpRIK89id8ajrwE-a5gvwqO4J7oZI_WujPAAVjo4LoUUD6zH8A3sfR18gIlMs3Y0HbY0HTbMl8n0KIeQ.8WuJHvQ0Gf2hCPnSQfzXYshEhiIodna7SbqQybFUHV4&dib_tag=se&qid=1743940753&refinements=p_123%3A189527%7C2150197%7C234018%7C238299%7C249745%7C318378%7C400264%7C456738%7C665212%7C796178%2Cp_n_feature_eight_browse-bin%3A57516072031&rnid=57516066031&s=beauty&sr=1-30,https://m.media-amazon.com/images/I/914nQFuT0sL._AC_UL320_.jpg,"Wet n Wild MegaGlo Blushlighter, Blendable Blush & Highlighter Set, Shimmery Metallic Finish, Highlight Bling",49.8,,3.927896354584436,-0.533220624950735,1,0,3,1,0
,Amazon,Highlighter ,https://www.amazon.sa/-/en/Wet-Wild-Highlighting-Highlighter-Precious/dp/B01NBRPNP7/ref=sr_1_48?dib=eyJ2IjoiMSJ9.mOGXegs1a5ZmvcNVFYSl7gA3_4Q-Q_6hcGj58tXRJz9nOFOrNtNGMN56nJoAXQQKqZI2FEdGhuDXfBg1S_a8q2dy_PXRvknhhnDXFk8J8Xb9i3LUlbVGsJ1C_Qy9h4zNCDdTk-_n21euF7u8vRgpsubJSPFNG9vFLhBgIPJCzOwKguQxklSBi_Bq_shHsPwpD7waGN7dvK17BjkNaECWmtQIkD2GpRIK89id8ajrwE-a5gvwqO4J7oZI_WujPAAVjo4LoUUD6zH8A3sfR18gIlMs3Y0HbY0HTbMl8n0KIeQ.8WuJHvQ0Gf2hCPnSQfzXYshEhiIodna7SbqQybFUHV4&dib_tag=se&qid=1743940753&refinements=p_123%3A189527%7C2150197%7C234018%7C238299%7C249745%7C318378%7C400264%7C456738%7C665212%7C796178%2Cp_n_feature_eight_browse-bin%3A57516072031&rnid=57516066031&s=beauty&sr=1-48,https://m.media-amazon.com/images/I/91VQF3HleRL._AC_UL320_.jpg,"Wet n Wild MegaGlo Highlighting Powder, Highlighter Makeup, Shimmer Glow, Natural Pink Precious Petals",63.0,,4.1588830833596715,-0.2511512680366055,1,0,3,2,0
,Amazon,Highlighter ,https://www.amazon.sa/-/en/essence-Little-Gold-Highlighter-Palette/dp/B08F7CGBW1/ref=sr_1_95?dib=eyJ2IjoiMSJ9.2wH-MaUvSk2byPj3bJgax3RlAb8EDgR-katLgJQ24lBndlhB2pj5nXAKj_V3E-77nwyVVqNx2iqQ38cM6p5Nuj6Q9RmQK0bolR9pPxTEs0SJbHbY_xwDJypHOObQbYPofgpKa1FDlNydj7srxwrK4MoT-ctbxpzZyfjnXfXdv8a9_5FEVxrWDIIkpRZP3oALjVZi4yQ5m9n7w_63Q9b0MU8bDFH9FzOyu_ws66IO7DB9XA-2nQAp-deABsk9UqJMLqa-fRk3V_6M46aoICHV8eHitYHFupFv9beCDfUFZfE.EK7TnUcFAqdVuhdaN7RS_lEPOtKom0tkikg7QzjtBio&dib_tag=se&qid=1743940776&refinements=p_123%3A189527%7C2150197%7C234018%7C238299%7C249745%7C318378%7C400264%7C456738%7C665212%7C796178%2Cp_n_feature_eight_browse-bin%3A57516072031&rnid=57516066031&s=beauty&sr=1-95&xpid=wLByakBCaiGH_,https://m.media-amazon.com/images/I/91IjDrjTEHS._AC_UL320_.jpg,"essence My Little Gold Highlighter Palette, 14.4 g",65.7,,4.200204952921578,-0.20069108257219173,1,0,3,2,0
,Amazon,Highlighter ,https://www.amazon.sa/-/en/essence-cosmetics-Nude-Highlighter-10/dp/B01N5FKQ71/ref=sr_1_31?dib=eyJ2IjoiMSJ9.mOGXegs1a5ZmvcNVFYSl7gA3_4Q-Q_6hcGj58tXRJz9nOFOrNtNGMN56nJoAXQQKqZI2FEdGhuDXfBg1S_a8q2dy_PXRvknhhnDXFk8J8Xb9i3LUlbVGsJ1C_Qy9h4zNCDdTk-_n21euF7u8vRgpsubJSPFNG9vFLhBgIPJCzOwKguQxklSBi_Bq_shHsPwpD7waGN7dvK17BjkNaECWmtQIkD2GpRIK89id8ajrwE-a5gvwqO4J7oZI_WujPAAVjo4LoUUD6zH8A3sfR18gIlMs3Y0HbY0HTbMl8n0KIeQ.8WuJHvQ0Gf2hCPnSQfzXYshEhiIodna7SbqQybFUHV4&dib_tag=se&qid=1743940753&refinements=p_123%3A189527%7C2150197%7C234018%7C238299%7C249745%7C318378%7C400264%7C456738%7C665212%7C796178%2Cp_n_feature_eight_browse-bin%3A57516072031&rnid=57516066031&s=beauty&sr=1-31,https://m.media-amazon.com/images/I/81uohubJYIL._AC_UL320_.jpg,essence cosmetics Nude Highlighter (10),88.0,,4.48863636973214,0.15152683351749138,0,0,0,2,0
,Amazon,Highlighter ,https://www.amazon.sa/-/en/essence-Scented-Highlighter-Brew-Triful-Macchiato/dp/B09JCCHL3H/ref=sr_1_88?dib=eyJ2IjoiMSJ9.2wH-MaUvSk2byPj3bJgax3RlAb8EDgR-katLgJQ24lBndlhB2pj5nXAKj_V3E-77nwyVVqNx2iqQ38cM6p5Nuj6Q9RmQK0bolR9pPxTEs0SJbHbY_xwDJypHOObQbYPofgpKa1FDlNydj7srxwrK4MoT-ctbxpzZyfjnXfXdv8a9_5FEVxrWDIIkpRZP3oALjVZi4yQ5m9n7w_63Q9b0MU8bDFH9FzOyu_ws66IO7DB9XA-2nQAp-deABsk9UqJMLqa-fRk3V_6M46aoICHV8eHitYHFupFv9beCDfUFZfE.EK7TnUcFAqdVuhdaN7RS_lEPOtKom0tkikg7QzjtBio&dib_tag=se&qid=1743940776&refinements=p_123%3A189527%7C2150197%7C234018%7C238299%7C249745%7C318378%7C400264%7C456738%7C665212%7C796178%2Cp_n_feature_eight_browse-bin%3A57516072031&rnid=57516066031&s=beauty&sr=1-88&xpid=wLByakBCaiGH_,https://m.media-amazon.com/images/I/61wCalRakEL._AC_UL320_.jpg,"essence | Coffee to Glow Scented Highlighter Brush | Hello, Brew-Triful! | Caramel Macchiato Scent | Super Soft & Extra Gentle | Vegan & Cruelty Free",113.0,,4.736198448394496,0.4538371727082964,0,0,0,2,0
,Amazon,Highlighter ,https://www.amazon.sa/-/en/essence-Sunlighter-Palette-Breathtaking-Highlighter/dp/B084HLN54M/ref=sr_1_99?dib=eyJ2IjoiMSJ9.So8tDoGoidtbnHlY6DTkWbH0sVG8OhweCzQLdErLwumenkA02Gbcz-HhL8GSGCFt3mH_bRJUbBlJL6cp2VKHwrQjANxU5T54n6zsjd7y9-dm-7RiUoGyTSp-SMKS7fSDPDIpIrNYx0yBFMLxCf6vch9oSUCuZN-WjSLVq_v0s19gIwIBWRsRGBj0fu8nEaI4Bj86QLUyXIEuQ0WvRqf7t8tSXyS9OsAt0bbzxhWzcANuYbOeZNyb6cfzzNxuClR3Y0Iev508Y5G0gU_6Po-K4eb9QeWGnjul4ugzEgXItLE.vtap6_7zkDYdSey80pWycUiYUe7Fo5WqHlz-kxaWwyA&dib_tag=se&qid=1743940779&refinements=p_123%3A189527%7C2150197%7C234018%7C238299%7C249745%7C318378%7C400264%7C456738%7C665212%7C796178%2Cp_n_feature_eight_browse-bin%3A57516072031&rnid=57516066031&s=beauty&sr=1-99&xpid=wLByakBCaiGH_,https://m.media-amazon.com/images/I/91L2+nOTmDL._AC_UL320_.jpg,essence | Pure Nude Sunlighter Palette | 4 Breathtaking Highlighter Shades | Vegan | Paraben Free | Cruelty Free,64.07,,4.175463613506893,-0.2309039598872573,1,0,3,2,0
,Noon,Highlighter ,https://www.noon.com/saudi-en/mary-lou-manizer-highlighter-brown/N29713714A/p/?o=af424cee2827286d,,theBalm Mary-Lou Manizer Highlighter Brown,95.0,,4.564348191467836,0.24398229613658334,0,0,0,2,0
,Noon,Highlighter ,https://www.noon.com/saudi-en/the-manizer-sisters-highlighter-shadow-2202d/N42750107A/p/?o=f7bba6392b3ec70c,,theBalm The Manizer Sisters Highlighter Shadow 2202D,50.0,,3.9318256327243257,-0.5284223884289567,1,0,3,1,0
,Amazon,Highlighter ,https://www.amazon.sa/-/en/wild-Color-Bronzer-Shady-Beaches/dp/B07M7NGVW7/ref=sr_1_53?dib=eyJ2IjoiMSJ9.2wH-MaUvSk2byPj3bJgax3RlAb8EDgR-katLgJQ24lBndlhB2pj5nXAKj_V3E-77nwyVVqNx2iqQ38cM6p5Nuj6Q9RmQK0bolR9pPxTEs0SJbHbY_xwDJypHOObQbYPofgpKa1FDlNydj7srxwrK4MoT-ctbxpzZyfjnXfXdv8a9_5FEVxrWDIIkpRZP3oALjVZi4yQ5m9n7w_63Q9b0MU8bDFH9FzOyu_ws66IO7DB9XA-2nQAp-deABsk9UqJMLqa-fRk3V_6M46aoICHV8eHitYHFupFv9beCDfUFZfE.EK7TnUcFAqdVuhdaN7RS_lEPOtKom0tkikg7QzjtBio&dib_tag=se&qid=1743940776&refinements=p_123%3A189527%7C2150197%7C234018%7C238299%7C249745%7C318378%7C400264%7C456738%7C665212%7C796178%2Cp_n_feature_eight_browse-bin%3A57516072031&rnid=57516066031&s=beauty&sr=1-53&xpid=wLByakBCaiGH_,https://m.media-amazon.com/images/I/81vzXKXBEXL._AC_UL320_.jpg,wet n wild Color Icon Bronzer What Shady Beaches,67.0,,4.219507705176107,-0.17711953392098895,1,0,3,2,0
,Amazon,Highlighter ,https://www.amazon.sa/-/en/Fantasy-Rainbow-Highlighter-Moonstone-Mystique/dp/B07GZFQHBQ/ref=sr_1_118?dib=eyJ2IjoiMSJ9.So8tDoGoidtbnHlY6DTkWbH0sVG8OhweCzQLdErLwumenkA02Gbcz-HhL8GSGCFt3mH_bRJUbBlJL6cp2VKHwrQjANxU5T54n6zsjd7y9-dm-7RiUoGyTSp-SMKS7fSDPDIpIrNYx0yBFMLxCf6vch9oSUCuZN-WjSLVq_v0s19gIwIBWRsRGBj0fu8nEaI4Bj86QLUyXIEuQ0WvRqf7t8tSXyS9OsAt0bbzxhWzcANuYbOeZNyb6cfzzNxuClR3Y0Iev508Y5G0gU_6Po-K4eb9QeWGnjul4ugzEgXItLE.vtap6_7zkDYdSey80pWycUiYUe7Fo5WqHlz-kxaWwyA&dib_tag=se&qid=1743940779&refinements=p_123%3A189527%7C2150197%7C234018%7C238299%7C249745%7C318378%7C400264%7C456738%7C665212%7C796178%2Cp_n_feature_eight_browse-bin%3A57516072031&rnid=57516066031&s=beauty&sr=1-118&xpid=wLByakBCaiGH_,https://m.media-amazon.com/images/I/91Ax-QCGaoL._AC_UL320_.jpg,wet n wild Fantasy Makers Color Icon Rainbow Highlighter Make Up Moonstone Mystique,75.76,,4.340683671139499,-0.02914554868826274,0,0,0,2,0
,Amazon,Highlighter ,https://www.amazon.sa/-/en/Highlighter-Multi-Dimensional-Iridescent-Silky-Smooth-Cruelty-Free/dp/B0DJ1V2YSW/ref=sr_1_9?dib=eyJ2IjoiMSJ9.mOGXegs1a5ZmvcNVFYSl7gA3_4Q-Q_6hcGj58tXRJz9nOFOrNtNGMN56nJoAXQQKqZI2FEdGhuDXfBg1S_a8q2dy_PXRvknhhnDXFk8J8Xb9i3LUlbVGsJ1C_Qy9h4zNCDdTk-_n21euF7u8vRgpsubJSPFNG9vFLhBgIPJCzOwKguQxklSBi_Bq_shHsPwpD7waGN7dvK17BjkNaECWmtQIkD2GpRIK89id8ajrwE-a5gvwqO4J7oZI_WujPAAVjo4LoUUD6zH8A3sfR18gIlMs3Y0HbY0HTbMl8n0KIeQ.8WuJHvQ0Gf2hCPnSQfzXYshEhiIodna7SbqQybFUHV4&dib_tag=se&qid=1743940753&refinements=p_123%3A189527%7C2150197%7C234018%7C238299%7C249745%7C318378%7C400264%7C456738%7C665212%7C796178%2Cp_n_feature_eight_browse-bin%3A57516072031&rnid=57516066031&s=beauty&sr=1-9,https://m.media-amazon.com/images/I/91u1kjQFHZL._AC_UL320_.jpg,"wet n wild Hello Kitty Highlighter Trio, Multi-Dimensional Glow with Iridescent Pearls, Silky-Smooth Buildable & Blendable Formula, Cruelty-Free & Vegan - Forever Star",76.43,,4.349374302398632,-0.018532987596811705,0,0,0,2,0
,Amazon,Highlighter ,https://www.amazon.sa/-/en/MegaGlo-Highlighting-Zodiac-Collection-Earth/dp/B07HLDJH7M/ref=sr_1_115?dib=eyJ2IjoiMSJ9.So8tDoGoidtbnHlY6DTkWbH0sVG8OhweCzQLdErLwumenkA02Gbcz-HhL8GSGCFt3mH_bRJUbBlJL6cp2VKHwrQjANxU5T54n6zsjd7y9-dm-7RiUoGyTSp-SMKS7fSDPDIpIrNYx0yBFMLxCf6vch9oSUCuZN-WjSLVq_v0s19gIwIBWRsRGBj0fu8nEaI4Bj86QLUyXIEuQ0WvRqf7t8tSXyS9OsAt0bbzxhWzcANuYbOeZNyb6cfzzNxuClR3Y0Iev508Y5G0gU_6Po-K4eb9QeWGnjul4ugzEgXItLE.vtap6_7zkDYdSey80pWycUiYUe7Fo5WqHlz-kxaWwyA&dib_tag=se&qid=1743940779&refinements=p_123%3A189527%7C2150197%7C234018%7C238299%7C249745%7C318378%7C400264%7C456738%7C665212%7C796178%2Cp_n_feature_eight_browse-bin%3A57516072031&rnid=57516066031&s=beauty&sr=1-115&xpid=wLByakBCaiGH_,https://m.media-amazon.com/images/I/81ofvh5k62L._AC_UL320_.jpg,wet n wild MegaGlo Highlighting Bar Zodiac Collection ~ Earth,77.68,,4.365388993520859,0.001023346440111973,0,0,0,2,0
,Amazon,Highlighter ,https://www.amazon.sa/-/en/MegaGlo-Highlighting-Powder-Makeup-Cruelty-free/dp/B07JP4BZQQ/ref=sr_1_114?dib=eyJ2IjoiMSJ9.So8tDoGoidtbnHlY6DTkWbH0sVG8OhweCzQLdErLwumenkA02Gbcz-HhL8GSGCFt3mH_bRJUbBlJL6cp2VKHwrQjANxU5T54n6zsjd7y9-dm-7RiUoGyTSp-SMKS7fSDPDIpIrNYx0yBFMLxCf6vch9oSUCuZN-WjSLVq_v0s19gIwIBWRsRGBj0fu8nEaI4Bj86QLUyXIEuQ0WvRqf7t8tSXyS9OsAt0bbzxhWzcANuYbOeZNyb6cfzzNxuClR3Y0Iev508Y5G0gU_6Po-K4eb9QeWGnjul4ugzEgXItLE.vtap6_7zkDYdSey80pWycUiYUe7Fo5WqHlz-kxaWwyA&dib_tag=se&qid=1743940779&refinements=p_123%3A189527%7C2150197%7C234018%7C238299%7C249745%7C318378%7C400264%7C456738%7C665212%7C796178%2Cp_n_feature_eight_browse-bin%3A57516072031&rnid=57516066031&s=beauty&sr=1-114&xpid=wLByakBCaiGH_,https://m.media-amazon.com/images/I/819wYMkSKXL._AC_UL320_.jpg,"wet n wild MegaGlo Loose Highlighting Powder Makeup, Glow With The Flow, Gold | Vegan | Cruelty-free",92.84,,4.54159120434522,0.21619260987618558,0,0,0,2,0
,Amazon,Highlighter ,https://www.amazon.sa/-/en/Highlighter-Illuminator-Illumniator-Cruelty-Free-1114534/dp/B09GLH7QM6/ref=sr_1_59?dib=eyJ2IjoiMSJ9.2wH-MaUvSk2byPj3bJgax3RlAb8EDgR-katLgJQ24lBndlhB2pj5nXAKj_V3E-77nwyVVqNx2iqQ38cM6p5Nuj6Q9RmQK0bolR9pPxTEs0SJbHbY_xwDJypHOObQbYPofgpKa1FDlNydj7srxwrK4MoT-ctbxpzZyfjnXfXdv8a9_5FEVxrWDIIkpRZP3oALjVZi4yQ5m9n7w_63Q9b0MU8bDFH9FzOyu_ws66IO7DB9XA-2nQAp-deABsk9UqJMLqa-fRk3V_6M46aoICHV8eHitYHFupFv9beCDfUFZfE.EK7TnUcFAqdVuhdaN7RS_lEPOtKom0tkikg7QzjtBio&dib_tag=se&qid=1743940776&refinements=p_123%3A189527%7C2150197%7C234018%7C238299%7C249745%7C318378%7C400264%7C456738%7C665212%7C796178%2Cp_n_feature_eight_browse-bin%3A57516072031&rnid=57516066031&s=beauty&sr=1-59&xpid=wLByakBCaiGH_,https://m.media-amazon.com/images/I/91Q67LDT6hL._AC_UL320_.jpg,"wet n wild Saved By The Bell Highlighter + Illuminator Glow Face Duo, Highlighter Makeup Powder, Illumniator Makeup Powder, Cruelty-Free Makeup, It's Alright (1114534)",75.08,,4.331785418237135,-0.04001164687120848,0,0,0,2,0
,Amazon,Highlighter ,https://www.amazon.sa/-/en/Highlighter-Illuminator-Illumniator-Cruelty-Free-1114535/dp/B09GLBXVC5/ref=sr_1_89?dib=eyJ2IjoiMSJ9.2wH-MaUvSk2byPj3bJgax3RlAb8EDgR-katLgJQ24lBndlhB2pj5nXAKj_V3E-77nwyVVqNx2iqQ38cM6p5Nuj6Q9RmQK0bolR9pPxTEs0SJbHbY_xwDJypHOObQbYPofgpKa1FDlNydj7srxwrK4MoT-ctbxpzZyfjnXfXdv8a9_5FEVxrWDIIkpRZP3oALjVZi4yQ5m9n7w_63Q9b0MU8bDFH9FzOyu_ws66IO7DB9XA-2nQAp-deABsk9UqJMLqa-fRk3V_6M46aoICHV8eHitYHFupFv9beCDfUFZfE.EK7TnUcFAqdVuhdaN7RS_lEPOtKom0tkikg7QzjtBio&dib_tag=se&qid=1743940776&refinements=p_123%3A189527%7C2150197%7C234018%7C238299%7C249745%7C318378%7C400264%7C456738%7C665212%7C796178%2Cp_n_feature_eight_browse-bin%3A57516072031&rnid=57516066031&s=beauty&sr=1-89&xpid=wLByakBCaiGH_,https://m.media-amazon.com/images/I/91+aFOLyRRL._AC_UL320_.jpg,"wet n wild Saved By The Bell Highlighter + Illuminator Glow Face Duo, Highlighter Makeup Powder, Illumniator Makeup Powder, Cruelty-Free Makeup, Nerd Alert, (1114535)",59.0,,4.0943445622221,-0.3299624588352664,1,0,3,1,0
