name,price,price_numeric
Creightons Curl Styling Cream Gel with Moringa Oil 150 ml,12.56 SAR,12.56
Giovanni La Hold Styling Gel 200ml,39.94 SAR,39.94
Cantu Avocado Styling Gel 524 gm,29.95 SAR,29.95
Cantu Maximum Hold Styling Gel 524g,29.95 SAR,29.95
Gatsby Styling Gel Strong Hold - 150 gm,15.87 SAR,15.87
Gatsby Styling Gel Wet & Hard - 150 gm,15.87 SAR,15.87
Gatsby Styling Gel Ultra Hold - 150 gm,15.87 SAR,15.87
Nishman Ultra Hold Hair Styling Gel Gum Effect 5 + 300 ml,14.95 SAR,14.95
Nishman Styling Cream - Cream Gel - No.6 - Extra Hold 100 Ml,13.80 SAR,13.80
Dermacol Eyebrow Lifting Eyebrow Styling Wax Gel No. 02,22.11 SAR,22.11
Nishman Styling Cream Gel - No.6 - Extra Hold 150 ml,16.68 SAR,16.68
Dermacol Eyebrow Lifting Eyebrow Styling Wax Gel No 01,22.11 SAR,22.11
Dermacol Eyebrow Lifting Eyebrow Styling Wax Gel No. 03,22.11 SAR,22.11
Cantu Moisture Retention Styling Gel 524g,25.00 SAR,25.00
New Wave Gel Ultra Strong 24h Hold 200 ml,26.40 SAR,26.40
Got2B Glued Styling Spiking Glue 150Ml,48.07 SAR,48.07
Cantu Define & Shine Custard 340 gm,37.44 SAR,37.44
Dabur Vatika Hair Gel Strong Hold 250 ml,6.03 SAR,6.03
Cantu Moisturizing Twist & Lock Gel 370 gm,37.44 SAR,37.44
New Wave Gel Absolute Freeze Effect 200 ml,26.40 SAR,26.40
Creightons Curl Styling Cream Gel with Moringa Oil 150 ml,12.56 SAR,12.56
Giovanni La Hold Styling Gel 200ml,39.94 SAR,39.94
Cantu Avocado Styling Gel 524 gm,29.95 SAR,29.95
Cantu Maximum Hold Styling Gel 524g,29.95 SAR,29.95
Gatsby Styling Gel Strong Hold - 150 gm,15.87 SAR,15.87
Gatsby Styling Gel Wet & Hard - 150 gm,15.87 SAR,15.87
Gatsby Styling Gel Ultra Hold - 150 gm,15.87 SAR,15.87
Nishman Ultra Hold Hair Styling Gel Gum Effect 5 + 300 ml,14.95 SAR,14.95
Nishman Styling Cream - Cream Gel - No.6 - Extra Hold 100 Ml,13.80 SAR,13.80
Dermacol Eyebrow Lifting Eyebrow Styling Wax Gel No. 02,22.11 SAR,22.11
Nishman Styling Cream Gel - No.6 - Extra Hold 150 ml,16.68 SAR,16.68
Dermacol Eyebrow Lifting Eyebrow Styling Wax Gel No 01,22.11 SAR,22.11
Dermacol Eyebrow Lifting Eyebrow Styling Wax Gel No. 03,22.11 SAR,22.11
Cantu Moisture Retention Styling Gel 524g,25.00 SAR,25.00
New Wave Gel Ultra Strong 24h Hold 200 ml,26.40 SAR,26.40
Got2B Glued Styling Spiking Glue 150Ml,48.07 SAR,48.07
Cantu Define & Shine Custard 340 gm,37.44 SAR,37.44
Dabur Vatika Hair Gel Strong Hold 250 ml,6.03 SAR,6.03
Cantu Moisturizing Twist & Lock Gel 370 gm,37.44 SAR,37.44
New Wave Gel Absolute Freeze Effect 200 ml,26.40 SAR,26.40
Dabur Vatika Gel Cream Wet Look 250 ml,8.20 SAR,8.20
Dabur Vatika Hair Gel Wet Look 250 ml,6.03 SAR,6.03
Dabur Vatika Hair Gel Extreme Hold 250 ml,6.03 SAR,6.03
Studio Line Hair Gel Extreme Hold 150 Ml,51.69 SAR,51.69
Dabur Vatika Hair Gel Strong Hold Tube 150 ml,6.30 SAR,6.30
Taft Power Wax 75 ml,28.18 SAR,28.18
Dabur Vatika Gel Cream Strong Hold 250 ml,8.20 SAR,8.20
Dabur Vatika Hair food Lemon and avacado 150 gm,10.05 SAR,10.05
Dabur Vatika Gel Cream Extreme Hold 250 ml,8.20 SAR,8.20
New Wave Gel Strong Wet Look 200 ml,26.40 SAR,26.40
Taft Ultra Wax 75 ml,28.18 SAR,28.18
Taft Ultimate Wax 75ml,28.18 SAR,28.18
Casanova Hair Cream Anti Dandruf 150 ml,7.59 SAR,7.59
Sunsilk Hair Cream Dream Soft & Smooth Egg 175 ml,13.23 SAR,13.23
Sunsilk Hair Cream Ginseng & Soya 175 Ml,16.15 SAR,16.15
Kerastase Curl Manifesto Curl Defining Gelcream 150ml,139.23 SAR,139.23
Mielle Organics Rosemary Mint Edge Hair Gel 57 gm,34.95 SAR,34.95
CHI Cream Gel Black Seed Oil Curl Defining 148 ml,87.75 SAR,87.75
Gatsby Gel Water Gloss Soft 150 gm,13.80 SAR,13.80
Gatsby Gel Water Gloss Soft 300 gm,16.79 SAR,16.79
Creightons Curl Styling Cream Gel with Moringa Oil 150 ml,12.56 SAR,12.56
Giovanni La Hold Styling Gel 200ml,39.94 SAR,39.94
Cantu Avocado Styling Gel 524 gm,29.95 SAR,29.95
Cantu Maximum Hold Styling Gel 524g,29.95 SAR,29.95
Gatsby Styling Gel Strong Hold - 150 gm,15.87 SAR,15.87
Gatsby Styling Gel Wet & Hard - 150 gm,15.87 SAR,15.87
Gatsby Styling Gel Ultra Hold - 150 gm,15.87 SAR,15.87
Nishman Ultra Hold Hair Styling Gel Gum Effect 5 + 300 ml,14.95 SAR,14.95
Nishman Styling Cream - Cream Gel - No.6 - Extra Hold 100 Ml,13.80 SAR,13.80
Dermacol Eyebrow Lifting Eyebrow Styling Wax Gel No. 02,22.11 SAR,22.11
Nishman Styling Cream Gel - No.6 - Extra Hold 150 ml,16.68 SAR,16.68
Dermacol Eyebrow Lifting Eyebrow Styling Wax Gel No 01,22.11 SAR,22.11
Dermacol Eyebrow Lifting Eyebrow Styling Wax Gel No. 03,22.11 SAR,22.11
Cantu Moisture Retention Styling Gel 524g,25.00 SAR,25.00
New Wave Gel Ultra Strong 24h Hold 200 ml,26.40 SAR,26.40
Got2B Glued Styling Spiking Glue 150Ml,48.07 SAR,48.07
Cantu Define & Shine Custard 340 gm,37.44 SAR,37.44
Dabur Vatika Hair Gel Strong Hold 250 ml,6.03 SAR,6.03
Cantu Moisturizing Twist & Lock Gel 370 gm,37.44 SAR,37.44
New Wave Gel Absolute Freeze Effect 200 ml,26.40 SAR,26.40
Dabur Vatika Gel Cream Wet Look 250 ml,8.20 SAR,8.20
Dabur Vatika Hair Gel Wet Look 250 ml,6.03 SAR,6.03
Dabur Vatika Hair Gel Extreme Hold 250 ml,6.03 SAR,6.03
Studio Line Hair Gel Extreme Hold 150 Ml,51.69 SAR,51.69
Dabur Vatika Hair Gel Strong Hold Tube 150 ml,6.30 SAR,6.30
Taft Power Wax 75 ml,28.18 SAR,28.18
Dabur Vatika Gel Cream Strong Hold 250 ml,8.20 SAR,8.20
Dabur Vatika Hair food Lemon and avacado 150 gm,10.05 SAR,10.05
Dabur Vatika Gel Cream Extreme Hold 250 ml,8.20 SAR,8.20
New Wave Gel Strong Wet Look 200 ml,26.40 SAR,26.40
Taft Ultra Wax 75 ml,28.18 SAR,28.18
Taft Ultimate Wax 75ml,28.18 SAR,28.18
Casanova Hair Cream Anti Dandruf 150 ml,7.59 SAR,7.59
Sunsilk Hair Cream Dream Soft & Smooth Egg 175 ml,13.23 SAR,13.23
Sunsilk Hair Cream Ginseng & Soya 175 Ml,16.15 SAR,16.15
Kerastase Curl Manifesto Curl Defining Gelcream 150ml,139.23 SAR,139.23
Mielle Organics Rosemary Mint Edge Hair Gel 57 gm,34.95 SAR,34.95
CHI Cream Gel Black Seed Oil Curl Defining 148 ml,87.75 SAR,87.75
Gatsby Gel Water Gloss Soft 150 gm,13.80 SAR,13.80
Gatsby Gel Water Gloss Soft 300 gm,16.79 SAR,16.79
Gatsby Gel Water Gloss Super Hard 300 gm,16.79 SAR,16.79
Gatsby Gel Water Gloss Hyper Solid 300 gm,16.79 SAR,16.79
Gatsby Gel Water Gloss Hyper Solid 150 gm,13.80 SAR,13.80
Gatsby Gel Water Gloss Super Hard - 150 gm,13.80 SAR,13.80
Vatika Hair Gel Mega Hold 250 ml,6.03 SAR,6.03
Taft Hair Gel Power V12 Speed Gel Turbo Hold 150 ml,25.30 SAR,25.30
Dabur Vatika Hair Gel Max Hold Tube 150 ml,6.30 SAR,6.30
Dabur Vatika Hair Gel Wet Look Tube 150 ml,6.64 SAR,6.64
Studio-Line Hair Gel Fx Out Of Bed 150 ml 51180,33.26 SAR,33.26
Taft Hair Gel Marathon Power 48h Long Lasting 150ml,25.96 SAR,25.96
Studio Line Hair Gel Fx Invisi Extra 150 ml,23.92 SAR,23.92
Studio Line Hair Gel Fx Invisi Normal 150 ml,23.92 SAR,23.92
Creightons Curl Styling Cream Gel with Moringa Oil 150 ml,12.56 SAR,12.56
Giovanni La Hold Styling Gel 200ml,39.94 SAR,39.94
Cantu Avocado Styling Gel 524 gm,29.95 SAR,29.95
Cantu Maximum Hold Styling Gel 524g,29.95 SAR,29.95
Gatsby Styling Gel Strong Hold - 150 gm,15.87 SAR,15.87
Gatsby Styling Gel Wet & Hard - 150 gm,15.87 SAR,15.87
Gatsby Styling Gel Ultra Hold - 150 gm,15.87 SAR,15.87
Nishman Ultra Hold Hair Styling Gel Gum Effect 5 + 300 ml,14.95 SAR,14.95
Nishman Styling Cream - Cream Gel - No.6 - Extra Hold 100 Ml,13.80 SAR,13.80
Dermacol Eyebrow Lifting Eyebrow Styling Wax Gel No. 02,22.11 SAR,22.11
Nishman Styling Cream Gel - No.6 - Extra Hold 150 ml,16.68 SAR,16.68
Dermacol Eyebrow Lifting Eyebrow Styling Wax Gel No 01,22.11 SAR,22.11
Dermacol Eyebrow Lifting Eyebrow Styling Wax Gel No. 03,22.11 SAR,22.11
Cantu Moisture Retention Styling Gel 524g,25.00 SAR,25.00
New Wave Gel Ultra Strong 24h Hold 200 ml,26.40 SAR,26.40
Got2B Glued Styling Spiking Glue 150Ml,48.07 SAR,48.07
Cantu Define & Shine Custard 340 gm,37.44 SAR,37.44
Dabur Vatika Hair Gel Strong Hold 250 ml,6.03 SAR,6.03
Cantu Moisturizing Twist & Lock Gel 370 gm,37.44 SAR,37.44
New Wave Gel Absolute Freeze Effect 200 ml,26.40 SAR,26.40
Dabur Vatika Gel Cream Wet Look 250 ml,8.20 SAR,8.20
Dabur Vatika Hair Gel Wet Look 250 ml,6.03 SAR,6.03
Dabur Vatika Hair Gel Extreme Hold 250 ml,6.03 SAR,6.03
Studio Line Hair Gel Extreme Hold 150 Ml,51.69 SAR,51.69
Dabur Vatika Hair Gel Strong Hold Tube 150 ml,6.30 SAR,6.30
Taft Power Wax 75 ml,28.18 SAR,28.18
Dabur Vatika Gel Cream Strong Hold 250 ml,8.20 SAR,8.20
Dabur Vatika Hair food Lemon and avacado 150 gm,10.05 SAR,10.05
Dabur Vatika Gel Cream Extreme Hold 250 ml,8.20 SAR,8.20
New Wave Gel Strong Wet Look 200 ml,26.40 SAR,26.40
Taft Ultra Wax 75 ml,28.18 SAR,28.18
Taft Ultimate Wax 75ml,28.18 SAR,28.18
Casanova Hair Cream Anti Dandruf 150 ml,7.59 SAR,7.59
Sunsilk Hair Cream Dream Soft & Smooth Egg 175 ml,13.23 SAR,13.23
Sunsilk Hair Cream Ginseng & Soya 175 Ml,16.15 SAR,16.15
Kerastase Curl Manifesto Curl Defining Gelcream 150ml,139.23 SAR,139.23
Mielle Organics Rosemary Mint Edge Hair Gel 57 gm,34.95 SAR,34.95
CHI Cream Gel Black Seed Oil Curl Defining 148 ml,87.75 SAR,87.75
Gatsby Gel Water Gloss Soft 150 gm,13.80 SAR,13.80
Gatsby Gel Water Gloss Soft 300 gm,16.79 SAR,16.79
Gatsby Gel Water Gloss Super Hard 300 gm,16.79 SAR,16.79
Gatsby Gel Water Gloss Hyper Solid 300 gm,16.79 SAR,16.79
Gatsby Gel Water Gloss Hyper Solid 150 gm,13.80 SAR,13.80
Gatsby Gel Water Gloss Super Hard - 150 gm,13.80 SAR,13.80
Vatika Hair Gel Mega Hold 250 ml,6.03 SAR,6.03
Taft Hair Gel Power V12 Speed Gel Turbo Hold 150 ml,25.30 SAR,25.30
Dabur Vatika Hair Gel Max Hold Tube 150 ml,6.30 SAR,6.30
Dabur Vatika Hair Gel Wet Look Tube 150 ml,6.64 SAR,6.64
Studio-Line Hair Gel Fx Out Of Bed 150 ml 51180,33.26 SAR,33.26
Taft Hair Gel Marathon Power 48h Long Lasting 150ml,25.96 SAR,25.96
Studio Line Hair Gel Fx Invisi Extra 150 ml,23.92 SAR,23.92
Studio Line Hair Gel Fx Invisi Normal 150 ml,23.92 SAR,23.92
Creightons Curl Styling Cream Gel with Moringa Oil 150 ml,12.56 SAR,12.56
Giovanni La Hold Styling Gel 200ml,39.94 SAR,39.94
Cantu Avocado Styling Gel 524 gm,29.95 SAR,29.95
Cantu Maximum Hold Styling Gel 524g,29.95 SAR,29.95
Gatsby Styling Gel Strong Hold - 150 gm,15.87 SAR,15.87
Gatsby Styling Gel Wet & Hard - 150 gm,15.87 SAR,15.87
Gatsby Styling Gel Ultra Hold - 150 gm,15.87 SAR,15.87
Nishman Ultra Hold Hair Styling Gel Gum Effect 5 + 300 ml,14.95 SAR,14.95
Nishman Styling Cream - Cream Gel - No.6 - Extra Hold 100 Ml,13.80 SAR,13.80
Dermacol Eyebrow Lifting Eyebrow Styling Wax Gel No. 02,22.11 SAR,22.11
Nishman Styling Cream Gel - No.6 - Extra Hold 150 ml,16.68 SAR,16.68
Dermacol Eyebrow Lifting Eyebrow Styling Wax Gel No 01,22.11 SAR,22.11
Dermacol Eyebrow Lifting Eyebrow Styling Wax Gel No. 03,22.11 SAR,22.11
Cantu Moisture Retention Styling Gel 524g,25.00 SAR,25.00
New Wave Gel Ultra Strong 24h Hold 200 ml,26.40 SAR,26.40
Got2B Glued Styling Spiking Glue 150Ml,48.07 SAR,48.07
Cantu Define & Shine Custard 340 gm,37.44 SAR,37.44
Dabur Vatika Hair Gel Strong Hold 250 ml,6.03 SAR,6.03
Cantu Moisturizing Twist & Lock Gel 370 gm,37.44 SAR,37.44
New Wave Gel Absolute Freeze Effect 200 ml,26.40 SAR,26.40
Dabur Vatika Gel Cream Wet Look 250 ml,8.20 SAR,8.20
Dabur Vatika Hair Gel Wet Look 250 ml,6.03 SAR,6.03
Dabur Vatika Hair Gel Extreme Hold 250 ml,6.03 SAR,6.03
Studio Line Hair Gel Extreme Hold 150 Ml,51.69 SAR,51.69
Dabur Vatika Hair Gel Strong Hold Tube 150 ml,6.30 SAR,6.30
Taft Power Wax 75 ml,28.18 SAR,28.18
Dabur Vatika Gel Cream Strong Hold 250 ml,8.20 SAR,8.20
Dabur Vatika Hair food Lemon and avacado 150 gm,10.05 SAR,10.05
Dabur Vatika Gel Cream Extreme Hold 250 ml,8.20 SAR,8.20
New Wave Gel Strong Wet Look 200 ml,26.40 SAR,26.40
Taft Ultra Wax 75 ml,28.18 SAR,28.18
Taft Ultimate Wax 75ml,28.18 SAR,28.18
Casanova Hair Cream Anti Dandruf 150 ml,7.59 SAR,7.59
Sunsilk Hair Cream Dream Soft & Smooth Egg 175 ml,13.23 SAR,13.23
Sunsilk Hair Cream Ginseng & Soya 175 Ml,16.15 SAR,16.15
Kerastase Curl Manifesto Curl Defining Gelcream 150ml,139.23 SAR,139.23
Mielle Organics Rosemary Mint Edge Hair Gel 57 gm,34.95 SAR,34.95
CHI Cream Gel Black Seed Oil Curl Defining 148 ml,87.75 SAR,87.75
Gatsby Gel Water Gloss Soft 150 gm,13.80 SAR,13.80
Gatsby Gel Water Gloss Soft 300 gm,16.79 SAR,16.79
Gatsby Gel Water Gloss Super Hard 300 gm,16.79 SAR,16.79
Gatsby Gel Water Gloss Hyper Solid 300 gm,16.79 SAR,16.79
Gatsby Gel Water Gloss Hyper Solid 150 gm,13.80 SAR,13.80
Gatsby Gel Water Gloss Super Hard - 150 gm,13.80 SAR,13.80
Vatika Hair Gel Mega Hold 250 ml,6.03 SAR,6.03
Taft Hair Gel Power V12 Speed Gel Turbo Hold 150 ml,25.30 SAR,25.30
Dabur Vatika Hair Gel Max Hold Tube 150 ml,6.30 SAR,6.30
Dabur Vatika Hair Gel Wet Look Tube 150 ml,6.64 SAR,6.64
Studio-Line Hair Gel Fx Out Of Bed 150 ml 51180,33.26 SAR,33.26
Taft Hair Gel Marathon Power 48h Long Lasting 150ml,25.96 SAR,25.96
Studio Line Hair Gel Fx Invisi Extra 150 ml,23.92 SAR,23.92
Studio Line Hair Gel Fx Invisi Normal 150 ml,23.92 SAR,23.92
Creightons Curl Styling Cream Gel with Moringa Oil 150 ml,12.56 SAR,12.56
Giovanni La Hold Styling Gel 200ml,39.94 SAR,39.94
Cantu Avocado Styling Gel 524 gm,29.95 SAR,29.95
Cantu Maximum Hold Styling Gel 524g,29.95 SAR,29.95
Gatsby Styling Gel Strong Hold - 150 gm,15.87 SAR,15.87
Gatsby Styling Gel Wet & Hard - 150 gm,15.87 SAR,15.87
Gatsby Styling Gel Ultra Hold - 150 gm,15.87 SAR,15.87
Nishman Ultra Hold Hair Styling Gel Gum Effect 5 + 300 ml,14.95 SAR,14.95
Nishman Styling Cream - Cream Gel - No.6 - Extra Hold 100 Ml,13.80 SAR,13.80
Dermacol Eyebrow Lifting Eyebrow Styling Wax Gel No. 02,22.11 SAR,22.11
Nishman Styling Cream Gel - No.6 - Extra Hold 150 ml,16.68 SAR,16.68
Dermacol Eyebrow Lifting Eyebrow Styling Wax Gel No 01,22.11 SAR,22.11
Dermacol Eyebrow Lifting Eyebrow Styling Wax Gel No. 03,22.11 SAR,22.11
Cantu Moisture Retention Styling Gel 524g,25.00 SAR,25.00
New Wave Gel Ultra Strong 24h Hold 200 ml,26.40 SAR,26.40
Got2B Glued Styling Spiking Glue 150Ml,48.07 SAR,48.07
Cantu Define & Shine Custard 340 gm,37.44 SAR,37.44
Dabur Vatika Hair Gel Strong Hold 250 ml,6.03 SAR,6.03
Cantu Moisturizing Twist & Lock Gel 370 gm,37.44 SAR,37.44
New Wave Gel Absolute Freeze Effect 200 ml,26.40 SAR,26.40
Dabur Vatika Gel Cream Wet Look 250 ml,8.20 SAR,8.20
Dabur Vatika Hair Gel Wet Look 250 ml,6.03 SAR,6.03
Dabur Vatika Hair Gel Extreme Hold 250 ml,6.03 SAR,6.03
Studio Line Hair Gel Extreme Hold 150 Ml,51.69 SAR,51.69
Dabur Vatika Hair Gel Strong Hold Tube 150 ml,6.30 SAR,6.30
Taft Power Wax 75 ml,28.18 SAR,28.18
Dabur Vatika Gel Cream Strong Hold 250 ml,8.20 SAR,8.20
Dabur Vatika Hair food Lemon and avacado 150 gm,10.05 SAR,10.05
Dabur Vatika Gel Cream Extreme Hold 250 ml,8.20 SAR,8.20
New Wave Gel Strong Wet Look 200 ml,26.40 SAR,26.40
Taft Ultra Wax 75 ml,28.18 SAR,28.18
Taft Ultimate Wax 75ml,28.18 SAR,28.18
Casanova Hair Cream Anti Dandruf 150 ml,7.59 SAR,7.59
Sunsilk Hair Cream Dream Soft & Smooth Egg 175 ml,13.23 SAR,13.23
Sunsilk Hair Cream Ginseng & Soya 175 Ml,16.15 SAR,16.15
Kerastase Curl Manifesto Curl Defining Gelcream 150ml,139.23 SAR,139.23
Mielle Organics Rosemary Mint Edge Hair Gel 57 gm,34.95 SAR,34.95
CHI Cream Gel Black Seed Oil Curl Defining 148 ml,87.75 SAR,87.75
Gatsby Gel Water Gloss Soft 150 gm,13.80 SAR,13.80
Gatsby Gel Water Gloss Soft 300 gm,16.79 SAR,16.79
Gatsby Gel Water Gloss Super Hard 300 gm,16.79 SAR,16.79
Gatsby Gel Water Gloss Hyper Solid 300 gm,16.79 SAR,16.79
Gatsby Gel Water Gloss Hyper Solid 150 gm,13.80 SAR,13.80
Gatsby Gel Water Gloss Super Hard - 150 gm,13.80 SAR,13.80
Vatika Hair Gel Mega Hold 250 ml,6.03 SAR,6.03
Taft Hair Gel Power V12 Speed Gel Turbo Hold 150 ml,25.30 SAR,25.30
Dabur Vatika Hair Gel Max Hold Tube 150 ml,6.30 SAR,6.30
Dabur Vatika Hair Gel Wet Look Tube 150 ml,6.64 SAR,6.64
Studio-Line Hair Gel Fx Out Of Bed 150 ml 51180,33.26 SAR,33.26
Taft Hair Gel Marathon Power 48h Long Lasting 150ml,25.96 SAR,25.96
Studio Line Hair Gel Fx Invisi Extra 150 ml,23.92 SAR,23.92
Studio Line Hair Gel Fx Invisi Normal 150 ml,23.92 SAR,23.92
Creightons Curl Styling Cream Gel with Moringa Oil 150 ml,12.56 SAR,12.56
Giovanni La Hold Styling Gel 200ml,39.94 SAR,39.94
Cantu Avocado Styling Gel 524 gm,29.95 SAR,29.95
Cantu Maximum Hold Styling Gel 524g,29.95 SAR,29.95
Gatsby Styling Gel Strong Hold - 150 gm,15.87 SAR,15.87
Gatsby Styling Gel Wet & Hard - 150 gm,15.87 SAR,15.87
Gatsby Styling Gel Ultra Hold - 150 gm,15.87 SAR,15.87
Nishman Ultra Hold Hair Styling Gel Gum Effect 5 + 300 ml,14.95 SAR,14.95
Nishman Styling Cream - Cream Gel - No.6 - Extra Hold 100 Ml,13.80 SAR,13.80
Dermacol Eyebrow Lifting Eyebrow Styling Wax Gel No. 02,22.11 SAR,22.11
Nishman Styling Cream Gel - No.6 - Extra Hold 150 ml,16.68 SAR,16.68
Dermacol Eyebrow Lifting Eyebrow Styling Wax Gel No 01,22.11 SAR,22.11
Dermacol Eyebrow Lifting Eyebrow Styling Wax Gel No. 03,22.11 SAR,22.11
Cantu Moisture Retention Styling Gel 524g,25.00 SAR,25.00
New Wave Gel Ultra Strong 24h Hold 200 ml,26.40 SAR,26.40
Got2B Glued Styling Spiking Glue 150Ml,48.07 SAR,48.07
Cantu Define & Shine Custard 340 gm,37.44 SAR,37.44
Dabur Vatika Hair Gel Strong Hold 250 ml,6.03 SAR,6.03
Cantu Moisturizing Twist & Lock Gel 370 gm,37.44 SAR,37.44
New Wave Gel Absolute Freeze Effect 200 ml,26.40 SAR,26.40
Dabur Vatika Gel Cream Wet Look 250 ml,8.20 SAR,8.20
Dabur Vatika Hair Gel Wet Look 250 ml,6.03 SAR,6.03
Dabur Vatika Hair Gel Extreme Hold 250 ml,6.03 SAR,6.03
Studio Line Hair Gel Extreme Hold 150 Ml,51.69 SAR,51.69
Dabur Vatika Hair Gel Strong Hold Tube 150 ml,6.30 SAR,6.30
Taft Power Wax 75 ml,28.18 SAR,28.18
Dabur Vatika Gel Cream Strong Hold 250 ml,8.20 SAR,8.20
Dabur Vatika Hair food Lemon and avacado 150 gm,10.05 SAR,10.05
Dabur Vatika Gel Cream Extreme Hold 250 ml,8.20 SAR,8.20
New Wave Gel Strong Wet Look 200 ml,26.40 SAR,26.40
Taft Ultra Wax 75 ml,28.18 SAR,28.18
Taft Ultimate Wax 75ml,28.18 SAR,28.18
Casanova Hair Cream Anti Dandruf 150 ml,7.59 SAR,7.59
Sunsilk Hair Cream Dream Soft & Smooth Egg 175 ml,13.23 SAR,13.23
Sunsilk Hair Cream Ginseng & Soya 175 Ml,16.15 SAR,16.15
Kerastase Curl Manifesto Curl Defining Gelcream 150ml,139.23 SAR,139.23
Mielle Organics Rosemary Mint Edge Hair Gel 57 gm,34.95 SAR,34.95
CHI Cream Gel Black Seed Oil Curl Defining 148 ml,87.75 SAR,87.75
Gatsby Gel Water Gloss Soft 150 gm,13.80 SAR,13.80
Gatsby Gel Water Gloss Soft 300 gm,16.79 SAR,16.79
Gatsby Gel Water Gloss Super Hard 300 gm,16.79 SAR,16.79
Gatsby Gel Water Gloss Hyper Solid 300 gm,16.79 SAR,16.79
Gatsby Gel Water Gloss Hyper Solid 150 gm,13.80 SAR,13.80
Gatsby Gel Water Gloss Super Hard - 150 gm,13.80 SAR,13.80
Vatika Hair Gel Mega Hold 250 ml,6.03 SAR,6.03
Taft Hair Gel Power V12 Speed Gel Turbo Hold 150 ml,25.30 SAR,25.30
Dabur Vatika Hair Gel Max Hold Tube 150 ml,6.30 SAR,6.30
Dabur Vatika Hair Gel Wet Look Tube 150 ml,6.64 SAR,6.64
Studio-Line Hair Gel Fx Out Of Bed 150 ml 51180,33.26 SAR,33.26
Taft Hair Gel Marathon Power 48h Long Lasting 150ml,25.96 SAR,25.96
Studio Line Hair Gel Fx Invisi Extra 150 ml,23.92 SAR,23.92
Studio Line Hair Gel Fx Invisi Normal 150 ml,23.92 SAR,23.92
Creightons Curl Styling Cream Gel with Moringa Oil 150 ml,12.56 SAR,12.56
Giovanni La Hold Styling Gel 200ml,39.94 SAR,39.94
Cantu Avocado Styling Gel 524 gm,29.95 SAR,29.95
Cantu Maximum Hold Styling Gel 524g,29.95 SAR,29.95
Gatsby Styling Gel Strong Hold - 150 gm,15.87 SAR,15.87
Gatsby Styling Gel Wet & Hard - 150 gm,15.87 SAR,15.87
Gatsby Styling Gel Ultra Hold - 150 gm,15.87 SAR,15.87
Nishman Ultra Hold Hair Styling Gel Gum Effect 5 + 300 ml,14.95 SAR,14.95
Nishman Styling Cream - Cream Gel - No.6 - Extra Hold 100 Ml,13.80 SAR,13.80
Dermacol Eyebrow Lifting Eyebrow Styling Wax Gel No. 02,22.11 SAR,22.11
Nishman Styling Cream Gel - No.6 - Extra Hold 150 ml,16.68 SAR,16.68
Dermacol Eyebrow Lifting Eyebrow Styling Wax Gel No 01,22.11 SAR,22.11
Dermacol Eyebrow Lifting Eyebrow Styling Wax Gel No. 03,22.11 SAR,22.11
Cantu Moisture Retention Styling Gel 524g,25.00 SAR,25.00
New Wave Gel Ultra Strong 24h Hold 200 ml,26.40 SAR,26.40
Got2B Glued Styling Spiking Glue 150Ml,48.07 SAR,48.07
Cantu Define & Shine Custard 340 gm,37.44 SAR,37.44
Dabur Vatika Hair Gel Strong Hold 250 ml,6.03 SAR,6.03
Cantu Moisturizing Twist & Lock Gel 370 gm,37.44 SAR,37.44
New Wave Gel Absolute Freeze Effect 200 ml,26.40 SAR,26.40
Dabur Vatika Gel Cream Wet Look 250 ml,8.20 SAR,8.20
Dabur Vatika Hair Gel Wet Look 250 ml,6.03 SAR,6.03
Dabur Vatika Hair Gel Extreme Hold 250 ml,6.03 SAR,6.03
Studio Line Hair Gel Extreme Hold 150 Ml,51.69 SAR,51.69
Dabur Vatika Hair Gel Strong Hold Tube 150 ml,6.30 SAR,6.30
Taft Power Wax 75 ml,28.18 SAR,28.18
Dabur Vatika Gel Cream Strong Hold 250 ml,8.20 SAR,8.20
Dabur Vatika Hair food Lemon and avacado 150 gm,10.05 SAR,10.05
Dabur Vatika Gel Cream Extreme Hold 250 ml,8.20 SAR,8.20
New Wave Gel Strong Wet Look 200 ml,26.40 SAR,26.40
Taft Ultra Wax 75 ml,28.18 SAR,28.18
Taft Ultimate Wax 75ml,28.18 SAR,28.18
Casanova Hair Cream Anti Dandruf 150 ml,7.59 SAR,7.59
Sunsilk Hair Cream Dream Soft & Smooth Egg 175 ml,13.23 SAR,13.23
Sunsilk Hair Cream Ginseng & Soya 175 Ml,16.15 SAR,16.15
Kerastase Curl Manifesto Curl Defining Gelcream 150ml,139.23 SAR,139.23
Mielle Organics Rosemary Mint Edge Hair Gel 57 gm,34.95 SAR,34.95
CHI Cream Gel Black Seed Oil Curl Defining 148 ml,87.75 SAR,87.75
Gatsby Gel Water Gloss Soft 150 gm,13.80 SAR,13.80
Gatsby Gel Water Gloss Soft 300 gm,16.79 SAR,16.79
Gatsby Gel Water Gloss Super Hard 300 gm,16.79 SAR,16.79
Gatsby Gel Water Gloss Hyper Solid 300 gm,16.79 SAR,16.79
Gatsby Gel Water Gloss Hyper Solid 150 gm,13.80 SAR,13.80
Gatsby Gel Water Gloss Super Hard - 150 gm,13.80 SAR,13.80
Vatika Hair Gel Mega Hold 250 ml,6.03 SAR,6.03
Taft Hair Gel Power V12 Speed Gel Turbo Hold 150 ml,25.30 SAR,25.30
Dabur Vatika Hair Gel Max Hold Tube 150 ml,6.30 SAR,6.30
Dabur Vatika Hair Gel Wet Look Tube 150 ml,6.64 SAR,6.64
Studio-Line Hair Gel Fx Out Of Bed 150 ml 51180,33.26 SAR,33.26
Taft Hair Gel Marathon Power 48h Long Lasting 150ml,25.96 SAR,25.96
Studio Line Hair Gel Fx Invisi Extra 150 ml,23.92 SAR,23.92
Studio Line Hair Gel Fx Invisi Normal 150 ml,23.92 SAR,23.92
Creightons Curl Styling Cream Gel with Moringa Oil 150 ml,12.56 SAR,12.56
Giovanni La Hold Styling Gel 200ml,39.94 SAR,39.94
Cantu Avocado Styling Gel 524 gm,29.95 SAR,29.95
Cantu Maximum Hold Styling Gel 524g,29.95 SAR,29.95
Gatsby Styling Gel Strong Hold - 150 gm,15.87 SAR,15.87
Gatsby Styling Gel Wet & Hard - 150 gm,15.87 SAR,15.87
Gatsby Styling Gel Ultra Hold - 150 gm,15.87 SAR,15.87
Nishman Ultra Hold Hair Styling Gel Gum Effect 5 + 300 ml,14.95 SAR,14.95
Nishman Styling Cream - Cream Gel - No.6 - Extra Hold 100 Ml,13.80 SAR,13.80
Dermacol Eyebrow Lifting Eyebrow Styling Wax Gel No. 02,22.11 SAR,22.11
Nishman Styling Cream Gel - No.6 - Extra Hold 150 ml,16.68 SAR,16.68
Dermacol Eyebrow Lifting Eyebrow Styling Wax Gel No 01,22.11 SAR,22.11
Dermacol Eyebrow Lifting Eyebrow Styling Wax Gel No. 03,22.11 SAR,22.11
Cantu Moisture Retention Styling Gel 524g,25.00 SAR,25.00
New Wave Gel Ultra Strong 24h Hold 200 ml,26.40 SAR,26.40
Got2B Glued Styling Spiking Glue 150Ml,48.07 SAR,48.07
Cantu Define & Shine Custard 340 gm,37.44 SAR,37.44
Dabur Vatika Hair Gel Strong Hold 250 ml,6.03 SAR,6.03
Cantu Moisturizing Twist & Lock Gel 370 gm,37.44 SAR,37.44
New Wave Gel Absolute Freeze Effect 200 ml,26.40 SAR,26.40
Dabur Vatika Gel Cream Wet Look 250 ml,8.20 SAR,8.20
Dabur Vatika Hair Gel Wet Look 250 ml,6.03 SAR,6.03
Dabur Vatika Hair Gel Extreme Hold 250 ml,6.03 SAR,6.03
Studio Line Hair Gel Extreme Hold 150 Ml,51.69 SAR,51.69
Dabur Vatika Hair Gel Strong Hold Tube 150 ml,6.30 SAR,6.30
Taft Power Wax 75 ml,28.18 SAR,28.18
Dabur Vatika Gel Cream Strong Hold 250 ml,8.20 SAR,8.20
Dabur Vatika Hair food Lemon and avacado 150 gm,10.05 SAR,10.05
Dabur Vatika Gel Cream Extreme Hold 250 ml,8.20 SAR,8.20
New Wave Gel Strong Wet Look 200 ml,26.40 SAR,26.40
Taft Ultra Wax 75 ml,28.18 SAR,28.18
Taft Ultimate Wax 75ml,28.18 SAR,28.18
Casanova Hair Cream Anti Dandruf 150 ml,7.59 SAR,7.59
Sunsilk Hair Cream Dream Soft & Smooth Egg 175 ml,13.23 SAR,13.23
Sunsilk Hair Cream Ginseng & Soya 175 Ml,16.15 SAR,16.15
Kerastase Curl Manifesto Curl Defining Gelcream 150ml,139.23 SAR,139.23
Mielle Organics Rosemary Mint Edge Hair Gel 57 gm,34.95 SAR,34.95
CHI Cream Gel Black Seed Oil Curl Defining 148 ml,87.75 SAR,87.75
Gatsby Gel Water Gloss Soft 150 gm,13.80 SAR,13.80
Gatsby Gel Water Gloss Soft 300 gm,16.79 SAR,16.79
Gatsby Gel Water Gloss Super Hard 300 gm,16.79 SAR,16.79
Gatsby Gel Water Gloss Hyper Solid 300 gm,16.79 SAR,16.79
Gatsby Gel Water Gloss Hyper Solid 150 gm,13.80 SAR,13.80
Gatsby Gel Water Gloss Super Hard - 150 gm,13.80 SAR,13.80
Vatika Hair Gel Mega Hold 250 ml,6.03 SAR,6.03
Taft Hair Gel Power V12 Speed Gel Turbo Hold 150 ml,25.30 SAR,25.30
Dabur Vatika Hair Gel Max Hold Tube 150 ml,6.30 SAR,6.30
Dabur Vatika Hair Gel Wet Look Tube 150 ml,6.64 SAR,6.64
Studio-Line Hair Gel Fx Out Of Bed 150 ml 51180,33.26 SAR,33.26
Taft Hair Gel Marathon Power 48h Long Lasting 150ml,25.96 SAR,25.96
Studio Line Hair Gel Fx Invisi Extra 150 ml,23.92 SAR,23.92
Studio Line Hair Gel Fx Invisi Normal 150 ml,23.92 SAR,23.92
Creightons Curl Styling Cream Gel with Moringa Oil 150 ml,12.56 SAR,12.56
Giovanni La Hold Styling Gel 200ml,39.94 SAR,39.94
Cantu Avocado Styling Gel 524 gm,29.95 SAR,29.95
Cantu Maximum Hold Styling Gel 524g,29.95 SAR,29.95
Gatsby Styling Gel Strong Hold - 150 gm,15.87 SAR,15.87
Gatsby Styling Gel Wet & Hard - 150 gm,15.87 SAR,15.87
Gatsby Styling Gel Ultra Hold - 150 gm,15.87 SAR,15.87
Nishman Ultra Hold Hair Styling Gel Gum Effect 5 + 300 ml,14.95 SAR,14.95
Nishman Styling Cream - Cream Gel - No.6 - Extra Hold 100 Ml,13.80 SAR,13.80
Dermacol Eyebrow Lifting Eyebrow Styling Wax Gel No. 02,22.11 SAR,22.11
Nishman Styling Cream Gel - No.6 - Extra Hold 150 ml,16.68 SAR,16.68
Dermacol Eyebrow Lifting Eyebrow Styling Wax Gel No 01,22.11 SAR,22.11
Dermacol Eyebrow Lifting Eyebrow Styling Wax Gel No. 03,22.11 SAR,22.11
Cantu Moisture Retention Styling Gel 524g,25.00 SAR,25.00
New Wave Gel Ultra Strong 24h Hold 200 ml,26.40 SAR,26.40
Got2B Glued Styling Spiking Glue 150Ml,48.07 SAR,48.07
Cantu Define & Shine Custard 340 gm,37.44 SAR,37.44
Dabur Vatika Hair Gel Strong Hold 250 ml,6.03 SAR,6.03
Cantu Moisturizing Twist & Lock Gel 370 gm,37.44 SAR,37.44
New Wave Gel Absolute Freeze Effect 200 ml,26.40 SAR,26.40
Dabur Vatika Gel Cream Wet Look 250 ml,8.20 SAR,8.20
Dabur Vatika Hair Gel Wet Look 250 ml,6.03 SAR,6.03
Dabur Vatika Hair Gel Extreme Hold 250 ml,6.03 SAR,6.03
Studio Line Hair Gel Extreme Hold 150 Ml,51.69 SAR,51.69
Dabur Vatika Hair Gel Strong Hold Tube 150 ml,6.30 SAR,6.30
Taft Power Wax 75 ml,28.18 SAR,28.18
Dabur Vatika Gel Cream Strong Hold 250 ml,8.20 SAR,8.20
Dabur Vatika Hair food Lemon and avacado 150 gm,10.05 SAR,10.05
Dabur Vatika Gel Cream Extreme Hold 250 ml,8.20 SAR,8.20
New Wave Gel Strong Wet Look 200 ml,26.40 SAR,26.40
Taft Ultra Wax 75 ml,28.18 SAR,28.18
Taft Ultimate Wax 75ml,28.18 SAR,28.18
Casanova Hair Cream Anti Dandruf 150 ml,7.59 SAR,7.59
Sunsilk Hair Cream Dream Soft & Smooth Egg 175 ml,13.23 SAR,13.23
Sunsilk Hair Cream Ginseng & Soya 175 Ml,16.15 SAR,16.15
Kerastase Curl Manifesto Curl Defining Gelcream 150ml,139.23 SAR,139.23
Mielle Organics Rosemary Mint Edge Hair Gel 57 gm,34.95 SAR,34.95
CHI Cream Gel Black Seed Oil Curl Defining 148 ml,87.75 SAR,87.75
Gatsby Gel Water Gloss Soft 150 gm,13.80 SAR,13.80
Gatsby Gel Water Gloss Soft 300 gm,16.79 SAR,16.79
Gatsby Gel Water Gloss Super Hard 300 gm,16.79 SAR,16.79
Gatsby Gel Water Gloss Hyper Solid 300 gm,16.79 SAR,16.79
Gatsby Gel Water Gloss Hyper Solid 150 gm,13.80 SAR,13.80
Gatsby Gel Water Gloss Super Hard - 150 gm,13.80 SAR,13.80
Vatika Hair Gel Mega Hold 250 ml,6.03 SAR,6.03
Taft Hair Gel Power V12 Speed Gel Turbo Hold 150 ml,25.30 SAR,25.30
Dabur Vatika Hair Gel Max Hold Tube 150 ml,6.30 SAR,6.30
Dabur Vatika Hair Gel Wet Look Tube 150 ml,6.64 SAR,6.64
Studio-Line Hair Gel Fx Out Of Bed 150 ml 51180,33.26 SAR,33.26
Taft Hair Gel Marathon Power 48h Long Lasting 150ml,25.96 SAR,25.96
Studio Line Hair Gel Fx Invisi Extra 150 ml,23.92 SAR,23.92
Studio Line Hair Gel Fx Invisi Normal 150 ml,23.92 SAR,23.92
Kérastase Curl Manifesto Gelee Curl Contour Gel-Cream 150 ml,SAR 139.23,139.23
"Azonee Men Hair Styling Gel, 2-In-1 Hair Wax Gel With Comb, Men Hair Styling Care Kit Men Oil Head Styling Gel, Long Lasting Fluffy Men Fast Build Hair Salon Styling Gel",SAR 36.90,36.90
Hair Styling Gel - Mega Hold Silicone free - Reborn Beauty 300ml,SAR 19.00,19.00
"Men's 2-in-1 Hair Styling Gel With Comb - Long Lasting Fluffy Fast Build Salon Gel, Moisturizing Wax for Men",SAR 59.99,59.99
Giovanni Organic Hair Gel Firm Holding - 200g,SAR 39.92,39.92
"Vatika Naturals Advans Wet Look Styling Hair Gel with H20 Effect, Strong Hold & High Shine, Easy to Style - 500 ml",SAR 7.99,7.99
"SheaMoisture Defining Styling Gel For Thick, Curly Hair Coconut and Hibiscus Paraben-Free Frizz Control Styling Gel 15 oz",SAR 45.40,45.40
"Vatika Naturals Spike Up - Strong Hold Hair Styling Gel, Extreme Hold, High Shine, Easy To Style, For Bold Look - 250 ml",SAR 6.03,6.03
Miele Organics Edge Strengthening Gel With Rosemary And Mint 57G,SAR 34.93,34.93
"Wella New Wave Tuff Stuff Gel – 24H Ultra Strong Hold, Heat & Sweat Proof, Non-Sticky Hair Gel – 200ml",SAR 19.56,19.56
"L’Oréal Paris Gel Hair 150 ml, Very Strong Strapless Gray",SAR 28.10,28.10
Mielle Organics Styling Gel Honey & Ginger 384ml,SAR 41.73,41.73
Cantu Shea Butter Maximum Hold Strengthening Styling Gel with Jamaican Black Castor Oil 524ml,SAR 29.95,29.95
Cantu Shea Butter Maximum Hold Moisture Retention with Flaxseed and Olive Oil Styling Gel 18.5oz (1PCS),SAR 24.80,24.80
Vatika Naturals Spike Up - Strong Hold Hair Styling Gel - 150 ml,SAR 6.30,6.30
"Immetee Edge Control Gel With Brush for Afro Hair, Flyaway Hair Tamer (100g, 3.52 oz) (Pink-Watermelon)",SAR 20.00,20.00
Vatika Naturals Mega Hold Stand Tough Styling Gel 250ml | Strong Hold & High Shine | Easy to Style,SAR 6.03,6.03
"Vatika Naturals Slick Strong Hold Styling Gel Cream 250ml | 24 Hour Hold | No Alcohol | Hyper Solid, High Shine | Easy Wash Off | For Medium to Long Hairs",SAR 8.20,8.20
"GIOVANNI COSMETICS L.A. Natural Styling Gel, 2 Oz",SAR 30.00,30.00
Cantu Shea Butter Moisturizing Twist & Lock Gel 370g,SAR 31.88,31.88
"Azonee Men Hair Styling Gel, 2-In-1 Hair Wax Gel With Comb, Hair Gel Strong Hold, Hair Wax for Men - The Unique Design is Perfect, Long Lasting Fluffy Men Fast Build Hair Salon Styling Gel (2*280ml)",SAR 42.66,42.66
"Eco Style Styling Gel, Olive Oil, 24 Ounce",SAR 85.00,85.00
"Hair Styling Gel - Long-Lasting Fixation, Smooth & Control Frizz, Nourishing & Non-Greasy, Ideal for Messy Hair, Wedding, Stage, Men's Styling, Children's Hair, Easy to Use & Create Your Own Hairstyle",SAR 38.98,38.98
"2 Pcs Braid Styling Gel | 250ml Shining and Conditioning Hair Gel | Styling Gel Great for Braiding, Twisting, Extra Hold",SAR 370.89,370.89
"Wella New Wave Styling Steel Gel – 24-Hour Strong Hold Hair Gel for Ultimate Freeze Effect, Long-Lasting, Easy Wash Out – 200ml",SAR 19.56,19.56
"Cantu Avocado Oil And Shea Butter, Alcohol-Free, No Parabens, Flexible Hold Gel 18.5 Ounce Jar",SAR 30.66,30.66
got2b Schwarzkopf Glued Styling Spiking Glue 1.25 oz (Pack of 1),SAR 21.00,21.00
"SK5 Hair Styling Gel 1000 ml, Clear",SAR 17.10,17.10
Cantu Shea Butter Styling Gel With Honey 524g,SAR 37.14,37.14
"Eco Styler Professional Styling Gel, Olive Oil, Max Hold 10, 16 Oz",SAR 81.48,81.48
"Eco Style ECOCO Gel - Curl & Wave 8 Oz, I0107723",SAR 38.99,38.99
Fix Wet Look Hair Styling Gel 500 ml,SAR 9.72,9.72
"Got2B Ultra Glued Invincible Styling Hair Gel, 6 Ounce",SAR 49.00,49.00
"Vatika Naturals Menz Extreme Hold Hair Gel 250ml | Rock Hard 24 Hour Hold | No Alcohol | With Cactus, Nettle & Olive Extracts",SAR 6.95,6.95
Reborn Beauty Hair Styling Gel Wet Look 300ml,SAR 19.00,19.00
"Vatika Naturals Spike Up - Strong Hold Hair Styling Gel, Extreme Hold, High Shine, Easy To Style, For Bold Look - 500 ml",SAR 7.99,7.99
Vatika Naturals Advans Maxx Hold Styling Hair Gel With Steel Effect 150 ml | Extreme Hold & High Shine | Easy to Style,SAR 9.99,9.99
Hair Styling Gel - Mega Hold Silicone free - Reborn Beauty 300ml,SAR 19.00,19.00
"Vatika Menz Wet Look Hair Gel - 250 ml | With Aloe Vera, Honey & Jarjeer Extracts | Splash Effect with 24 Hr Hold",SAR 6.03,6.03
"CLEAR Soft Styling Cream for casual hair styling, Cool Sport Menthol to style your hair without dandruff worries, 275ml",SAR 14.95,14.95
Vatika Naturals Wave Wet Look Styling Gel Cream 250ml | 24 Hour Hold | No Alcohol | Shiny Effect & Long Lasting Hold | Easy Wash Off,SAR 8.95,8.95
Wetline Xtreme Pro-Expert Styling Gel 15.87 Ounce (450g) (Pack of 1),SAR 77.91,77.91
Cantu Guava Curl Strengthening Cream Gel 12oz (340g),SAR 26.00,26.00
Vatika Naturals Advans Wet Look Styling Hair Gel with H20 Effect | Strong Hold & High Shine | Easy to Style - 150 ml,SAR 6.64,6.64
"Shea Moisture, Styling Gel Black Castor Oil Jamaican, 15 Ounce",SAR 58.50,58.50
"Gummy Hair Gel, 700 ml",SAR 36.00,36.00
L’Oréal Paris Studio Line Indestructible Tube 150ml,SAR 30.00,30.00
"Cantu Kids Styling Gel, 2.25 oz",SAR 31.17,31.17
"Marc Anthony Define & Hold Flex Hair Styling Gel, Strictly Curls - Medium to Coarse Curls - High Hold, Long-Lasting Frizz Control & Added Shine with Shea Butter - Anti-Frizz Hair Products for Women",SAR 97.00,97.00
L’Oréal Paris Studio Line Mineral Control Invisi Gel Normal 150Ml,SAR 42.25,42.25
"NIVEA Hair Gel, Simple Hair Styling for Natural Looking Looks with Strong Hold, Styling Gel with Vitamin B3, Care & Hold Nourishing Styling Cream Gel (150 ml)",SAR 105.00,105.00
"Vatika Naturals Spike Extreme Hold - Styling Gel Cream | Hyper Solid, High Shine | Easy Wash Off | For Medium to Long Hairs - 250 ml",SAR 7.20,7.20
"Giovanni L.A. Hold Styling Gel - Extreme Hold Hair Gel with Surface Enhancers, 6.8 Ounce (Pack of 1)",SAR 40.00,40.00
Eco Style r Olive Oil Styling Gel - Hair Gel 235 ml,SAR 78.10,78.10
Hair Gel 1000 ml Grey,SAR 45.00,45.00
"Azonee Men Hair Styling Gel, Hair Gel Sstick, 2 in 1 Hair Wax Comb, Hair Gel Strong Hold, Hair Wax for Men - The Unique Design is Perfect,Long Lasting Fluffy Men Fast Build Hair Salon Styling Gel",SAR 33.21,33.21
"2-in-1 Men Hair Styling Gel with Comb, One-comb Shaping-styling Gel Comb, Hair Oil Head Gel with Comb, Hair Setting Gel with Dip Comb Men Styling Wax Solution, Fast Build, Moisturizing (2PCS)",SAR 85.49,85.49
"SvYii Volumizing Hair Gel | Long-lasting Bright Styling Gel,Instant Volumizing With Non-Greasy & Non-Sticky, Suitable For All Hair Types",SAR 271.51,271.51
"5 Pcs Hair Conditioning Gel | 250ml Extra Hold Braid, Loc, Twist Gel - Hair Styling Gel for Braiders Control Edge & Frizz Hair",SAR 588.62,588.62
"Azonee Hair Gel Mens With Comb, 2 in 1 Hair Wax Comb, Hair Gel Strong Hold, Hair Wax for Men - The Unique Design is Perfect,Long Lasting Fluffy Men Fast Build Hair Salon Styling Gel (280ml)",SAR 39.90,39.90
"Giovanni, Styling Gel L.A. Natural, 6.8 Fl Oz",,
Professional Hair Gel - Black,SAR 26.45,26.45
"Taft V12 Power Styling Gel, For Long-lasting Speed Hold, 150ML (packaging may vary)",SAR 22.95,22.95
"Garnier Fructis Style Pure Clean Styling Gel, 6.8 Ounces",SAR 81.46,81.46
ECOCO Eco Style Gel - Olive Oil 32 Oz (ECOOLV32),SAR 99.98,99.98
Energy Cosmetics Armada Hair Styling Gel Ultimate Hold Red 500ml #3,SAR 17.10,17.10
"Aunt Jackie's Flaxseed Recipes Don't Shrink Elongating Hair Curling Gel for Natural Curls, Coils and Waves, Helps Prevent Dryness and Flaking, 15 oz",SAR 93.96,93.96
Cantu Shea Butter For Natural Hair Moisturizing Twist & Lock Gel (13oz),SAR 40.00,40.00
"Arata Natural Curl Defining Hair Gel for Studio Styling, Shaping, Strong Hold & Nourishment with Organic Flaxseed & Olive Extracts | For Medium-To-Strong-Hold For 12 Hours & Boosts Hair Growth-150 ml",SAR 30.00,30.00
B.COOL Hair Gel Cool breeze1000ml Hair Styling Gel,SAR 38.00,38.00
"got2b Schwarzkopf Glued for Brows & Edges 2 in 1 Wand Gel, For Laying Edges and Styling Brows, 72hr Hold, No White Residue or Stickness, Vegan, Silicone Free, Alcohol Free, 16 ml (Pack of 1)",SAR 56.05,56.05
Syoss Gel Max Hold 250ml,SAR 29.20,29.20
"Eco Style Styling Gel, Argan Oil, 24 Ounce",SAR 85.00,85.00
Ecoco Eco Style Gel - Argan Oil - 100% Pure Olive Oil - Promotes Healthy Hair - Nourishes And Repairs Hair - Long-Lasting Shine - 10/10 Maximum Hold - Tames Frizzy Hair - For All Hair Types - 8 Oz,SAR 67.41,67.41
"Umberto Giannini Curl Jelly Scrunching Jelly, Vegan & Cruelty Free Frizz Styling Curl Control Hair Gel for Curly or Wavy Hair",SAR 101.30,101.30
American Crew Firm Hold Styling Gel 250ml / 8.45oz,SAR 124.78,124.78
Eco Styler Moroccan Argan Oil Styling Gel 946 ml,SAR 69.42,69.42
"ENERGY COSMETICS Armada Hair Styling Gel Blue Extra Hold, 500 ml",SAR 18.00,18.00
"Nivea Men Craft Stylers Defining Styling Gel, Hair Gel with Semi-Matt Finish, Quick and Easy Hair Styling with Strong Hold, Pack of 1 (1 x 150 ml)",SAR 37.47,37.47
Taft Looks Wet Gel Wet Effect Extra Hold 150ml,SAR 23.45,23.45
"Shine 'n Jam Ampro Conditioning Gel, Extra Hold, 4 Ounce",SAR 59.00,59.00
"Moisture RX, Moisturizing Styling Gel, Hawaiian Ginger, 12 oz (340 g), Mielle",SAR 44.34,44.34
Energy Cosmetics Armada Hair Styling Gel Extreme Hold Green 500ml #2,SAR 20.66,20.66
"Got 2B Ultra Glued Invincible Styling Gel, 1.25 Ounce",SAR 45.00,45.00
"immetee Instant Control Edge Control Gel, Long Lasting 4C Extreme Hold Braiding Gel, Strong Hold Stylings Wax Non-greasy Smoother Edge (100g+Brush) (Edges Control Gels)",SAR 35.00,35.00
Vineen Elsada Professional Styling Gel Blue 250ml,SAR 40.00,40.00
Got2B Glued Waterproof Stly.Gel 6/150 Ml,SAR 48.07,48.07
"Cantu Protective Styles by Angela Braiding & Twisting Gel with Marula Oil & Aloe Vera, 8 Ounce",SAR 28.80,28.80
b.cool Styling Gel Hair Wax Strawberry Scent - 1000ml,SAR 35.99,35.99
Stylin' Dredz Moulding Strong Maximum Hold Gel Wax with Tea Tree Oil Hair Care for Dreadlocks 250 ml,SAR 59.55,59.55
Shea Moisture Edge Gel 3.5 Oz,SAR 49.38,49.38
"Energy Cosmetics Armada Professional Hair Styling Gel, 200ml",SAR 17.50,17.50
"CURLSMITH - Curl Defining Styling Soufflé - Vegan Medium Hold Styling Gel for Wavy, Curly and Coily Hair (8oz)",SAR 144.24,144.24
Xtreme Professional Wet Line Styling Gel Extra Hold 17.63oz,SAR 102.00,102.00
B.cool Hair Styling Gel Strong Hold Blue 500ml,SAR 50.00,50.00
Curlsmith - Hair Makeup - Vegan Temporary Hair Color and Styling Gel (Rose Gold 3fl.oz),SAR 85.00,85.00
"KASTWAVE Kids Hair Styling Gel, Multi Styler, Natural Ingredients, Alcohol-Free, Medium Hold, Safe for Everyday Use, Show, Performance, Fruit fragrance",SAR 62.65,62.65
Elsada Hair Gel 1000 ml Green,SAR 45.00,45.00
ECO Styler Olive Oil Styling Gel 236ml,SAR 80.99,80.99
"Ouidad Advanced Climate Control Heat and Humidity Gel, 8.5 Fl Oz",SAR 103.38,103.38
"BCOOL Hair Gel | Ultra Hold & Nourish Formula for Hair, Suits All Hair Types, Ideal for Men & Women, Long Lasting, Gives Natural Shine | Best for Everyday Hair Styling | 300ml",SAR 29.99,29.99
"Energy 1103052 Armada Hair Styling Gel 1000 ml, Red",SAR 30.00,30.00
"NALACAL Hair Styling Gel for Kids, Children's Hair Wax Stick - Built-in Comb 2-in-1 Hair Finishing Stick, Natural Ingredients Refreshing and Non-Greasy, Easy to Styling, 0.71oz",SAR 49.99,49.99
"Schwarzkopf Taft power wax for wet or dry hair, 75 ml",SAR 19.20,19.20
"Cantu Avocado Oil And Shea Butter, Alcohol-Free, No Parabens, Flexible Hold Gel 18.5 Ounce Jar",SAR 41.95,41.95
"AllDay Locks Braid Gel | Extreme Hold, Smooths & Tames Frizz | No Flaking or Drying | High Shine, Long Lasting for Braids, Locks, Twists, Cornrows | 5 oz",SAR 86.63,86.63
"Vanicream Hair Styling Gel, Fragrance and Gluten Free, For Sensitive Skin, Unscented, 7 Oz, Packaging May Vary",SAR 90.92,90.92
Cantu Natural Hair Styling Gel Stay Extreme Hold 8Oz Tube (2 Pack),SAR 70.00,70.00
"Giovanni,  , Sulfate Free - 200 Ml",57.99 SAR,57.99
"Vatika,  , 24 Hour Hold - 250 Ml",7.53 SAR,7.53
"Taft, Hair  , V12, Fast Dry - 150 Ml",18.19 SAR,18.19
"Taft, Hair  , Wet Look Effect - 150 Ml",18.19 SAR,18.19
"Taft, Hair  , Stand Up Look - 150 Ml",17.63 SAR,17.63
"Cantu, Shea Butter,  , Strengthening, Maximum Hold - 524 Gm",50 SAR,50
"Energy, Armada, Hair  , Strong hold, Blue - 500 Ml",26.45 SAR,26.45
"Energy, Armada, Hair  , Ultimate Hold - 500 Ml",26.45 SAR,26.45
"Energy, Armada, Hair  , Blue, Extra Hold - 200 Ml",20.7 SAR,20.7
"Energy, Armada, Hair  , Ultimate Hold - 200 Ml",20.7 SAR,20.7
"Vatika,  Cream , 24 Hour Hold, For Wet Look - 250 Ml",10.38 SAR,10.38
Lee Stafford Messed Up Putty - 50 Ml,62.96 SAR,62.96
Lee Stafford Messed Up Putty - 50 Ml,62.96 SAR,62.96
"Shea Moisture, Hair Curling , With Coconut & Hibiscus - 340 Gm",56.93 SAR,56.93
"Cantu, Shea Butter, Moisturizing, Control Frizz, Smooth Hold - 370 Gm",55 SAR,55
L'Oreal Paris Studio Line  Xtreme - 150 Ml,42.12 SAR,42.12
L'Oreal Paris Studio Line Indestructible Tube - 150 Ml,42.12 SAR,42.12
L'Oreal Paris Studio Line  Normal - 150 Ml,40.89 SAR,40.89
"Loreal, Studio, Style Rework Hair , 6, Out Of Bed - 150 Ml",36 SAR,36
"Loreal, Studio, Style Rework Hair , 7, Remix - 150 Ml",36 SAR,36
"Got2B, Glued, Hair Spiking Wax - 75 Ml",31.49 SAR,31.49
"Got2B, Hair Spiking , Glued, Water Resistant - 150 Ml",31.49 SAR,31.49
"New Wave, Hair , Strong Wet Look - 200 Ml",28.06 SAR,28.06
"Wella, New Wave, Hair , Heat & Sweat - 200 Ml",28.06 SAR,28.06
New Wave Hair  Strong  - 200 Ml,28.06 SAR,28.06
"Zenix, Hair Wax, Strong & Shine, For Men - 150 Ml",21.91 SAR,21.91
"Zenix, Hair Wax, Extra Strong, For Men - 150 Ml",21.91 SAR,21.91
"Zenix, Hair Wax, Matte Look, For Men - 150 Ml",21.91 SAR,21.91
"Taft, Hair  Wax, Power 5 - 75 Ml",18.89 SAR,18.89
"Taft, Hair  Wax, Ultra 2 - 75 Ml",18.89 SAR,18.89
"Vatika, Hair Wax , For Men, Very Strong Hold & Natural Shine - 150 Ml",12.68 SAR,12.68
"Vatika, Hair Wax , For Men, Strong Hold & Medium Shine - 150 Ml",12.68 SAR,12.68
Vatika  Cream Strong Hold Slik - 250 Ml,10.38 SAR,10.38
Vatika  Cream Extreme Hold Spike - 250 Ml,10.38 SAR,10.38
Dabur Vatika Hair  Strong Hold - 250 Ml,7.53 SAR,7.53
"Vatika, Hair , Extreme Hold - 250 Ml",7.53 SAR,7.53
"Lee Stafford, The Love Of Curls, Defining , For Waves & Curls - 100 Ml",41.4 SAR,41.4
SK5 Spider wax hair styling 150 ml,18.5,
SK5 Blue Hair Gel For Strong Hold and Natural Shine 1000 ML,25.5,
SK5 COSMETICS Hair styling gel black 500 ml,19.0,
SK5 Spider wax hair styling 150 ml,18.5,
SK5 Aqua Wax Red Hair Styling 150 ML,18.0,
SK5 Ultra Hold Hair Styling Gel Clear,17.25,
SK5 Aqua Wax Blue  Hair Styling Color 150 ML,21.0,
PALMER'S Hair Food Formula 250grams,39.95,
Himalaya Anti-Dandruff Hair Cream Soothes The Scalp And Provides Effective Anti Dandruff Action 140 Ml,19.0,
Generic Gel With Hair Cream Maestro,47.75,
VATIKA Vatika Rock Hard 9 Hair Gel Maximum Hold - 500 ml,26.35,
Godrej Abha Henna Hair Dye 100% Coverage Natural Grey Black 60g,35.0,
DAX Pomade 397grams,40.0,
Elsada Professional Long Lasting Hold Styling Gel - 1000ml,44.0,
"Fix My Curls Fix My Curls Protein Styling Duo| For Curly, Wavy, Dry & Frizzy Hair | Frizz Control | Silicone Free Curl Defining Cream & Gel| 250gm each",353.6,
BEARDHOOD Hair Volumizing Powder Wax For Men 20gm | 24 Hrs Strong Hold With Matte Finish Hair Styling | All l & Zero Toxin Hair Styling Powder | Vegan & Cruelty Free,60.45,
African Pride Dream Kids Olive Miracle Quick Bounce Detangling Pudding,36.0,
Kuza Jamaican Black Castor Oil Antibreakage Edge Gel 2Oz,175.4,
Brylcreem Original Red Hair Cream 250Ml,177.2,
Ustraa Daily Use Hair Cream 100grams,103.0,
BEARDO Hair Growth Cream ; Daily Hair Nourishing Cream ; Hair Cream With Redensyl And Biotin ; Hair Moisturizing ; Nonsticky ; 75 Gm,45.0,
"THE BEARD STORY Hair Cream For Men | Daily Use | Non-Sticky | Uv Protection | Frizzy & Dry Hair | Soft, Manageable Hair | Sulphate-Free | Contains Vitamin B5 & E | Matte Finish | 100 Gm",79.6,
Stylin Dredz Dredz Mouldin Gel Wax 250 Ml,58.0,
Livon Style Pro Hair Styling Gel For Women And Men | 24-Hour Hold | With Matcha And Proteins | All Hair Types | 100 Ml,77.6,
Giovanni L.A. Natural Styling Gel,48.0,
Elsada Long Lasting Gel 1Liters,42.0,
SheaMoisture Jamaican Black Castor Oil Strengthen And Restore Smoothie Hair Cream 326grams,47.45,
DAX Pomade 397grams,27.5,
Hobby Hobby 24X7 Styling Cream For Curly And Wavy Hair 250 ml,30.0,
Cantu FLEXIBLE Hold Anti-Shedding Styling Gel 524g 524grams,38.05,
Sofn'free Cortical Relaxer Hair Cream 450ml,28.0,
Hobby 7x24 Smooth And Shiny Hair Cream250ml,28.0,
Elsada Professional Styling Gel Blue 1000ml,42.0,
PALMER'S Hair Food Formula Cream Multicolour 250grams,31.0,
ECO Professional Olive Oil Styling Gel 473ml,39.0,
Red Fox Lanolin Hair Food 227 G Yellow 227grams,22.8,
Paris Collection Keratin Smooth Hair Cream Clear 475ml,18.2,
VATIKA Wave Styling Gel Cream 250ml,8.95,
L'OREAL PARIS Elvive Hyaluron Moisture Filling Night Cream 200ml,19.85,
Dabur Wet Look Styling Gel 250ml,7.75,
Floractive W One Nano Protein Formaldehyde 1L,425.0,
Cantu Flexible Hold Styling Gel 524grams,38.0,
L'OREAL PARIS Studio Line Invisi Hold Natural Clear Gel 150ml,42.25,
COSMO Soft And Shine Strong And Hold Moisture Retention Styling Gel With Black Castor Oil 450g,13.5,
Cantu Avocado Hydrating Curling Cream 340grams,34.95,
Cantu Avocado Hydrating Repair Leave-In 340grams,30.5,
Superline Abu Warda Hair Cream 300 ml,19.95,
Elsada Professional Styling Gel Gray 1000ml,41.95,
L'OREAL PARIS Barberclub Beard & Hair Styling Cream SL0371 75ml,30.2,
B.Cool B.cool wax for men strawberry 150 ml,28.0,
SK5 Spider wax hair styling 150 ml,18.5,
SK5 Blue Hair Gel For Strong Hold and Natural Shine 1000 ML,25.5,
SK5 COSMETICS Hair styling gel black 500 ml,19.0,
SK5 Spider wax hair styling 150 ml,18.5,
SK5 Aqua Wax Red Hair Styling 150 ML,18.0,
SK5 Ultra Hold Hair Styling Gel Clear,17.25,
SK5 Aqua Wax Blue  Hair Styling Color 150 ML,21.0,
PALMER'S Hair Food Formula 250grams,39.95,
Himalaya Anti-Dandruff Hair Cream Soothes The Scalp And Provides Effective Anti Dandruff Action 140 Ml,19.0,
Generic Gel With Hair Cream Maestro,47.75,
VATIKA Vatika Rock Hard 9 Hair Gel Maximum Hold - 500 ml,26.35,
Godrej Abha Henna Hair Dye 100% Coverage Natural Grey Black 60g,35.0,
DAX Pomade 397grams,40.0,
Elsada Professional Long Lasting Hold Styling Gel - 1000ml,44.0,
"Fix My Curls Fix My Curls Protein Styling Duo| For Curly, Wavy, Dry & Frizzy Hair | Frizz Control | Silicone Free Curl Defining Cream & Gel| 250gm each",353.6,
BEARDHOOD Hair Volumizing Powder Wax For Men 20gm | 24 Hrs Strong Hold With Matte Finish Hair Styling | All l & Zero Toxin Hair Styling Powder | Vegan & Cruelty Free,60.45,
African Pride Dream Kids Olive Miracle Quick Bounce Detangling Pudding,36.0,
Kuza Jamaican Black Castor Oil Antibreakage Edge Gel 2Oz,175.4,
Brylcreem Original Red Hair Cream 250Ml,177.2,
Ustraa Daily Use Hair Cream 100grams,103.0,
BEARDO Hair Growth Cream ; Daily Hair Nourishing Cream ; Hair Cream With Redensyl And Biotin ; Hair Moisturizing ; Nonsticky ; 75 Gm,45.0,
"THE BEARD STORY Hair Cream For Men | Daily Use | Non-Sticky | Uv Protection | Frizzy & Dry Hair | Soft, Manageable Hair | Sulphate-Free | Contains Vitamin B5 & E | Matte Finish | 100 Gm",79.6,
Stylin Dredz Dredz Mouldin Gel Wax 250 Ml,58.0,
Livon Style Pro Hair Styling Gel For Women And Men | 24-Hour Hold | With Matcha And Proteins | All Hair Types | 100 Ml,77.6,
Giovanni L.A. Natural Styling Gel,48.0,
Elsada Long Lasting Gel 1Liters,42.0,
SheaMoisture Jamaican Black Castor Oil Strengthen And Restore Smoothie Hair Cream 326grams,47.45,
DAX Pomade 397grams,27.5,
Hobby Hobby 24X7 Styling Cream For Curly And Wavy Hair 250 ml,30.0,
Cantu FLEXIBLE Hold Anti-Shedding Styling Gel 524g 524grams,38.05,
Sofn'free Cortical Relaxer Hair Cream 450ml,28.0,
Hobby 7x24 Smooth And Shiny Hair Cream250ml,28.0,
Elsada Professional Styling Gel Blue 1000ml,42.0,
PALMER'S Hair Food Formula Cream Multicolour 250grams,31.0,
ECO Professional Olive Oil Styling Gel 473ml,39.0,
Red Fox Lanolin Hair Food 227 G Yellow 227grams,22.8,
Paris Collection Keratin Smooth Hair Cream Clear 475ml,18.2,
VATIKA Wave Styling Gel Cream 250ml,8.95,
L'OREAL PARIS Elvive Hyaluron Moisture Filling Night Cream 200ml,19.85,
Dabur Wet Look Styling Gel 250ml,7.75,
Floractive W One Nano Protein Formaldehyde 1L,425.0,
Cantu Flexible Hold Styling Gel 524grams,38.0,
L'OREAL PARIS Studio Line Invisi Hold Natural Clear Gel 150ml,42.25,
COSMO Soft And Shine Strong And Hold Moisture Retention Styling Gel With Black Castor Oil 450g,13.5,
Cantu Avocado Hydrating Curling Cream 340grams,34.95,
Cantu Avocado Hydrating Repair Leave-In 340grams,30.5,
Superline Abu Warda Hair Cream 300 ml,19.95,
Elsada Professional Styling Gel Gray 1000ml,41.95,
L'OREAL PARIS Barberclub Beard & Hair Styling Cream SL0371 75ml,30.2,
B.Cool B.cool wax for men strawberry 150 ml,28.0,
SK5 Spider wax hair styling 150 ml,18.5,
SK5 Blue Hair Gel For Strong Hold and Natural Shine 1000 ML,25.5,
SK5 COSMETICS Hair styling gel black 500 ml,19.0,
SK5 Spider wax hair styling 150 ml,18.5,
SK5 Aqua Wax Red Hair Styling 150 ML,18.0,
SK5 Ultra Hold Hair Styling Gel Clear,17.25,
SK5 Aqua Wax Blue  Hair Styling Color 150 ML,21.0,
PALMER'S Hair Food Formula 250grams,39.95,
Himalaya Anti-Dandruff Hair Cream Soothes The Scalp And Provides Effective Anti Dandruff Action 140 Ml,19.0,
Generic Gel With Hair Cream Maestro,47.75,
VATIKA Vatika Rock Hard 9 Hair Gel Maximum Hold - 500 ml,26.35,
Godrej Abha Henna Hair Dye 100% Coverage Natural Grey Black 60g,35.0,
DAX Pomade 397grams,40.0,
Elsada Professional Long Lasting Hold Styling Gel - 1000ml,44.0,
"Fix My Curls Fix My Curls Protein Styling Duo| For Curly, Wavy, Dry & Frizzy Hair | Frizz Control | Silicone Free Curl Defining Cream & Gel| 250gm each",353.6,
BEARDHOOD Hair Volumizing Powder Wax For Men 20gm | 24 Hrs Strong Hold With Matte Finish Hair Styling | All l & Zero Toxin Hair Styling Powder | Vegan & Cruelty Free,60.45,
African Pride Dream Kids Olive Miracle Quick Bounce Detangling Pudding,36.0,
Kuza Jamaican Black Castor Oil Antibreakage Edge Gel 2Oz,175.4,
Brylcreem Original Red Hair Cream 250Ml,177.2,
Ustraa Daily Use Hair Cream 100grams,103.0,
BEARDO Hair Growth Cream ; Daily Hair Nourishing Cream ; Hair Cream With Redensyl And Biotin ; Hair Moisturizing ; Nonsticky ; 75 Gm,45.0,
"THE BEARD STORY Hair Cream For Men | Daily Use | Non-Sticky | Uv Protection | Frizzy & Dry Hair | Soft, Manageable Hair | Sulphate-Free | Contains Vitamin B5 & E | Matte Finish | 100 Gm",79.6,
Stylin Dredz Dredz Mouldin Gel Wax 250 Ml,58.0,
Livon Style Pro Hair Styling Gel For Women And Men | 24-Hour Hold | With Matcha And Proteins | All Hair Types | 100 Ml,77.6,
Giovanni L.A. Natural Styling Gel,48.0,
Elsada Long Lasting Gel 1Liters,42.0,
SheaMoisture Jamaican Black Castor Oil Strengthen And Restore Smoothie Hair Cream 326grams,47.45,
DAX Pomade 397grams,27.5,
Hobby Hobby 24X7 Styling Cream For Curly And Wavy Hair 250 ml,30.0,
Cantu FLEXIBLE Hold Anti-Shedding Styling Gel 524g 524grams,38.05,
Sofn'free Cortical Relaxer Hair Cream 450ml,28.0,
Hobby 7x24 Smooth And Shiny Hair Cream250ml,28.0,
Elsada Professional Styling Gel Blue 1000ml,42.0,
PALMER'S Hair Food Formula Cream Multicolour 250grams,31.0,
ECO Professional Olive Oil Styling Gel 473ml,39.0,
Red Fox Lanolin Hair Food 227 G Yellow 227grams,22.8,
Paris Collection Keratin Smooth Hair Cream Clear 475ml,18.2,
VATIKA Wave Styling Gel Cream 250ml,8.95,
L'OREAL PARIS Elvive Hyaluron Moisture Filling Night Cream 200ml,19.85,
Dabur Wet Look Styling Gel 250ml,7.75,
Floractive W One Nano Protein Formaldehyde 1L,425.0,
Cantu Flexible Hold Styling Gel 524grams,38.0,
L'OREAL PARIS Studio Line Invisi Hold Natural Clear Gel 150ml,42.25,
COSMO Soft And Shine Strong And Hold Moisture Retention Styling Gel With Black Castor Oil 450g,13.5,
Cantu Avocado Hydrating Curling Cream 340grams,34.95,
Cantu Avocado Hydrating Repair Leave-In 340grams,30.5,
Superline Abu Warda Hair Cream 300 ml,19.95,
Elsada Professional Styling Gel Gray 1000ml,41.95,
L'OREAL PARIS Barberclub Beard & Hair Styling Cream SL0371 75ml,30.2,
B.Cool B.cool wax for men strawberry 150 ml,28.0,
SK5 Spider wax hair styling 150 ml,18.5,
SK5 Blue Hair Gel For Strong Hold and Natural Shine 1000 ML,25.5,
SK5 COSMETICS Hair styling gel black 500 ml,19.0,
SK5 Spider wax hair styling 150 ml,18.5,
SK5 Aqua Wax Red Hair Styling 150 ML,18.0,
SK5 Ultra Hold Hair Styling Gel Clear,17.25,
SK5 Aqua Wax Blue  Hair Styling Color 150 ML,21.0,
PALMER'S Hair Food Formula 250grams,39.95,
Himalaya Anti-Dandruff Hair Cream Soothes The Scalp And Provides Effective Anti Dandruff Action 140 Ml,19.0,
Generic Gel With Hair Cream Maestro,47.75,
VATIKA Vatika Rock Hard 9 Hair Gel Maximum Hold - 500 ml,26.35,
Godrej Abha Henna Hair Dye 100% Coverage Natural Grey Black 60g,35.0,
DAX Pomade 397grams,40.0,
Elsada Professional Long Lasting Hold Styling Gel - 1000ml,44.0,
"Fix My Curls Fix My Curls Protein Styling Duo| For Curly, Wavy, Dry & Frizzy Hair | Frizz Control | Silicone Free Curl Defining Cream & Gel| 250gm each",353.6,
BEARDHOOD Hair Volumizing Powder Wax For Men 20gm | 24 Hrs Strong Hold With Matte Finish Hair Styling | All l & Zero Toxin Hair Styling Powder | Vegan & Cruelty Free,60.45,
African Pride Dream Kids Olive Miracle Quick Bounce Detangling Pudding,36.0,
Kuza Jamaican Black Castor Oil Antibreakage Edge Gel 2Oz,175.4,
Brylcreem Original Red Hair Cream 250Ml,177.2,
Ustraa Daily Use Hair Cream 100grams,103.0,
BEARDO Hair Growth Cream ; Daily Hair Nourishing Cream ; Hair Cream With Redensyl And Biotin ; Hair Moisturizing ; Nonsticky ; 75 Gm,45.0,
"THE BEARD STORY Hair Cream For Men | Daily Use | Non-Sticky | Uv Protection | Frizzy & Dry Hair | Soft, Manageable Hair | Sulphate-Free | Contains Vitamin B5 & E | Matte Finish | 100 Gm",79.6,
Stylin Dredz Dredz Mouldin Gel Wax 250 Ml,58.0,
Livon Style Pro Hair Styling Gel For Women And Men | 24-Hour Hold | With Matcha And Proteins | All Hair Types | 100 Ml,77.6,
Giovanni L.A. Natural Styling Gel,48.0,
Elsada Long Lasting Gel 1Liters,42.0,
SheaMoisture Jamaican Black Castor Oil Strengthen And Restore Smoothie Hair Cream 326grams,47.45,
DAX Pomade 397grams,27.5,
Hobby Hobby 24X7 Styling Cream For Curly And Wavy Hair 250 ml,30.0,
Cantu FLEXIBLE Hold Anti-Shedding Styling Gel 524g 524grams,38.05,
Sofn'free Cortical Relaxer Hair Cream 450ml,28.0,
Hobby 7x24 Smooth And Shiny Hair Cream250ml,28.0,
Elsada Professional Styling Gel Blue 1000ml,42.0,
PALMER'S Hair Food Formula Cream Multicolour 250grams,31.0,
ECO Professional Olive Oil Styling Gel 473ml,39.0,
Red Fox Lanolin Hair Food 227 G Yellow 227grams,22.8,
Paris Collection Keratin Smooth Hair Cream Clear 475ml,18.2,
VATIKA Wave Styling Gel Cream 250ml,8.95,
L'OREAL PARIS Elvive Hyaluron Moisture Filling Night Cream 200ml,19.85,
Dabur Wet Look Styling Gel 250ml,7.75,
Floractive W One Nano Protein Formaldehyde 1L,425.0,
Cantu Flexible Hold Styling Gel 524grams,38.0,
L'OREAL PARIS Studio Line Invisi Hold Natural Clear Gel 150ml,42.25,
COSMO Soft And Shine Strong And Hold Moisture Retention Styling Gel With Black Castor Oil 450g,13.5,
Cantu Avocado Hydrating Curling Cream 340grams,34.95,
Cantu Avocado Hydrating Repair Leave-In 340grams,30.5,
Superline Abu Warda Hair Cream 300 ml,19.95,
Elsada Professional Styling Gel Gray 1000ml,41.95,
L'OREAL PARIS Barberclub Beard & Hair Styling Cream SL0371 75ml,30.2,
B.Cool B.cool wax for men strawberry 150 ml,28.0,
SK5 Spider wax hair styling 150 ml,18.5,
SK5 Blue Hair Gel For Strong Hold and Natural Shine 1000 ML,25.5,
SK5 COSMETICS Hair styling gel black 500 ml,19.0,
SK5 Spider wax hair styling 150 ml,18.5,
SK5 Aqua Wax Red Hair Styling 150 ML,18.0,
SK5 Ultra Hold Hair Styling Gel Clear,17.25,
SK5 Aqua Wax Blue  Hair Styling Color 150 ML,21.0,
PALMER'S Hair Food Formula 250grams,39.95,
Himalaya Anti-Dandruff Hair Cream Soothes The Scalp And Provides Effective Anti Dandruff Action 140 Ml,19.0,
Generic Gel With Hair Cream Maestro,47.75,
VATIKA Vatika Rock Hard 9 Hair Gel Maximum Hold - 500 ml,26.35,
Godrej Abha Henna Hair Dye 100% Coverage Natural Grey Black 60g,35.0,
DAX Pomade 397grams,40.0,
Elsada Professional Long Lasting Hold Styling Gel - 1000ml,44.0,
"Fix My Curls Fix My Curls Protein Styling Duo| For Curly, Wavy, Dry & Frizzy Hair | Frizz Control | Silicone Free Curl Defining Cream & Gel| 250gm each",353.6,
BEARDHOOD Hair Volumizing Powder Wax For Men 20gm | 24 Hrs Strong Hold With Matte Finish Hair Styling | All l & Zero Toxin Hair Styling Powder | Vegan & Cruelty Free,60.45,
African Pride Dream Kids Olive Miracle Quick Bounce Detangling Pudding,36.0,
Kuza Jamaican Black Castor Oil Antibreakage Edge Gel 2Oz,175.4,
Brylcreem Original Red Hair Cream 250Ml,177.2,
Ustraa Daily Use Hair Cream 100grams,103.0,
BEARDO Hair Growth Cream ; Daily Hair Nourishing Cream ; Hair Cream With Redensyl And Biotin ; Hair Moisturizing ; Nonsticky ; 75 Gm,45.0,
"THE BEARD STORY Hair Cream For Men | Daily Use | Non-Sticky | Uv Protection | Frizzy & Dry Hair | Soft, Manageable Hair | Sulphate-Free | Contains Vitamin B5 & E | Matte Finish | 100 Gm",79.6,
Stylin Dredz Dredz Mouldin Gel Wax 250 Ml,58.0,
Livon Style Pro Hair Styling Gel For Women And Men | 24-Hour Hold | With Matcha And Proteins | All Hair Types | 100 Ml,77.6,
Giovanni L.A. Natural Styling Gel,48.0,
Elsada Long Lasting Gel 1Liters,42.0,
SheaMoisture Jamaican Black Castor Oil Strengthen And Restore Smoothie Hair Cream 326grams,47.45,
DAX Pomade 397grams,27.5,
Hobby Hobby 24X7 Styling Cream For Curly And Wavy Hair 250 ml,30.0,
Cantu FLEXIBLE Hold Anti-Shedding Styling Gel 524g 524grams,38.05,
Sofn'free Cortical Relaxer Hair Cream 450ml,28.0,
Hobby 7x24 Smooth And Shiny Hair Cream250ml,28.0,
Elsada Professional Styling Gel Blue 1000ml,42.0,
PALMER'S Hair Food Formula Cream Multicolour 250grams,31.0,
ECO Professional Olive Oil Styling Gel 473ml,39.0,
Red Fox Lanolin Hair Food 227 G Yellow 227grams,22.8,
Paris Collection Keratin Smooth Hair Cream Clear 475ml,18.2,
VATIKA Wave Styling Gel Cream 250ml,8.95,
L'OREAL PARIS Elvive Hyaluron Moisture Filling Night Cream 200ml,19.85,
Dabur Wet Look Styling Gel 250ml,7.75,
Floractive W One Nano Protein Formaldehyde 1L,425.0,
Cantu Flexible Hold Styling Gel 524grams,38.0,
L'OREAL PARIS Studio Line Invisi Hold Natural Clear Gel 150ml,42.25,
COSMO Soft And Shine Strong And Hold Moisture Retention Styling Gel With Black Castor Oil 450g,13.5,
Cantu Avocado Hydrating Curling Cream 340grams,34.95,
Cantu Avocado Hydrating Repair Leave-In 340grams,30.5,
Superline Abu Warda Hair Cream 300 ml,19.95,
Elsada Professional Styling Gel Gray 1000ml,41.95,
L'OREAL PARIS Barberclub Beard & Hair Styling Cream SL0371 75ml,30.2,
B.Cool B.cool wax for men strawberry 150 ml,28.0,
SK5 Spider wax hair styling 150 ml,18.5,
SK5 Blue Hair Gel For Strong Hold and Natural Shine 1000 ML,25.5,
SK5 COSMETICS Hair styling gel black 500 ml,19.0,
SK5 Spider wax hair styling 150 ml,18.5,
SK5 Aqua Wax Red Hair Styling 150 ML,18.0,
SK5 Ultra Hold Hair Styling Gel Clear,17.25,
SK5 Aqua Wax Blue  Hair Styling Color 150 ML,21.0,
PALMER'S Hair Food Formula 250grams,39.95,
Himalaya Anti-Dandruff Hair Cream Soothes The Scalp And Provides Effective Anti Dandruff Action 140 Ml,19.0,
Generic Gel With Hair Cream Maestro,47.75,
VATIKA Vatika Rock Hard 9 Hair Gel Maximum Hold - 500 ml,26.35,
Godrej Abha Henna Hair Dye 100% Coverage Natural Grey Black 60g,35.0,
DAX Pomade 397grams,40.0,
Elsada Professional Long Lasting Hold Styling Gel - 1000ml,44.0,
"Fix My Curls Fix My Curls Protein Styling Duo| For Curly, Wavy, Dry & Frizzy Hair | Frizz Control | Silicone Free Curl Defining Cream & Gel| 250gm each",353.6,
BEARDHOOD Hair Volumizing Powder Wax For Men 20gm | 24 Hrs Strong Hold With Matte Finish Hair Styling | All l & Zero Toxin Hair Styling Powder | Vegan & Cruelty Free,60.45,
African Pride Dream Kids Olive Miracle Quick Bounce Detangling Pudding,36.0,
Kuza Jamaican Black Castor Oil Antibreakage Edge Gel 2Oz,175.4,
Brylcreem Original Red Hair Cream 250Ml,177.2,
Ustraa Daily Use Hair Cream 100grams,103.0,
BEARDO Hair Growth Cream ; Daily Hair Nourishing Cream ; Hair Cream With Redensyl And Biotin ; Hair Moisturizing ; Nonsticky ; 75 Gm,45.0,
"THE BEARD STORY Hair Cream For Men | Daily Use | Non-Sticky | Uv Protection | Frizzy & Dry Hair | Soft, Manageable Hair | Sulphate-Free | Contains Vitamin B5 & E | Matte Finish | 100 Gm",79.6,
Stylin Dredz Dredz Mouldin Gel Wax 250 Ml,58.0,
Livon Style Pro Hair Styling Gel For Women And Men | 24-Hour Hold | With Matcha And Proteins | All Hair Types | 100 Ml,77.6,
Giovanni L.A. Natural Styling Gel,48.0,
Elsada Long Lasting Gel 1Liters,42.0,
SheaMoisture Jamaican Black Castor Oil Strengthen And Restore Smoothie Hair Cream 326grams,47.45,
DAX Pomade 397grams,27.5,
Hobby Hobby 24X7 Styling Cream For Curly And Wavy Hair 250 ml,30.0,
Cantu FLEXIBLE Hold Anti-Shedding Styling Gel 524g 524grams,38.05,
Sofn'free Cortical Relaxer Hair Cream 450ml,28.0,
Hobby 7x24 Smooth And Shiny Hair Cream250ml,28.0,
Elsada Professional Styling Gel Blue 1000ml,42.0,
PALMER'S Hair Food Formula Cream Multicolour 250grams,31.0,
ECO Professional Olive Oil Styling Gel 473ml,39.0,
Red Fox Lanolin Hair Food 227 G Yellow 227grams,22.8,
Paris Collection Keratin Smooth Hair Cream Clear 475ml,18.2,
VATIKA Wave Styling Gel Cream 250ml,8.95,
L'OREAL PARIS Elvive Hyaluron Moisture Filling Night Cream 200ml,19.85,
Dabur Wet Look Styling Gel 250ml,7.75,
Floractive W One Nano Protein Formaldehyde 1L,425.0,
Cantu Flexible Hold Styling Gel 524grams,38.0,
L'OREAL PARIS Studio Line Invisi Hold Natural Clear Gel 150ml,42.25,
COSMO Soft And Shine Strong And Hold Moisture Retention Styling Gel With Black Castor Oil 450g,13.5,
Cantu Avocado Hydrating Curling Cream 340grams,34.95,
Cantu Avocado Hydrating Repair Leave-In 340grams,30.5,
Superline Abu Warda Hair Cream 300 ml,19.95,
Elsada Professional Styling Gel Gray 1000ml,41.95,
L'OREAL PARIS Barberclub Beard & Hair Styling Cream SL0371 75ml,30.2,
B.Cool B.cool wax for men strawberry 150 ml,28.0,
SK5 Spider wax hair styling 150 ml,18.5,
SK5 Blue Hair Gel For Strong Hold and Natural Shine 1000 ML,25.5,
SK5 COSMETICS Hair styling gel black 500 ml,19.0,
SK5 Spider wax hair styling 150 ml,18.5,
SK5 Aqua Wax Red Hair Styling 150 ML,18.0,
SK5 Ultra Hold Hair Styling Gel Clear,17.25,
SK5 Aqua Wax Blue  Hair Styling Color 150 ML,21.0,
PALMER'S Hair Food Formula 250grams,39.95,
Himalaya Anti-Dandruff Hair Cream Soothes The Scalp And Provides Effective Anti Dandruff Action 140 Ml,19.0,
Generic Gel With Hair Cream Maestro,47.75,
VATIKA Vatika Rock Hard 9 Hair Gel Maximum Hold - 500 ml,26.35,
Godrej Abha Henna Hair Dye 100% Coverage Natural Grey Black 60g,35.0,
DAX Pomade 397grams,40.0,
Elsada Professional Long Lasting Hold Styling Gel - 1000ml,44.0,
"Fix My Curls Fix My Curls Protein Styling Duo| For Curly, Wavy, Dry & Frizzy Hair | Frizz Control | Silicone Free Curl Defining Cream & Gel| 250gm each",353.6,
BEARDHOOD Hair Volumizing Powder Wax For Men 20gm | 24 Hrs Strong Hold With Matte Finish Hair Styling | All l & Zero Toxin Hair Styling Powder | Vegan & Cruelty Free,60.45,
African Pride Dream Kids Olive Miracle Quick Bounce Detangling Pudding,36.0,
Kuza Jamaican Black Castor Oil Antibreakage Edge Gel 2Oz,175.4,
Brylcreem Original Red Hair Cream 250Ml,177.2,
Ustraa Daily Use Hair Cream 100grams,103.0,
BEARDO Hair Growth Cream ; Daily Hair Nourishing Cream ; Hair Cream With Redensyl And Biotin ; Hair Moisturizing ; Nonsticky ; 75 Gm,45.0,
"THE BEARD STORY Hair Cream For Men | Daily Use | Non-Sticky | Uv Protection | Frizzy & Dry Hair | Soft, Manageable Hair | Sulphate-Free | Contains Vitamin B5 & E | Matte Finish | 100 Gm",79.6,
Stylin Dredz Dredz Mouldin Gel Wax 250 Ml,58.0,
Livon Style Pro Hair Styling Gel For Women And Men | 24-Hour Hold | With Matcha And Proteins | All Hair Types | 100 Ml,77.6,
Giovanni L.A. Natural Styling Gel,48.0,
Elsada Long Lasting Gel 1Liters,42.0,
SheaMoisture Jamaican Black Castor Oil Strengthen And Restore Smoothie Hair Cream 326grams,47.45,
DAX Pomade 397grams,27.5,
Hobby Hobby 24X7 Styling Cream For Curly And Wavy Hair 250 ml,30.0,
Cantu FLEXIBLE Hold Anti-Shedding Styling Gel 524g 524grams,38.05,
Sofn'free Cortical Relaxer Hair Cream 450ml,28.0,
Hobby 7x24 Smooth And Shiny Hair Cream250ml,28.0,
Elsada Professional Styling Gel Blue 1000ml,42.0,
PALMER'S Hair Food Formula Cream Multicolour 250grams,31.0,
ECO Professional Olive Oil Styling Gel 473ml,39.0,
Red Fox Lanolin Hair Food 227 G Yellow 227grams,22.8,
Paris Collection Keratin Smooth Hair Cream Clear 475ml,18.2,
VATIKA Wave Styling Gel Cream 250ml,8.95,
L'OREAL PARIS Elvive Hyaluron Moisture Filling Night Cream 200ml,19.85,
Dabur Wet Look Styling Gel 250ml,7.75,
Floractive W One Nano Protein Formaldehyde 1L,425.0,
Cantu Flexible Hold Styling Gel 524grams,38.0,
L'OREAL PARIS Studio Line Invisi Hold Natural Clear Gel 150ml,42.25,
COSMO Soft And Shine Strong And Hold Moisture Retention Styling Gel With Black Castor Oil 450g,13.5,
Cantu Avocado Hydrating Curling Cream 340grams,34.95,
Cantu Avocado Hydrating Repair Leave-In 340grams,30.5,
Superline Abu Warda Hair Cream 300 ml,19.95,
Elsada Professional Styling Gel Gray 1000ml,41.95,
L'OREAL PARIS Barberclub Beard & Hair Styling Cream SL0371 75ml,30.2,
B.Cool B.cool wax for men strawberry 150 ml,28.0,
SK5 Spider wax hair styling 150 ml,18.5,
SK5 Blue Hair Gel For Strong Hold and Natural Shine 1000 ML,25.5,
SK5 COSMETICS Hair styling gel black 500 ml,19.0,
SK5 Spider wax hair styling 150 ml,18.5,
SK5 Aqua Wax Red Hair Styling 150 ML,18.0,
SK5 Ultra Hold Hair Styling Gel Clear,17.25,
SK5 Aqua Wax Blue  Hair Styling Color 150 ML,21.0,
PALMER'S Hair Food Formula 250grams,39.95,
Himalaya Anti-Dandruff Hair Cream Soothes The Scalp And Provides Effective Anti Dandruff Action 140 Ml,19.0,
Generic Gel With Hair Cream Maestro,47.75,
VATIKA Vatika Rock Hard 9 Hair Gel Maximum Hold - 500 ml,26.35,
Godrej Abha Henna Hair Dye 100% Coverage Natural Grey Black 60g,35.0,
DAX Pomade 397grams,40.0,
Elsada Professional Long Lasting Hold Styling Gel - 1000ml,44.0,
"Fix My Curls Fix My Curls Protein Styling Duo| For Curly, Wavy, Dry & Frizzy Hair | Frizz Control | Silicone Free Curl Defining Cream & Gel| 250gm each",353.6,
BEARDHOOD Hair Volumizing Powder Wax For Men 20gm | 24 Hrs Strong Hold With Matte Finish Hair Styling | All l & Zero Toxin Hair Styling Powder | Vegan & Cruelty Free,60.45,
African Pride Dream Kids Olive Miracle Quick Bounce Detangling Pudding,36.0,
Kuza Jamaican Black Castor Oil Antibreakage Edge Gel 2Oz,175.4,
Brylcreem Original Red Hair Cream 250Ml,177.2,
Ustraa Daily Use Hair Cream 100grams,103.0,
BEARDO Hair Growth Cream ; Daily Hair Nourishing Cream ; Hair Cream With Redensyl And Biotin ; Hair Moisturizing ; Nonsticky ; 75 Gm,45.0,
"THE BEARD STORY Hair Cream For Men | Daily Use | Non-Sticky | Uv Protection | Frizzy & Dry Hair | Soft, Manageable Hair | Sulphate-Free | Contains Vitamin B5 & E | Matte Finish | 100 Gm",79.6,
Stylin Dredz Dredz Mouldin Gel Wax 250 Ml,58.0,
Livon Style Pro Hair Styling Gel For Women And Men | 24-Hour Hold | With Matcha And Proteins | All Hair Types | 100 Ml,77.6,
Giovanni L.A. Natural Styling Gel,48.0,
Elsada Long Lasting Gel 1Liters,42.0,
SheaMoisture Jamaican Black Castor Oil Strengthen And Restore Smoothie Hair Cream 326grams,47.45,
DAX Pomade 397grams,27.5,
Hobby Hobby 24X7 Styling Cream For Curly And Wavy Hair 250 ml,30.0,
Cantu FLEXIBLE Hold Anti-Shedding Styling Gel 524g 524grams,38.05,
Sofn'free Cortical Relaxer Hair Cream 450ml,28.0,
Hobby 7x24 Smooth And Shiny Hair Cream250ml,28.0,
Elsada Professional Styling Gel Blue 1000ml,42.0,
PALMER'S Hair Food Formula Cream Multicolour 250grams,31.0,
ECO Professional Olive Oil Styling Gel 473ml,39.0,
Red Fox Lanolin Hair Food 227 G Yellow 227grams,22.8,
Paris Collection Keratin Smooth Hair Cream Clear 475ml,18.2,
VATIKA Wave Styling Gel Cream 250ml,8.95,
L'OREAL PARIS Elvive Hyaluron Moisture Filling Night Cream 200ml,19.85,
Dabur Wet Look Styling Gel 250ml,7.75,
Floractive W One Nano Protein Formaldehyde 1L,425.0,
Cantu Flexible Hold Styling Gel 524grams,38.0,
L'OREAL PARIS Studio Line Invisi Hold Natural Clear Gel 150ml,42.25,
COSMO Soft And Shine Strong And Hold Moisture Retention Styling Gel With Black Castor Oil 450g,13.5,
Cantu Avocado Hydrating Curling Cream 340grams,34.95,
Cantu Avocado Hydrating Repair Leave-In 340grams,30.5,
Superline Abu Warda Hair Cream 300 ml,19.95,
Elsada Professional Styling Gel Gray 1000ml,41.95,
L'OREAL PARIS Barberclub Beard & Hair Styling Cream SL0371 75ml,30.2,
B.Cool B.cool wax for men strawberry 150 ml,28.0,
SK5 Spider wax hair styling 150 ml,18.5,
SK5 Blue Hair Gel For Strong Hold and Natural Shine 1000 ML,25.5,
SK5 COSMETICS Hair styling gel black 500 ml,19.0,
SK5 Spider wax hair styling 150 ml,18.5,
SK5 Aqua Wax Red Hair Styling 150 ML,18.0,
SK5 Ultra Hold Hair Styling Gel Clear,17.25,
SK5 Aqua Wax Blue  Hair Styling Color 150 ML,21.0,
PALMER'S Hair Food Formula 250grams,39.95,
Himalaya Anti-Dandruff Hair Cream Soothes The Scalp And Provides Effective Anti Dandruff Action 140 Ml,19.0,
Generic Gel With Hair Cream Maestro,47.75,
VATIKA Vatika Rock Hard 9 Hair Gel Maximum Hold - 500 ml,26.35,
Godrej Abha Henna Hair Dye 100% Coverage Natural Grey Black 60g,35.0,
DAX Pomade 397grams,40.0,
Elsada Professional Long Lasting Hold Styling Gel - 1000ml,44.0,
"Fix My Curls Fix My Curls Protein Styling Duo| For Curly, Wavy, Dry & Frizzy Hair | Frizz Control | Silicone Free Curl Defining Cream & Gel| 250gm each",353.6,
BEARDHOOD Hair Volumizing Powder Wax For Men 20gm | 24 Hrs Strong Hold With Matte Finish Hair Styling | All l & Zero Toxin Hair Styling Powder | Vegan & Cruelty Free,60.45,
African Pride Dream Kids Olive Miracle Quick Bounce Detangling Pudding,36.0,
Kuza Jamaican Black Castor Oil Antibreakage Edge Gel 2Oz,175.4,
Brylcreem Original Red Hair Cream 250Ml,177.2,
Ustraa Daily Use Hair Cream 100grams,103.0,
BEARDO Hair Growth Cream ; Daily Hair Nourishing Cream ; Hair Cream With Redensyl And Biotin ; Hair Moisturizing ; Nonsticky ; 75 Gm,45.0,
"THE BEARD STORY Hair Cream For Men | Daily Use | Non-Sticky | Uv Protection | Frizzy & Dry Hair | Soft, Manageable Hair | Sulphate-Free | Contains Vitamin B5 & E | Matte Finish | 100 Gm",79.6,
Stylin Dredz Dredz Mouldin Gel Wax 250 Ml,58.0,
Livon Style Pro Hair Styling Gel For Women And Men | 24-Hour Hold | With Matcha And Proteins | All Hair Types | 100 Ml,77.6,
Giovanni L.A. Natural Styling Gel,48.0,
Elsada Long Lasting Gel 1Liters,42.0,
SheaMoisture Jamaican Black Castor Oil Strengthen And Restore Smoothie Hair Cream 326grams,47.45,
DAX Pomade 397grams,27.5,
Hobby Hobby 24X7 Styling Cream For Curly And Wavy Hair 250 ml,30.0,
Cantu FLEXIBLE Hold Anti-Shedding Styling Gel 524g 524grams,38.05,
Sofn'free Cortical Relaxer Hair Cream 450ml,28.0,
Hobby 7x24 Smooth And Shiny Hair Cream250ml,28.0,
Elsada Professional Styling Gel Blue 1000ml,42.0,
PALMER'S Hair Food Formula Cream Multicolour 250grams,31.0,
ECO Professional Olive Oil Styling Gel 473ml,39.0,
Red Fox Lanolin Hair Food 227 G Yellow 227grams,22.8,
Paris Collection Keratin Smooth Hair Cream Clear 475ml,18.2,
VATIKA Wave Styling Gel Cream 250ml,8.95,
L'OREAL PARIS Elvive Hyaluron Moisture Filling Night Cream 200ml,19.85,
Dabur Wet Look Styling Gel 250ml,7.75,
Floractive W One Nano Protein Formaldehyde 1L,425.0,
Cantu Flexible Hold Styling Gel 524grams,38.0,
L'OREAL PARIS Studio Line Invisi Hold Natural Clear Gel 150ml,42.25,
COSMO Soft And Shine Strong And Hold Moisture Retention Styling Gel With Black Castor Oil 450g,13.5,
Cantu Avocado Hydrating Curling Cream 340grams,34.95,
Cantu Avocado Hydrating Repair Leave-In 340grams,30.5,
Superline Abu Warda Hair Cream 300 ml,19.95,
Elsada Professional Styling Gel Gray 1000ml,41.95,
L'OREAL PARIS Barberclub Beard & Hair Styling Cream SL0371 75ml,30.2,
B.Cool B.cool wax for men strawberry 150 ml,28.0,
SK5 Spider wax hair styling 150 ml,18.5,
SK5 Blue Hair Gel For Strong Hold and Natural Shine 1000 ML,25.5,
SK5 COSMETICS Hair styling gel black 500 ml,19.0,
SK5 Spider wax hair styling 150 ml,18.5,
SK5 Aqua Wax Red Hair Styling 150 ML,18.0,
SK5 Ultra Hold Hair Styling Gel Clear,17.25,
SK5 Aqua Wax Blue  Hair Styling Color 150 ML,21.0,
PALMER'S Hair Food Formula 250grams,39.95,
Himalaya Anti-Dandruff Hair Cream Soothes The Scalp And Provides Effective Anti Dandruff Action 140 Ml,19.0,
Generic Gel With Hair Cream Maestro,47.75,
VATIKA Vatika Rock Hard 9 Hair Gel Maximum Hold - 500 ml,26.35,
Godrej Abha Henna Hair Dye 100% Coverage Natural Grey Black 60g,35.0,
DAX Pomade 397grams,40.0,
Elsada Professional Long Lasting Hold Styling Gel - 1000ml,44.0,
"Fix My Curls Fix My Curls Protein Styling Duo| For Curly, Wavy, Dry & Frizzy Hair | Frizz Control | Silicone Free Curl Defining Cream & Gel| 250gm each",353.6,
BEARDHOOD Hair Volumizing Powder Wax For Men 20gm | 24 Hrs Strong Hold With Matte Finish Hair Styling | All l & Zero Toxin Hair Styling Powder | Vegan & Cruelty Free,60.45,
African Pride Dream Kids Olive Miracle Quick Bounce Detangling Pudding,36.0,
Kuza Jamaican Black Castor Oil Antibreakage Edge Gel 2Oz,175.4,
Brylcreem Original Red Hair Cream 250Ml,177.2,
Ustraa Daily Use Hair Cream 100grams,103.0,
BEARDO Hair Growth Cream ; Daily Hair Nourishing Cream ; Hair Cream With Redensyl And Biotin ; Hair Moisturizing ; Nonsticky ; 75 Gm,45.0,
"THE BEARD STORY Hair Cream For Men | Daily Use | Non-Sticky | Uv Protection | Frizzy & Dry Hair | Soft, Manageable Hair | Sulphate-Free | Contains Vitamin B5 & E | Matte Finish | 100 Gm",79.6,
Stylin Dredz Dredz Mouldin Gel Wax 250 Ml,58.0,
Livon Style Pro Hair Styling Gel For Women And Men | 24-Hour Hold | With Matcha And Proteins | All Hair Types | 100 Ml,77.6,
Giovanni L.A. Natural Styling Gel,48.0,
Elsada Long Lasting Gel 1Liters,42.0,
SheaMoisture Jamaican Black Castor Oil Strengthen And Restore Smoothie Hair Cream 326grams,47.45,
DAX Pomade 397grams,27.5,
Hobby Hobby 24X7 Styling Cream For Curly And Wavy Hair 250 ml,30.0,
Cantu FLEXIBLE Hold Anti-Shedding Styling Gel 524g 524grams,38.05,
Sofn'free Cortical Relaxer Hair Cream 450ml,28.0,
Hobby 7x24 Smooth And Shiny Hair Cream250ml,28.0,
Elsada Professional Styling Gel Blue 1000ml,42.0,
PALMER'S Hair Food Formula Cream Multicolour 250grams,31.0,
ECO Professional Olive Oil Styling Gel 473ml,39.0,
Red Fox Lanolin Hair Food 227 G Yellow 227grams,22.8,
Paris Collection Keratin Smooth Hair Cream Clear 475ml,18.2,
VATIKA Wave Styling Gel Cream 250ml,8.95,
L'OREAL PARIS Elvive Hyaluron Moisture Filling Night Cream 200ml,19.85,
Dabur Wet Look Styling Gel 250ml,7.75,
Floractive W One Nano Protein Formaldehyde 1L,425.0,
Cantu Flexible Hold Styling Gel 524grams,38.0,
L'OREAL PARIS Studio Line Invisi Hold Natural Clear Gel 150ml,42.25,
COSMO Soft And Shine Strong And Hold Moisture Retention Styling Gel With Black Castor Oil 450g,13.5,
Cantu Avocado Hydrating Curling Cream 340grams,34.95,
Cantu Avocado Hydrating Repair Leave-In 340grams,30.5,
Superline Abu Warda Hair Cream 300 ml,19.95,
Elsada Professional Styling Gel Gray 1000ml,41.95,
L'OREAL PARIS Barberclub Beard & Hair Styling Cream SL0371 75ml,30.2,
B.Cool B.cool wax for men strawberry 150 ml,28.0,
