Product Name,Price
Nivea Luminous Even Glow Concentrated Serum 30 ml,38.55 SAR
Zayn & Myza Niacinimide 10% Face Serum 30 ml,56.06 SAR
Neutrogena Spot Controlling+ Daily Serum 30ml,26.22 SAR
Neutrogena Bright Boost Serum 30 Ml,38.53 SAR
Zayn & Myza Vitamin C Face Serum 30 ml,48.59 SAR
ISISPHARMA Neotone Intensive Serum 30ml,146.05 SAR
Zayn & Myza Tea Tree Face Serum 30 ml,48.59 SAR
SomeByMi Galactomyces Vitamin C Serum 30 Ml,67.85 SAR
L'Oréal Paris Glycolic Bright Melasyl Serum 30ml,52.10 SAR
Eucerin Even Pigment Perfector Dual Serum 30 ml,155.25 SAR
Natura Siberica C-Berrica Antioxidant Face Serum 30 Ml,20.52 SAR
Vichy Liftactiv H.A. Epidermic Filler Face & Eye Serum  30 ml,114.49 SAR
Bali Body Face Tan Serum 30ml,84.65 SAR
La Roche Posay Anti-Aging Face Serum 30 ml,241.01 SAR
Natura Siberica Anti-Ox Berry Renewing Face Serum 30 Ml,25.32 SAR
Natura Siberica C-Berrica Energy Face Serum 30 Ml,20.52 SAR
Natura Siberica Caviar Face Serum 30 Ml,49.22 SAR
Natura Siberica C-Berrica Hydration Face Serum 30 Ml,20.52 SAR
Ego Qv Face Calm Plus Renew Hydrating Serum 30g,62.49 SAR
Skin Republic Face Mask Sheet Collagen Serum 25 ml,32.80 SAR
Nivea Luminous Even Glow Concentrated Serum 30 ml,38.55 SAR
Zayn & Myza Niacinimide 10% Face Serum 30 ml,56.06 SAR
Neutrogena Spot Controlling+ Daily Serum 30ml,26.22 SAR
Neutrogena Bright Boost Serum 30 Ml,38.53 SAR
Zayn & Myza Vitamin C Face Serum 30 ml,48.59 SAR
ISISPHARMA Neotone Intensive Serum 30ml,146.05 SAR
Zayn & Myza Tea Tree Face Serum 30 ml,48.59 SAR
SomeByMi Galactomyces Vitamin C Serum 30 Ml,67.85 SAR
L'Oréal Paris Glycolic Bright Melasyl Serum 30ml,52.10 SAR
Eucerin Even Pigment Perfector Dual Serum 30 ml,155.25 SAR
Natura Siberica C-Berrica Antioxidant Face Serum 30 Ml,20.52 SAR
Vichy Liftactiv H.A. Epidermic Filler Face & Eye Serum  30 ml,114.49 SAR
Bali Body Face Tan Serum 30ml,84.65 SAR
La Roche Posay Anti-Aging Face Serum 30 ml,241.01 SAR
Natura Siberica Anti-Ox Berry Renewing Face Serum 30 Ml,25.32 SAR
Natura Siberica C-Berrica Energy Face Serum 30 Ml,20.52 SAR
Natura Siberica Caviar Face Serum 30 Ml,49.22 SAR
Natura Siberica C-Berrica Hydration Face Serum 30 Ml,20.52 SAR
Ego Qv Face Calm Plus Renew Hydrating Serum 30g,62.49 SAR
Skin Republic Face Mask Sheet Collagen Serum 25 ml,32.80 SAR
YC Licorice Root Face Serum - 30g,20.13 SAR
La Roche-Posay 10% Pure Vitamin C Anti Aging Face Serum for Wrinkles 30ml,120.51 SAR
Olay Face Serum: Regenerist Collagen Peptide 24 - 30 ml,68.94 SAR
"Olay Luminous Niacinamide + AHA Face Super Serum, 30 ml",68.94 SAR
Zayn & Myza Fruit AHA 10% Face Serum 30 ml,56.06 SAR
Zayn & Myza Hyaluraunic Acid 1.5% Face Serum 30 ml,56.06 SAR
Zayn & Myza Retinol Face Serum 30 ml,56.06 SAR
Pure Beauty Anti-Aging Serum for Face and Neck 50 mL,93.61 SAR
The Organic Pharmacy Antioxidt Face Gel&Face Serum 2x35ml,698.50 SAR
Farma Dorsch Suerum Face Serum 50 mL,261.07 SAR
Fluff Sea Booster Two-Phase Face Serum - 40ml,58.17 SAR
Fergio Bellaro Hyaluronic Acid Face Serum 30 Ml,98.90 SAR
"Essence Hello, Good Stuff! Face Serum",23.00 SAR
Fergio Bellaro Vitamin C Face Serum 30ml,98.90 SAR
Fergio Bellaro Elastin Boost Face Serum 30 Ml,98.90 SAR
Fergio Bellaro Hydra Complex Face Serum 30 Ml,98.90 SAR
La Roche-Posay B3 Retinol Anti Aging Serum for Fine Lines and Wrinkles 30ml,109.00 SAR
Nuxe Age Defying Super Serum 30ml,209.70 SAR
Filorga Ncef-Shot 15ml,207.00 SAR
Eucerin Hyaluron-Filler Vitamin C Booster 3 x 8 ml,162.15 SAR
Nivea Luminous Even Glow Concentrated Serum 30 ml,38.55 SAR
Zayn & Myza Niacinimide 10% Face Serum 30 ml,56.06 SAR
Neutrogena Spot Controlling+ Daily Serum 30ml,26.22 SAR
Neutrogena Bright Boost Serum 30 Ml,38.53 SAR
Zayn & Myza Vitamin C Face Serum 30 ml,48.59 SAR
ISISPHARMA Neotone Intensive Serum 30ml,146.05 SAR
Zayn & Myza Tea Tree Face Serum 30 ml,48.59 SAR
SomeByMi Galactomyces Vitamin C Serum 30 Ml,67.85 SAR
L'Oréal Paris Glycolic Bright Melasyl Serum 30ml,52.10 SAR
Eucerin Even Pigment Perfector Dual Serum 30 ml,155.25 SAR
Natura Siberica C-Berrica Antioxidant Face Serum 30 Ml,20.52 SAR
Vichy Liftactiv H.A. Epidermic Filler Face & Eye Serum  30 ml,114.49 SAR
Bali Body Face Tan Serum 30ml,84.65 SAR
La Roche Posay Anti-Aging Face Serum 30 ml,241.01 SAR
Natura Siberica Anti-Ox Berry Renewing Face Serum 30 Ml,25.32 SAR
Natura Siberica C-Berrica Energy Face Serum 30 Ml,20.52 SAR
Natura Siberica Caviar Face Serum 30 Ml,49.22 SAR
Natura Siberica C-Berrica Hydration Face Serum 30 Ml,20.52 SAR
Ego Qv Face Calm Plus Renew Hydrating Serum 30g,62.49 SAR
Skin Republic Face Mask Sheet Collagen Serum 25 ml,32.80 SAR
YC Licorice Root Face Serum - 30g,20.13 SAR
La Roche-Posay 10% Pure Vitamin C Anti Aging Face Serum for Wrinkles 30ml,120.51 SAR
Olay Face Serum: Regenerist Collagen Peptide 24 - 30 ml,68.94 SAR
"Olay Luminous Niacinamide + AHA Face Super Serum, 30 ml",68.94 SAR
Zayn & Myza Fruit AHA 10% Face Serum 30 ml,56.06 SAR
Zayn & Myza Hyaluraunic Acid 1.5% Face Serum 30 ml,56.06 SAR
Zayn & Myza Retinol Face Serum 30 ml,56.06 SAR
Pure Beauty Anti-Aging Serum for Face and Neck 50 mL,93.61 SAR
The Organic Pharmacy Antioxidt Face Gel&Face Serum 2x35ml,698.50 SAR
Farma Dorsch Suerum Face Serum 50 mL,261.07 SAR
Fluff Sea Booster Two-Phase Face Serum - 40ml,58.17 SAR
Fergio Bellaro Hyaluronic Acid Face Serum 30 Ml,98.90 SAR
"Essence Hello, Good Stuff! Face Serum",23.00 SAR
Fergio Bellaro Vitamin C Face Serum 30ml,98.90 SAR
Fergio Bellaro Elastin Boost Face Serum 30 Ml,98.90 SAR
Fergio Bellaro Hydra Complex Face Serum 30 Ml,98.90 SAR
La Roche-Posay B3 Retinol Anti Aging Serum for Fine Lines and Wrinkles 30ml,109.00 SAR
Nuxe Age Defying Super Serum 30ml,209.70 SAR
Filorga Ncef-Shot 15ml,207.00 SAR
Eucerin Hyaluron-Filler Vitamin C Booster 3 x 8 ml,162.15 SAR
Eucerin Hyaluron Filler Night Peeling & Serum 30 ml,153.53 SAR
Filorga Cream Time Filler 50 ml,253.00 SAR
Filorga Serum C-Recover 3x10 ml,274.28 SAR
Svr Ampule C Anti-Ox Radiance & Anti Wrinkle 30 Ml,149.50 SAR
Matriskin Eye Perimeter Serum 360 Degrees 15 ml,142.03 SAR
Svr Ampule B Hydra Replumbing & Anti Wrinkle 30 Ml,106.38 SAR
Nuxe Merveillance Anti-Ageing Lifting 30 Ml Serum,145.81 SAR
Svr Ampule A Lift Smoothing & Anti Wrinkle 30 Ml,132.25 SAR
Filorga Age Purify Intensive 30 Ml,189.75 SAR
Shiseido Ultimune Power Infusing Concentrate 30Ml,117.88 SAR
Matriskin Vitamin C 5% Serum 30ml,207.00 SAR
Matriskin Cr/7 Cream 75 ml,142.03 SAR
Nip + Fab Retinol Fix Booster Extreme 30Ml,44.93 SAR
Esthederm Intensive Aha Peel Concentrared Serum 30 ml,284.05 SAR
Matriskin Hyaluronic Acid Serum 30 ml,207.00 SAR
Matriskin RL3 Serum 30 ml,207.00 SAR
Matriskin Gf/7 Serum 75 ml,198.38 SAR
Galénic Pureté Sublime Skin Renewal Serum 30 ml,69.43 SAR
Galénic Sculpteur De Perfection Lifting Duo Serum 30 ml,244.38 SAR
La Roche-Posay Pure 10% Niacinamide Serum for Dark Spots 30ml,130.50 SAR
Nivea Luminous Even Glow Concentrated Serum 30 ml,38.55 SAR
Zayn & Myza Niacinimide 10% Face Serum 30 ml,56.06 SAR
Neutrogena Spot Controlling+ Daily Serum 30ml,26.22 SAR
Neutrogena Bright Boost Serum 30 Ml,38.53 SAR
Zayn & Myza Vitamin C Face Serum 30 ml,48.59 SAR
ISISPHARMA Neotone Intensive Serum 30ml,146.05 SAR
Zayn & Myza Tea Tree Face Serum 30 ml,48.59 SAR
SomeByMi Galactomyces Vitamin C Serum 30 Ml,67.85 SAR
L'Oréal Paris Glycolic Bright Melasyl Serum 30ml,52.10 SAR
Eucerin Even Pigment Perfector Dual Serum 30 ml,155.25 SAR
Natura Siberica C-Berrica Antioxidant Face Serum 30 Ml,20.52 SAR
Vichy Liftactiv H.A. Epidermic Filler Face & Eye Serum  30 ml,114.49 SAR
Bali Body Face Tan Serum 30ml,84.65 SAR
La Roche Posay Anti-Aging Face Serum 30 ml,241.01 SAR
Natura Siberica Anti-Ox Berry Renewing Face Serum 30 Ml,25.32 SAR
Natura Siberica C-Berrica Energy Face Serum 30 Ml,20.52 SAR
Natura Siberica Caviar Face Serum 30 Ml,49.22 SAR
Natura Siberica C-Berrica Hydration Face Serum 30 Ml,20.52 SAR
Ego Qv Face Calm Plus Renew Hydrating Serum 30g,62.49 SAR
Skin Republic Face Mask Sheet Collagen Serum 25 ml,32.80 SAR
YC Licorice Root Face Serum - 30g,20.13 SAR
La Roche-Posay 10% Pure Vitamin C Anti Aging Face Serum for Wrinkles 30ml,120.51 SAR
Olay Face Serum: Regenerist Collagen Peptide 24 - 30 ml,68.94 SAR
"Olay Luminous Niacinamide + AHA Face Super Serum, 30 ml",68.94 SAR
Zayn & Myza Fruit AHA 10% Face Serum 30 ml,56.06 SAR
Zayn & Myza Hyaluraunic Acid 1.5% Face Serum 30 ml,56.06 SAR
Zayn & Myza Retinol Face Serum 30 ml,56.06 SAR
Pure Beauty Anti-Aging Serum for Face and Neck 50 mL,93.61 SAR
The Organic Pharmacy Antioxidt Face Gel&Face Serum 2x35ml,698.50 SAR
Farma Dorsch Suerum Face Serum 50 mL,261.07 SAR
Fluff Sea Booster Two-Phase Face Serum - 40ml,58.17 SAR
Fergio Bellaro Hyaluronic Acid Face Serum 30 Ml,98.90 SAR
"Essence Hello, Good Stuff! Face Serum",23.00 SAR
Fergio Bellaro Vitamin C Face Serum 30ml,98.90 SAR
Fergio Bellaro Elastin Boost Face Serum 30 Ml,98.90 SAR
Fergio Bellaro Hydra Complex Face Serum 30 Ml,98.90 SAR
La Roche-Posay B3 Retinol Anti Aging Serum for Fine Lines and Wrinkles 30ml,109.00 SAR
Nuxe Age Defying Super Serum 30ml,209.70 SAR
Filorga Ncef-Shot 15ml,207.00 SAR
Eucerin Hyaluron-Filler Vitamin C Booster 3 x 8 ml,162.15 SAR
Eucerin Hyaluron Filler Night Peeling & Serum 30 ml,153.53 SAR
Filorga Cream Time Filler 50 ml,253.00 SAR
Filorga Serum C-Recover 3x10 ml,274.28 SAR
Svr Ampule C Anti-Ox Radiance & Anti Wrinkle 30 Ml,149.50 SAR
Matriskin Eye Perimeter Serum 360 Degrees 15 ml,142.03 SAR
Svr Ampule B Hydra Replumbing & Anti Wrinkle 30 Ml,106.38 SAR
Nuxe Merveillance Anti-Ageing Lifting 30 Ml Serum,145.81 SAR
Svr Ampule A Lift Smoothing & Anti Wrinkle 30 Ml,132.25 SAR
Filorga Age Purify Intensive 30 Ml,189.75 SAR
Shiseido Ultimune Power Infusing Concentrate 30Ml,117.88 SAR
Matriskin Vitamin C 5% Serum 30ml,207.00 SAR
Matriskin Cr/7 Cream 75 ml,142.03 SAR
Nip + Fab Retinol Fix Booster Extreme 30Ml,44.93 SAR
Esthederm Intensive Aha Peel Concentrared Serum 30 ml,284.05 SAR
Matriskin Hyaluronic Acid Serum 30 ml,207.00 SAR
Matriskin RL3 Serum 30 ml,207.00 SAR
Matriskin Gf/7 Serum 75 ml,198.38 SAR
Galénic Pureté Sublime Skin Renewal Serum 30 ml,69.43 SAR
Galénic Sculpteur De Perfection Lifting Duo Serum 30 ml,244.38 SAR
La Roche-Posay Pure 10% Niacinamide Serum for Dark Spots 30ml,130.50 SAR
Nivea Luminous Even Glow Concentrated Serum 30 ml,38.55 SAR
Zayn & Myza Niacinimide 10% Face Serum 30 ml,56.06 SAR
Neutrogena Spot Controlling+ Daily Serum 30ml,26.22 SAR
Neutrogena Bright Boost Serum 30 Ml,38.53 SAR
Zayn & Myza Vitamin C Face Serum 30 ml,48.59 SAR
ISISPHARMA Neotone Intensive Serum 30ml,146.05 SAR
Zayn & Myza Tea Tree Face Serum 30 ml,48.59 SAR
SomeByMi Galactomyces Vitamin C Serum 30 Ml,67.85 SAR
L'Oréal Paris Glycolic Bright Melasyl Serum 30ml,52.10 SAR
Eucerin Even Pigment Perfector Dual Serum 30 ml,155.25 SAR
Natura Siberica C-Berrica Antioxidant Face Serum 30 Ml,20.52 SAR
Vichy Liftactiv H.A. Epidermic Filler Face & Eye Serum  30 ml,114.49 SAR
Bali Body Face Tan Serum 30ml,84.65 SAR
La Roche Posay Anti-Aging Face Serum 30 ml,241.01 SAR
Natura Siberica Anti-Ox Berry Renewing Face Serum 30 Ml,25.32 SAR
Natura Siberica C-Berrica Energy Face Serum 30 Ml,20.52 SAR
Natura Siberica Caviar Face Serum 30 Ml,49.22 SAR
Natura Siberica C-Berrica Hydration Face Serum 30 Ml,20.52 SAR
Ego Qv Face Calm Plus Renew Hydrating Serum 30g,62.49 SAR
Skin Republic Face Mask Sheet Collagen Serum 25 ml,32.80 SAR
YC Licorice Root Face Serum - 30g,20.13 SAR
La Roche-Posay 10% Pure Vitamin C Anti Aging Face Serum for Wrinkles 30ml,120.51 SAR
Olay Face Serum: Regenerist Collagen Peptide 24 - 30 ml,68.94 SAR
"Olay Luminous Niacinamide + AHA Face Super Serum, 30 ml",68.94 SAR
Zayn & Myza Fruit AHA 10% Face Serum 30 ml,56.06 SAR
Zayn & Myza Hyaluraunic Acid 1.5% Face Serum 30 ml,56.06 SAR
Zayn & Myza Retinol Face Serum 30 ml,56.06 SAR
Pure Beauty Anti-Aging Serum for Face and Neck 50 mL,93.61 SAR
The Organic Pharmacy Antioxidt Face Gel&Face Serum 2x35ml,698.50 SAR
Farma Dorsch Suerum Face Serum 50 mL,261.07 SAR
Fluff Sea Booster Two-Phase Face Serum - 40ml,58.17 SAR
Fergio Bellaro Hyaluronic Acid Face Serum 30 Ml,98.90 SAR
"Essence Hello, Good Stuff! Face Serum",23.00 SAR
Fergio Bellaro Vitamin C Face Serum 30ml,98.90 SAR
Fergio Bellaro Elastin Boost Face Serum 30 Ml,98.90 SAR
Fergio Bellaro Hydra Complex Face Serum 30 Ml,98.90 SAR
La Roche-Posay B3 Retinol Anti Aging Serum for Fine Lines and Wrinkles 30ml,109.00 SAR
Nuxe Age Defying Super Serum 30ml,209.70 SAR
Filorga Ncef-Shot 15ml,207.00 SAR
Eucerin Hyaluron-Filler Vitamin C Booster 3 x 8 ml,162.15 SAR
Eucerin Hyaluron Filler Night Peeling & Serum 30 ml,153.53 SAR
Filorga Cream Time Filler 50 ml,253.00 SAR
Filorga Serum C-Recover 3x10 ml,274.28 SAR
Svr Ampule C Anti-Ox Radiance & Anti Wrinkle 30 Ml,149.50 SAR
Matriskin Eye Perimeter Serum 360 Degrees 15 ml,142.03 SAR
Svr Ampule B Hydra Replumbing & Anti Wrinkle 30 Ml,106.38 SAR
Nuxe Merveillance Anti-Ageing Lifting 30 Ml Serum,145.81 SAR
Svr Ampule A Lift Smoothing & Anti Wrinkle 30 Ml,132.25 SAR
Filorga Age Purify Intensive 30 Ml,189.75 SAR
Shiseido Ultimune Power Infusing Concentrate 30Ml,117.88 SAR
Matriskin Vitamin C 5% Serum 30ml,207.00 SAR
Matriskin Cr/7 Cream 75 ml,142.03 SAR
Nip + Fab Retinol Fix Booster Extreme 30Ml,44.93 SAR
Esthederm Intensive Aha Peel Concentrared Serum 30 ml,284.05 SAR
Matriskin Hyaluronic Acid Serum 30 ml,207.00 SAR
Matriskin RL3 Serum 30 ml,207.00 SAR
Matriskin Gf/7 Serum 75 ml,198.38 SAR
Galénic Pureté Sublime Skin Renewal Serum 30 ml,69.43 SAR
Galénic Sculpteur De Perfection Lifting Duo Serum 30 ml,244.38 SAR
La Roche-Posay Pure 10% Niacinamide Serum for Dark Spots 30ml,130.50 SAR
Shiseido Ultimune Infusing Concentrate N 30 Ml,82.04 SAR
Prox Olay Derma Anti-Aging Youth-Activ Essence 30ml,234.95 SAR
Rvb Lab Meso Fill Plumping Skin Renewal Serum 30 Ml,435.85 SAR
Neostrata Tri-Therapy Lifting Serum 30 Ml,548.55 SAR
Nuxe Bio Organic Antioxidant Serum 30ml,65.83 SAR
Nip + Fab Vitamin C Fix Serum  50 ml,46.35 SAR
Nuxe White Ultimate Glow - Serum 30 Ml,173.44 SAR
Vichy Mineral 89 Hyaluronic Acid Hydrating & Plumping Serum For All Skin Types 50 ml,67.67 SAR
Loreal Hyaluron Expert Eye Serum 20 ml,52.33 SAR
Eucerin Dermopurifyer Triple Effect Thiamidol Serum 40ml,101.20 SAR
L'Oréal Paris Glycolic Bright Melasyl Serum 15 ml,31.19 SAR
Filorga Skin-Unify Intensive Serum 30 ml,193.20 SAR
Filorga Ncef-Reverse Anti-Aging Serum 30ml,276.00 SAR
Nip + Fab Hydrate Hyaluron Fix Ext4 Hydrating Serum 2% 50 Ml,53.31 SAR
Embryolisse Hydra Serum For All Skin Type30 Ml,69.49 SAR
"L'Oreal True Match Nude Serum, Shade 4-5 Medium",48.88 SAR
Uriage Depiderm Brightening Corrective Serum 30 ml,37.35 SAR
"L'Oreal True Match Nude Serum, Shade 2-3 Light",48.88 SAR
"L'Oreal True Match Nude Serum, Shade 3-4 Light Medium",48.88 SAR
Brtc Blemish Serum 30 Ml,92.00 SAR
Nivea Luminous Even Glow Concentrated Serum 30 ml,38.55 SAR
Zayn & Myza Niacinimide 10% Face Serum 30 ml,56.06 SAR
Neutrogena Spot Controlling+ Daily Serum 30ml,26.22 SAR
Neutrogena Bright Boost Serum 30 Ml,38.53 SAR
Zayn & Myza Vitamin C Face Serum 30 ml,48.59 SAR
ISISPHARMA Neotone Intensive Serum 30ml,146.05 SAR
Zayn & Myza Tea Tree Face Serum 30 ml,48.59 SAR
SomeByMi Galactomyces Vitamin C Serum 30 Ml,67.85 SAR
L'Oréal Paris Glycolic Bright Melasyl Serum 30ml,52.10 SAR
Eucerin Even Pigment Perfector Dual Serum 30 ml,155.25 SAR
Natura Siberica C-Berrica Antioxidant Face Serum 30 Ml,20.52 SAR
Vichy Liftactiv H.A. Epidermic Filler Face & Eye Serum  30 ml,114.49 SAR
Bali Body Face Tan Serum 30ml,84.65 SAR
La Roche Posay Anti-Aging Face Serum 30 ml,241.01 SAR
Natura Siberica Anti-Ox Berry Renewing Face Serum 30 Ml,25.32 SAR
Natura Siberica C-Berrica Energy Face Serum 30 Ml,20.52 SAR
Natura Siberica Caviar Face Serum 30 Ml,49.22 SAR
Natura Siberica C-Berrica Hydration Face Serum 30 Ml,20.52 SAR
Ego Qv Face Calm Plus Renew Hydrating Serum 30g,62.49 SAR
Skin Republic Face Mask Sheet Collagen Serum 25 ml,32.80 SAR
YC Licorice Root Face Serum - 30g,20.13 SAR
La Roche-Posay 10% Pure Vitamin C Anti Aging Face Serum for Wrinkles 30ml,120.51 SAR
Olay Face Serum: Regenerist Collagen Peptide 24 - 30 ml,68.94 SAR
"Olay Luminous Niacinamide + AHA Face Super Serum, 30 ml",68.94 SAR
Zayn & Myza Fruit AHA 10% Face Serum 30 ml,56.06 SAR
Zayn & Myza Hyaluraunic Acid 1.5% Face Serum 30 ml,56.06 SAR
Zayn & Myza Retinol Face Serum 30 ml,56.06 SAR
Pure Beauty Anti-Aging Serum for Face and Neck 50 mL,93.61 SAR
The Organic Pharmacy Antioxidt Face Gel&Face Serum 2x35ml,698.50 SAR
Farma Dorsch Suerum Face Serum 50 mL,261.07 SAR
Fluff Sea Booster Two-Phase Face Serum - 40ml,58.17 SAR
Fergio Bellaro Hyaluronic Acid Face Serum 30 Ml,98.90 SAR
"Essence Hello, Good Stuff! Face Serum",23.00 SAR
Fergio Bellaro Vitamin C Face Serum 30ml,98.90 SAR
Fergio Bellaro Elastin Boost Face Serum 30 Ml,98.90 SAR
Fergio Bellaro Hydra Complex Face Serum 30 Ml,98.90 SAR
La Roche-Posay B3 Retinol Anti Aging Serum for Fine Lines and Wrinkles 30ml,109.00 SAR
Nuxe Age Defying Super Serum 30ml,209.70 SAR
Filorga Ncef-Shot 15ml,207.00 SAR
Eucerin Hyaluron-Filler Vitamin C Booster 3 x 8 ml,162.15 SAR
Eucerin Hyaluron Filler Night Peeling & Serum 30 ml,153.53 SAR
Filorga Cream Time Filler 50 ml,253.00 SAR
Filorga Serum C-Recover 3x10 ml,274.28 SAR
Svr Ampule C Anti-Ox Radiance & Anti Wrinkle 30 Ml,149.50 SAR
Matriskin Eye Perimeter Serum 360 Degrees 15 ml,142.03 SAR
Svr Ampule B Hydra Replumbing & Anti Wrinkle 30 Ml,106.38 SAR
Nuxe Merveillance Anti-Ageing Lifting 30 Ml Serum,145.81 SAR
Svr Ampule A Lift Smoothing & Anti Wrinkle 30 Ml,132.25 SAR
Filorga Age Purify Intensive 30 Ml,189.75 SAR
Shiseido Ultimune Power Infusing Concentrate 30Ml,117.88 SAR
Matriskin Vitamin C 5% Serum 30ml,207.00 SAR
Matriskin Cr/7 Cream 75 ml,142.03 SAR
Nip + Fab Retinol Fix Booster Extreme 30Ml,44.93 SAR
Esthederm Intensive Aha Peel Concentrared Serum 30 ml,284.05 SAR
Matriskin Hyaluronic Acid Serum 30 ml,207.00 SAR
Matriskin RL3 Serum 30 ml,207.00 SAR
Matriskin Gf/7 Serum 75 ml,198.38 SAR
Galénic Pureté Sublime Skin Renewal Serum 30 ml,69.43 SAR
Galénic Sculpteur De Perfection Lifting Duo Serum 30 ml,244.38 SAR
La Roche-Posay Pure 10% Niacinamide Serum for Dark Spots 30ml,130.50 SAR
Shiseido Ultimune Infusing Concentrate N 30 Ml,82.04 SAR
Prox Olay Derma Anti-Aging Youth-Activ Essence 30ml,234.95 SAR
Rvb Lab Meso Fill Plumping Skin Renewal Serum 30 Ml,435.85 SAR
Neostrata Tri-Therapy Lifting Serum 30 Ml,548.55 SAR
Nuxe Bio Organic Antioxidant Serum 30ml,65.83 SAR
Nip + Fab Vitamin C Fix Serum  50 ml,46.35 SAR
Nuxe White Ultimate Glow - Serum 30 Ml,173.44 SAR
Vichy Mineral 89 Hyaluronic Acid Hydrating & Plumping Serum For All Skin Types 50 ml,67.67 SAR
Loreal Hyaluron Expert Eye Serum 20 ml,52.33 SAR
Eucerin Dermopurifyer Triple Effect Thiamidol Serum 40ml,101.20 SAR
L'Oréal Paris Glycolic Bright Melasyl Serum 15 ml,31.19 SAR
Filorga Skin-Unify Intensive Serum 30 ml,193.20 SAR
Filorga Ncef-Reverse Anti-Aging Serum 30ml,276.00 SAR
Nip + Fab Hydrate Hyaluron Fix Ext4 Hydrating Serum 2% 50 Ml,53.31 SAR
Embryolisse Hydra Serum For All Skin Type30 Ml,69.49 SAR
"L'Oreal True Match Nude Serum, Shade 4-5 Medium",48.88 SAR
Uriage Depiderm Brightening Corrective Serum 30 ml,37.35 SAR
"L'Oreal True Match Nude Serum, Shade 2-3 Light",48.88 SAR
"L'Oreal True Match Nude Serum, Shade 3-4 Light Medium",48.88 SAR
Brtc Blemish Serum 30 Ml,92.00 SAR
Revolution Skincare Targeted Under Eye Serum Hyaluronic 30Ml,50.99 SAR
Garnier Skin Active Fast Bright 3% Vitamin C & Niacinamide Serum 1 Ampoule 1.5 ml,7.80 SAR
Skin Republic Hyaluronic Acid 1% + Niacinamide 2% Serum - 30 ml,111.00 SAR
Max Factor Miracle Pure Serum,49.50 SAR
Esthederm Eve Serum Source,408.14 SAR
Bourjois Healthy Mix Serum Foundation 53 Light Beige 30 ml,71.50 SAR
Olay Luminous Serum Vitamin C + Niacinamide for Even & Glowing Skin 30 ml,95.80 SAR
Relove Super Serum Foundation F3,21.00 SAR
Revolution Skincare 12% Vitamin C Serum 30ml,79.99 SAR
L'Oreal Paris 24H Infallible Tinted Serum - Medium 4-5,44.00 SAR
Galénic Aqua Infini Water Serum Booster Serum 30 ml,49.34 SAR
Galénic Aqua Porcelaine Unifying Serum 30ml,195.05 SAR
"L'Oreal True Match Nude Serum, Shade 5-6 Medium Tan",48.88 SAR
Esthederm Intensive Hyaluronic Eye Serum 15 Ml,261.63 SAR
Eveline Duo Power 2 x 1 Hyaluronic Acid Smooth Serum+Cream 18ml,34.50 SAR
Relove Super Serum Foundation F6,21.00 SAR
Bourjois Healthy Mix Serum Foundation 52 Vanilla 30 ml,71.50 SAR
Eveline Duopower 2x1 Peptides Firming Serum+Cream 18m,34.50 SAR
Bourjois Healthy Mix Serum Foundation 54 Beige 30 ml,71.50 SAR
Bourjois Healthy Mix Serum Foundation 57 Bronze 30 ml,71.50 SAR
Nivea Luminous Even Glow Concentrated Serum 30 ml,38.55 SAR
Zayn & Myza Niacinimide 10% Face Serum 30 ml,56.06 SAR
Neutrogena Spot Controlling+ Daily Serum 30ml,26.22 SAR
Neutrogena Bright Boost Serum 30 Ml,38.53 SAR
Zayn & Myza Vitamin C Face Serum 30 ml,48.59 SAR
ISISPHARMA Neotone Intensive Serum 30ml,146.05 SAR
Zayn & Myza Tea Tree Face Serum 30 ml,48.59 SAR
SomeByMi Galactomyces Vitamin C Serum 30 Ml,67.85 SAR
L'Oréal Paris Glycolic Bright Melasyl Serum 30ml,52.10 SAR
Eucerin Even Pigment Perfector Dual Serum 30 ml,155.25 SAR
Natura Siberica C-Berrica Antioxidant Face Serum 30 Ml,20.52 SAR
Vichy Liftactiv H.A. Epidermic Filler Face & Eye Serum  30 ml,114.49 SAR
Bali Body Face Tan Serum 30ml,84.65 SAR
La Roche Posay Anti-Aging Face Serum 30 ml,241.01 SAR
Natura Siberica Anti-Ox Berry Renewing Face Serum 30 Ml,25.32 SAR
Natura Siberica C-Berrica Energy Face Serum 30 Ml,20.52 SAR
Natura Siberica Caviar Face Serum 30 Ml,49.22 SAR
Natura Siberica C-Berrica Hydration Face Serum 30 Ml,20.52 SAR
Ego Qv Face Calm Plus Renew Hydrating Serum 30g,62.49 SAR
Skin Republic Face Mask Sheet Collagen Serum 25 ml,32.80 SAR
YC Licorice Root Face Serum - 30g,20.13 SAR
La Roche-Posay 10% Pure Vitamin C Anti Aging Face Serum for Wrinkles 30ml,120.51 SAR
Olay Face Serum: Regenerist Collagen Peptide 24 - 30 ml,68.94 SAR
"Olay Luminous Niacinamide + AHA Face Super Serum, 30 ml",68.94 SAR
Zayn & Myza Fruit AHA 10% Face Serum 30 ml,56.06 SAR
Zayn & Myza Hyaluraunic Acid 1.5% Face Serum 30 ml,56.06 SAR
Zayn & Myza Retinol Face Serum 30 ml,56.06 SAR
Pure Beauty Anti-Aging Serum for Face and Neck 50 mL,93.61 SAR
The Organic Pharmacy Antioxidt Face Gel&Face Serum 2x35ml,698.50 SAR
Farma Dorsch Suerum Face Serum 50 mL,261.07 SAR
Fluff Sea Booster Two-Phase Face Serum - 40ml,58.17 SAR
Fergio Bellaro Hyaluronic Acid Face Serum 30 Ml,98.90 SAR
"Essence Hello, Good Stuff! Face Serum",23.00 SAR
Fergio Bellaro Vitamin C Face Serum 30ml,98.90 SAR
Fergio Bellaro Elastin Boost Face Serum 30 Ml,98.90 SAR
Fergio Bellaro Hydra Complex Face Serum 30 Ml,98.90 SAR
La Roche-Posay B3 Retinol Anti Aging Serum for Fine Lines and Wrinkles 30ml,109.00 SAR
Nuxe Age Defying Super Serum 30ml,209.70 SAR
Filorga Ncef-Shot 15ml,207.00 SAR
Eucerin Hyaluron-Filler Vitamin C Booster 3 x 8 ml,162.15 SAR
Eucerin Hyaluron Filler Night Peeling & Serum 30 ml,153.53 SAR
Filorga Cream Time Filler 50 ml,253.00 SAR
Filorga Serum C-Recover 3x10 ml,274.28 SAR
Svr Ampule C Anti-Ox Radiance & Anti Wrinkle 30 Ml,149.50 SAR
Matriskin Eye Perimeter Serum 360 Degrees 15 ml,142.03 SAR
Svr Ampule B Hydra Replumbing & Anti Wrinkle 30 Ml,106.38 SAR
Nuxe Merveillance Anti-Ageing Lifting 30 Ml Serum,145.81 SAR
Svr Ampule A Lift Smoothing & Anti Wrinkle 30 Ml,132.25 SAR
Filorga Age Purify Intensive 30 Ml,189.75 SAR
Shiseido Ultimune Power Infusing Concentrate 30Ml,117.88 SAR
Matriskin Vitamin C 5% Serum 30ml,207.00 SAR
Matriskin Cr/7 Cream 75 ml,142.03 SAR
Nip + Fab Retinol Fix Booster Extreme 30Ml,44.93 SAR
Esthederm Intensive Aha Peel Concentrared Serum 30 ml,284.05 SAR
Matriskin Hyaluronic Acid Serum 30 ml,207.00 SAR
Matriskin RL3 Serum 30 ml,207.00 SAR
Matriskin Gf/7 Serum 75 ml,198.38 SAR
Galénic Pureté Sublime Skin Renewal Serum 30 ml,69.43 SAR
Galénic Sculpteur De Perfection Lifting Duo Serum 30 ml,244.38 SAR
La Roche-Posay Pure 10% Niacinamide Serum for Dark Spots 30ml,130.50 SAR
Shiseido Ultimune Infusing Concentrate N 30 Ml,82.04 SAR
Prox Olay Derma Anti-Aging Youth-Activ Essence 30ml,234.95 SAR
Rvb Lab Meso Fill Plumping Skin Renewal Serum 30 Ml,435.85 SAR
Neostrata Tri-Therapy Lifting Serum 30 Ml,548.55 SAR
Nuxe Bio Organic Antioxidant Serum 30ml,65.83 SAR
Nip + Fab Vitamin C Fix Serum  50 ml,46.35 SAR
Nuxe White Ultimate Glow - Serum 30 Ml,173.44 SAR
Vichy Mineral 89 Hyaluronic Acid Hydrating & Plumping Serum For All Skin Types 50 ml,67.67 SAR
Loreal Hyaluron Expert Eye Serum 20 ml,52.33 SAR
Eucerin Dermopurifyer Triple Effect Thiamidol Serum 40ml,101.20 SAR
L'Oréal Paris Glycolic Bright Melasyl Serum 15 ml,31.19 SAR
Filorga Skin-Unify Intensive Serum 30 ml,193.20 SAR
Filorga Ncef-Reverse Anti-Aging Serum 30ml,276.00 SAR
Nip + Fab Hydrate Hyaluron Fix Ext4 Hydrating Serum 2% 50 Ml,53.31 SAR
Embryolisse Hydra Serum For All Skin Type30 Ml,69.49 SAR
"L'Oreal True Match Nude Serum, Shade 4-5 Medium",48.88 SAR
Uriage Depiderm Brightening Corrective Serum 30 ml,37.35 SAR
"L'Oreal True Match Nude Serum, Shade 2-3 Light",48.88 SAR
"L'Oreal True Match Nude Serum, Shade 3-4 Light Medium",48.88 SAR
Brtc Blemish Serum 30 Ml,92.00 SAR
Revolution Skincare Targeted Under Eye Serum Hyaluronic 30Ml,50.99 SAR
Garnier Skin Active Fast Bright 3% Vitamin C & Niacinamide Serum 1 Ampoule 1.5 ml,7.80 SAR
Skin Republic Hyaluronic Acid 1% + Niacinamide 2% Serum - 30 ml,111.00 SAR
Max Factor Miracle Pure Serum,49.50 SAR
Esthederm Eve Serum Source,408.14 SAR
Bourjois Healthy Mix Serum Foundation 53 Light Beige 30 ml,71.50 SAR
Olay Luminous Serum Vitamin C + Niacinamide for Even & Glowing Skin 30 ml,95.80 SAR
Relove Super Serum Foundation F3,21.00 SAR
Revolution Skincare 12% Vitamin C Serum 30ml,79.99 SAR
L'Oreal Paris 24H Infallible Tinted Serum - Medium 4-5,44.00 SAR
Galénic Aqua Infini Water Serum Booster Serum 30 ml,49.34 SAR
Galénic Aqua Porcelaine Unifying Serum 30ml,195.05 SAR
"L'Oreal True Match Nude Serum, Shade 5-6 Medium Tan",48.88 SAR
Esthederm Intensive Hyaluronic Eye Serum 15 Ml,261.63 SAR
Eveline Duo Power 2 x 1 Hyaluronic Acid Smooth Serum+Cream 18ml,34.50 SAR
Relove Super Serum Foundation F6,21.00 SAR
Bourjois Healthy Mix Serum Foundation 52 Vanilla 30 ml,71.50 SAR
Eveline Duopower 2x1 Peptides Firming Serum+Cream 18m,34.50 SAR
Bourjois Healthy Mix Serum Foundation 54 Beige 30 ml,71.50 SAR
Bourjois Healthy Mix Serum Foundation 57 Bronze 30 ml,71.50 SAR
Nivea Luminous Even Glow Concentrated Serum 30 ml,38.55 SAR
Zayn & Myza Niacinimide 10% Face Serum 30 ml,56.06 SAR
Neutrogena Spot Controlling+ Daily Serum 30ml,26.22 SAR
Neutrogena Bright Boost Serum 30 Ml,38.53 SAR
Zayn & Myza Vitamin C Face Serum 30 ml,48.59 SAR
ISISPHARMA Neotone Intensive Serum 30ml,146.05 SAR
Zayn & Myza Tea Tree Face Serum 30 ml,48.59 SAR
SomeByMi Galactomyces Vitamin C Serum 30 Ml,67.85 SAR
L'Oréal Paris Glycolic Bright Melasyl Serum 30ml,52.10 SAR
Eucerin Even Pigment Perfector Dual Serum 30 ml,155.25 SAR
Natura Siberica C-Berrica Antioxidant Face Serum 30 Ml,20.52 SAR
Vichy Liftactiv H.A. Epidermic Filler Face & Eye Serum  30 ml,114.49 SAR
Bali Body Face Tan Serum 30ml,84.65 SAR
La Roche Posay Anti-Aging Face Serum 30 ml,241.01 SAR
Natura Siberica Anti-Ox Berry Renewing Face Serum 30 Ml,25.32 SAR
Natura Siberica C-Berrica Energy Face Serum 30 Ml,20.52 SAR
Natura Siberica Caviar Face Serum 30 Ml,49.22 SAR
Natura Siberica C-Berrica Hydration Face Serum 30 Ml,20.52 SAR
Ego Qv Face Calm Plus Renew Hydrating Serum 30g,62.49 SAR
Skin Republic Face Mask Sheet Collagen Serum 25 ml,32.80 SAR
YC Licorice Root Face Serum - 30g,20.13 SAR
La Roche-Posay 10% Pure Vitamin C Anti Aging Face Serum for Wrinkles 30ml,120.51 SAR
Olay Face Serum: Regenerist Collagen Peptide 24 - 30 ml,68.94 SAR
"Olay Luminous Niacinamide + AHA Face Super Serum, 30 ml",68.94 SAR
Zayn & Myza Fruit AHA 10% Face Serum 30 ml,56.06 SAR
Zayn & Myza Hyaluraunic Acid 1.5% Face Serum 30 ml,56.06 SAR
Zayn & Myza Retinol Face Serum 30 ml,56.06 SAR
Pure Beauty Anti-Aging Serum for Face and Neck 50 mL,93.61 SAR
The Organic Pharmacy Antioxidt Face Gel&Face Serum 2x35ml,698.50 SAR
Farma Dorsch Suerum Face Serum 50 mL,261.07 SAR
Fluff Sea Booster Two-Phase Face Serum - 40ml,58.17 SAR
Fergio Bellaro Hyaluronic Acid Face Serum 30 Ml,98.90 SAR
"Essence Hello, Good Stuff! Face Serum",23.00 SAR
Fergio Bellaro Vitamin C Face Serum 30ml,98.90 SAR
Fergio Bellaro Elastin Boost Face Serum 30 Ml,98.90 SAR
Fergio Bellaro Hydra Complex Face Serum 30 Ml,98.90 SAR
La Roche-Posay B3 Retinol Anti Aging Serum for Fine Lines and Wrinkles 30ml,109.00 SAR
Nuxe Age Defying Super Serum 30ml,209.70 SAR
Filorga Ncef-Shot 15ml,207.00 SAR
Eucerin Hyaluron-Filler Vitamin C Booster 3 x 8 ml,162.15 SAR
Eucerin Hyaluron Filler Night Peeling & Serum 30 ml,153.53 SAR
Filorga Cream Time Filler 50 ml,253.00 SAR
Filorga Serum C-Recover 3x10 ml,274.28 SAR
Svr Ampule C Anti-Ox Radiance & Anti Wrinkle 30 Ml,149.50 SAR
Matriskin Eye Perimeter Serum 360 Degrees 15 ml,142.03 SAR
Svr Ampule B Hydra Replumbing & Anti Wrinkle 30 Ml,106.38 SAR
Nuxe Merveillance Anti-Ageing Lifting 30 Ml Serum,145.81 SAR
Svr Ampule A Lift Smoothing & Anti Wrinkle 30 Ml,132.25 SAR
Filorga Age Purify Intensive 30 Ml,189.75 SAR
Shiseido Ultimune Power Infusing Concentrate 30Ml,117.88 SAR
Matriskin Vitamin C 5% Serum 30ml,207.00 SAR
Matriskin Cr/7 Cream 75 ml,142.03 SAR
Nip + Fab Retinol Fix Booster Extreme 30Ml,44.93 SAR
Esthederm Intensive Aha Peel Concentrared Serum 30 ml,284.05 SAR
Matriskin Hyaluronic Acid Serum 30 ml,207.00 SAR
Matriskin RL3 Serum 30 ml,207.00 SAR
Matriskin Gf/7 Serum 75 ml,198.38 SAR
Galénic Pureté Sublime Skin Renewal Serum 30 ml,69.43 SAR
Galénic Sculpteur De Perfection Lifting Duo Serum 30 ml,244.38 SAR
La Roche-Posay Pure 10% Niacinamide Serum for Dark Spots 30ml,130.50 SAR
Shiseido Ultimune Infusing Concentrate N 30 Ml,82.04 SAR
Prox Olay Derma Anti-Aging Youth-Activ Essence 30ml,234.95 SAR
Rvb Lab Meso Fill Plumping Skin Renewal Serum 30 Ml,435.85 SAR
Neostrata Tri-Therapy Lifting Serum 30 Ml,548.55 SAR
Nuxe Bio Organic Antioxidant Serum 30ml,65.83 SAR
Nip + Fab Vitamin C Fix Serum  50 ml,46.35 SAR
Nuxe White Ultimate Glow - Serum 30 Ml,173.44 SAR
Vichy Mineral 89 Hyaluronic Acid Hydrating & Plumping Serum For All Skin Types 50 ml,67.67 SAR
Loreal Hyaluron Expert Eye Serum 20 ml,52.33 SAR
Eucerin Dermopurifyer Triple Effect Thiamidol Serum 40ml,101.20 SAR
L'Oréal Paris Glycolic Bright Melasyl Serum 15 ml,31.19 SAR
Filorga Skin-Unify Intensive Serum 30 ml,193.20 SAR
Filorga Ncef-Reverse Anti-Aging Serum 30ml,276.00 SAR
Nip + Fab Hydrate Hyaluron Fix Ext4 Hydrating Serum 2% 50 Ml,53.31 SAR
Embryolisse Hydra Serum For All Skin Type30 Ml,69.49 SAR
"L'Oreal True Match Nude Serum, Shade 4-5 Medium",48.88 SAR
Uriage Depiderm Brightening Corrective Serum 30 ml,37.35 SAR
"L'Oreal True Match Nude Serum, Shade 2-3 Light",48.88 SAR
"L'Oreal True Match Nude Serum, Shade 3-4 Light Medium",48.88 SAR
Brtc Blemish Serum 30 Ml,92.00 SAR
Revolution Skincare Targeted Under Eye Serum Hyaluronic 30Ml,50.99 SAR
Garnier Skin Active Fast Bright 3% Vitamin C & Niacinamide Serum 1 Ampoule 1.5 ml,7.80 SAR
Skin Republic Hyaluronic Acid 1% + Niacinamide 2% Serum - 30 ml,111.00 SAR
Max Factor Miracle Pure Serum,49.50 SAR
Esthederm Eve Serum Source,408.14 SAR
Bourjois Healthy Mix Serum Foundation 53 Light Beige 30 ml,71.50 SAR
Olay Luminous Serum Vitamin C + Niacinamide for Even & Glowing Skin 30 ml,95.80 SAR
Relove Super Serum Foundation F3,21.00 SAR
Revolution Skincare 12% Vitamin C Serum 30ml,79.99 SAR
L'Oreal Paris 24H Infallible Tinted Serum - Medium 4-5,44.00 SAR
Galénic Aqua Infini Water Serum Booster Serum 30 ml,49.34 SAR
Galénic Aqua Porcelaine Unifying Serum 30ml,195.05 SAR
"L'Oreal True Match Nude Serum, Shade 5-6 Medium Tan",48.88 SAR
Esthederm Intensive Hyaluronic Eye Serum 15 Ml,261.63 SAR
Eveline Duo Power 2 x 1 Hyaluronic Acid Smooth Serum+Cream 18ml,34.50 SAR
Relove Super Serum Foundation F6,21.00 SAR
Bourjois Healthy Mix Serum Foundation 52 Vanilla 30 ml,71.50 SAR
Eveline Duopower 2x1 Peptides Firming Serum+Cream 18m,34.50 SAR
Bourjois Healthy Mix Serum Foundation 54 Beige 30 ml,71.50 SAR
Bourjois Healthy Mix Serum Foundation 57 Bronze 30 ml,71.50 SAR
Relove Super Serum Foundation F0.2,21.00 SAR
Skin Republic Retinol 1% + Squalane Serum 30ml,111.00 SAR
Skin Republic Vitamin C 6% + Alpha Arbutin Serum 30ml,111.00 SAR
Olay Luminous Niacinamide + Hyaluronic Super Serum 30ml,95.80 SAR
Olay Regenerate Micro sculpting Serum 50 ml,99.02 SAR
"Essence Hello, Good Stuff! Pore Minimizing Serum",27.00 SAR
Bourjois Healthy Mix Serum Foundation 51 Light Vanilla 30 ml,71.50 SAR
Relove Super Serum Foundation F10.5,21.00 SAR
Makeup Revolution Glass Liquid Skin Serum,42.00 SAR
Relove Super Serum Foundation F2,21.00 SAR
Esthederm Esthe White System Serum 30 ml,373.00 SAR
Payot Concentre Anti-Captions Cellulite Serum In Oil 125 Ml,90.85 SAR
Relove Super Serum Foundation F8.5,21.00 SAR
Relove Super Serum Foundation F1,21.00 SAR
Nivea Clear Up Daily Serum 50 Ml,25.98 SAR
Bourjois Healthy Mix Serum Foundation 51.2 Golden Vanill 30 ml,71.50 SAR
Relove Super Serum Foundation F4,21.00 SAR
Bourjois Healthy Mix Serum Foundation 55 Dark Beige 30 ml,71.50 SAR
Relove Super Serum Foundation F11.2,21.00 SAR
Bourjois Healthy Mix Serum Foundation 56 Light Bronze 30 ml,71.50 SAR
Nivea Luminous Even Glow Concentrated Serum 30 ml,38.55 SAR
Zayn & Myza Niacinimide 10% Face Serum 30 ml,56.06 SAR
Neutrogena Spot Controlling+ Daily Serum 30ml,26.22 SAR
Neutrogena Bright Boost Serum 30 Ml,38.53 SAR
Zayn & Myza Vitamin C Face Serum 30 ml,48.59 SAR
ISISPHARMA Neotone Intensive Serum 30ml,146.05 SAR
Zayn & Myza Tea Tree Face Serum 30 ml,48.59 SAR
SomeByMi Galactomyces Vitamin C Serum 30 Ml,67.85 SAR
L'Oréal Paris Glycolic Bright Melasyl Serum 30ml,52.10 SAR
Eucerin Even Pigment Perfector Dual Serum 30 ml,155.25 SAR
Natura Siberica C-Berrica Antioxidant Face Serum 30 Ml,20.52 SAR
Vichy Liftactiv H.A. Epidermic Filler Face & Eye Serum  30 ml,114.49 SAR
Bali Body Face Tan Serum 30ml,84.65 SAR
La Roche Posay Anti-Aging Face Serum 30 ml,241.01 SAR
Natura Siberica Anti-Ox Berry Renewing Face Serum 30 Ml,25.32 SAR
Natura Siberica C-Berrica Energy Face Serum 30 Ml,20.52 SAR
Natura Siberica Caviar Face Serum 30 Ml,49.22 SAR
Natura Siberica C-Berrica Hydration Face Serum 30 Ml,20.52 SAR
Ego Qv Face Calm Plus Renew Hydrating Serum 30g,62.49 SAR
Skin Republic Face Mask Sheet Collagen Serum 25 ml,32.80 SAR
YC Licorice Root Face Serum - 30g,20.13 SAR
La Roche-Posay 10% Pure Vitamin C Anti Aging Face Serum for Wrinkles 30ml,120.51 SAR
Olay Face Serum: Regenerist Collagen Peptide 24 - 30 ml,68.94 SAR
"Olay Luminous Niacinamide + AHA Face Super Serum, 30 ml",68.94 SAR
Zayn & Myza Fruit AHA 10% Face Serum 30 ml,56.06 SAR
Zayn & Myza Hyaluraunic Acid 1.5% Face Serum 30 ml,56.06 SAR
Zayn & Myza Retinol Face Serum 30 ml,56.06 SAR
Pure Beauty Anti-Aging Serum for Face and Neck 50 mL,93.61 SAR
The Organic Pharmacy Antioxidt Face Gel&Face Serum 2x35ml,698.50 SAR
Farma Dorsch Suerum Face Serum 50 mL,261.07 SAR
Fluff Sea Booster Two-Phase Face Serum - 40ml,58.17 SAR
Fergio Bellaro Hyaluronic Acid Face Serum 30 Ml,98.90 SAR
"Essence Hello, Good Stuff! Face Serum",23.00 SAR
Fergio Bellaro Vitamin C Face Serum 30ml,98.90 SAR
Fergio Bellaro Elastin Boost Face Serum 30 Ml,98.90 SAR
Fergio Bellaro Hydra Complex Face Serum 30 Ml,98.90 SAR
La Roche-Posay B3 Retinol Anti Aging Serum for Fine Lines and Wrinkles 30ml,109.00 SAR
Nuxe Age Defying Super Serum 30ml,209.70 SAR
Filorga Ncef-Shot 15ml,207.00 SAR
Eucerin Hyaluron-Filler Vitamin C Booster 3 x 8 ml,162.15 SAR
Eucerin Hyaluron Filler Night Peeling & Serum 30 ml,153.53 SAR
Filorga Cream Time Filler 50 ml,253.00 SAR
Filorga Serum C-Recover 3x10 ml,274.28 SAR
Svr Ampule C Anti-Ox Radiance & Anti Wrinkle 30 Ml,149.50 SAR
Matriskin Eye Perimeter Serum 360 Degrees 15 ml,142.03 SAR
Svr Ampule B Hydra Replumbing & Anti Wrinkle 30 Ml,106.38 SAR
Nuxe Merveillance Anti-Ageing Lifting 30 Ml Serum,145.81 SAR
Svr Ampule A Lift Smoothing & Anti Wrinkle 30 Ml,132.25 SAR
Filorga Age Purify Intensive 30 Ml,189.75 SAR
Shiseido Ultimune Power Infusing Concentrate 30Ml,117.88 SAR
Matriskin Vitamin C 5% Serum 30ml,207.00 SAR
Matriskin Cr/7 Cream 75 ml,142.03 SAR
Nip + Fab Retinol Fix Booster Extreme 30Ml,44.93 SAR
Esthederm Intensive Aha Peel Concentrared Serum 30 ml,284.05 SAR
Matriskin Hyaluronic Acid Serum 30 ml,207.00 SAR
Matriskin RL3 Serum 30 ml,207.00 SAR
Matriskin Gf/7 Serum 75 ml,198.38 SAR
Galénic Pureté Sublime Skin Renewal Serum 30 ml,69.43 SAR
Galénic Sculpteur De Perfection Lifting Duo Serum 30 ml,244.38 SAR
La Roche-Posay Pure 10% Niacinamide Serum for Dark Spots 30ml,130.50 SAR
Shiseido Ultimune Infusing Concentrate N 30 Ml,82.04 SAR
Prox Olay Derma Anti-Aging Youth-Activ Essence 30ml,234.95 SAR
Rvb Lab Meso Fill Plumping Skin Renewal Serum 30 Ml,435.85 SAR
Neostrata Tri-Therapy Lifting Serum 30 Ml,548.55 SAR
Nuxe Bio Organic Antioxidant Serum 30ml,65.83 SAR
Nip + Fab Vitamin C Fix Serum  50 ml,46.35 SAR
Nuxe White Ultimate Glow - Serum 30 Ml,173.44 SAR
Vichy Mineral 89 Hyaluronic Acid Hydrating & Plumping Serum For All Skin Types 50 ml,67.67 SAR
Loreal Hyaluron Expert Eye Serum 20 ml,52.33 SAR
Eucerin Dermopurifyer Triple Effect Thiamidol Serum 40ml,101.20 SAR
L'Oréal Paris Glycolic Bright Melasyl Serum 15 ml,31.19 SAR
Filorga Skin-Unify Intensive Serum 30 ml,193.20 SAR
Filorga Ncef-Reverse Anti-Aging Serum 30ml,276.00 SAR
Nip + Fab Hydrate Hyaluron Fix Ext4 Hydrating Serum 2% 50 Ml,53.31 SAR
Embryolisse Hydra Serum For All Skin Type30 Ml,69.49 SAR
"L'Oreal True Match Nude Serum, Shade 4-5 Medium",48.88 SAR
Uriage Depiderm Brightening Corrective Serum 30 ml,37.35 SAR
"L'Oreal True Match Nude Serum, Shade 2-3 Light",48.88 SAR
"L'Oreal True Match Nude Serum, Shade 3-4 Light Medium",48.88 SAR
Brtc Blemish Serum 30 Ml,92.00 SAR
Revolution Skincare Targeted Under Eye Serum Hyaluronic 30Ml,50.99 SAR
Garnier Skin Active Fast Bright 3% Vitamin C & Niacinamide Serum 1 Ampoule 1.5 ml,7.80 SAR
Skin Republic Hyaluronic Acid 1% + Niacinamide 2% Serum - 30 ml,111.00 SAR
Max Factor Miracle Pure Serum,49.50 SAR
Esthederm Eve Serum Source,408.14 SAR
Bourjois Healthy Mix Serum Foundation 53 Light Beige 30 ml,71.50 SAR
Olay Luminous Serum Vitamin C + Niacinamide for Even & Glowing Skin 30 ml,95.80 SAR
Relove Super Serum Foundation F3,21.00 SAR
Revolution Skincare 12% Vitamin C Serum 30ml,79.99 SAR
L'Oreal Paris 24H Infallible Tinted Serum - Medium 4-5,44.00 SAR
Galénic Aqua Infini Water Serum Booster Serum 30 ml,49.34 SAR
Galénic Aqua Porcelaine Unifying Serum 30ml,195.05 SAR
"L'Oreal True Match Nude Serum, Shade 5-6 Medium Tan",48.88 SAR
Esthederm Intensive Hyaluronic Eye Serum 15 Ml,261.63 SAR
Eveline Duo Power 2 x 1 Hyaluronic Acid Smooth Serum+Cream 18ml,34.50 SAR
Relove Super Serum Foundation F6,21.00 SAR
Bourjois Healthy Mix Serum Foundation 52 Vanilla 30 ml,71.50 SAR
Eveline Duopower 2x1 Peptides Firming Serum+Cream 18m,34.50 SAR
Bourjois Healthy Mix Serum Foundation 54 Beige 30 ml,71.50 SAR
Bourjois Healthy Mix Serum Foundation 57 Bronze 30 ml,71.50 SAR
Relove Super Serum Foundation F0.2,21.00 SAR
Skin Republic Retinol 1% + Squalane Serum 30ml,111.00 SAR
Skin Republic Vitamin C 6% + Alpha Arbutin Serum 30ml,111.00 SAR
Olay Luminous Niacinamide + Hyaluronic Super Serum 30ml,95.80 SAR
Olay Regenerate Micro sculpting Serum 50 ml,99.02 SAR
"Essence Hello, Good Stuff! Pore Minimizing Serum",27.00 SAR
Bourjois Healthy Mix Serum Foundation 51 Light Vanilla 30 ml,71.50 SAR
Relove Super Serum Foundation F10.5,21.00 SAR
Makeup Revolution Glass Liquid Skin Serum,42.00 SAR
Relove Super Serum Foundation F2,21.00 SAR
Esthederm Esthe White System Serum 30 ml,373.00 SAR
Payot Concentre Anti-Captions Cellulite Serum In Oil 125 Ml,90.85 SAR
Relove Super Serum Foundation F8.5,21.00 SAR
Relove Super Serum Foundation F1,21.00 SAR
Nivea Clear Up Daily Serum 50 Ml,25.98 SAR
Bourjois Healthy Mix Serum Foundation 51.2 Golden Vanill 30 ml,71.50 SAR
Relove Super Serum Foundation F4,21.00 SAR
Bourjois Healthy Mix Serum Foundation 55 Dark Beige 30 ml,71.50 SAR
Relove Super Serum Foundation F11.2,21.00 SAR
Bourjois Healthy Mix Serum Foundation 56 Light Bronze 30 ml,71.50 SAR
Nivea Luminous Even Glow Concentrated Serum 30 ml,38.55 SAR
Zayn & Myza Niacinimide 10% Face Serum 30 ml,56.06 SAR
Neutrogena Spot Controlling+ Daily Serum 30ml,26.22 SAR
Neutrogena Bright Boost Serum 30 Ml,38.53 SAR
Zayn & Myza Vitamin C Face Serum 30 ml,48.59 SAR
ISISPHARMA Neotone Intensive Serum 30ml,146.05 SAR
Zayn & Myza Tea Tree Face Serum 30 ml,48.59 SAR
SomeByMi Galactomyces Vitamin C Serum 30 Ml,67.85 SAR
L'Oréal Paris Glycolic Bright Melasyl Serum 30ml,52.10 SAR
Eucerin Even Pigment Perfector Dual Serum 30 ml,155.25 SAR
Natura Siberica C-Berrica Antioxidant Face Serum 30 Ml,20.52 SAR
Vichy Liftactiv H.A. Epidermic Filler Face & Eye Serum  30 ml,114.49 SAR
Bali Body Face Tan Serum 30ml,84.65 SAR
La Roche Posay Anti-Aging Face Serum 30 ml,241.01 SAR
Natura Siberica Anti-Ox Berry Renewing Face Serum 30 Ml,25.32 SAR
Natura Siberica C-Berrica Energy Face Serum 30 Ml,20.52 SAR
Natura Siberica Caviar Face Serum 30 Ml,49.22 SAR
Natura Siberica C-Berrica Hydration Face Serum 30 Ml,20.52 SAR
Ego Qv Face Calm Plus Renew Hydrating Serum 30g,62.49 SAR
Skin Republic Face Mask Sheet Collagen Serum 25 ml,32.80 SAR
YC Licorice Root Face Serum - 30g,20.13 SAR
La Roche-Posay 10% Pure Vitamin C Anti Aging Face Serum for Wrinkles 30ml,120.51 SAR
Olay Face Serum: Regenerist Collagen Peptide 24 - 30 ml,68.94 SAR
"Olay Luminous Niacinamide + AHA Face Super Serum, 30 ml",68.94 SAR
Zayn & Myza Fruit AHA 10% Face Serum 30 ml,56.06 SAR
Zayn & Myza Hyaluraunic Acid 1.5% Face Serum 30 ml,56.06 SAR
Zayn & Myza Retinol Face Serum 30 ml,56.06 SAR
Pure Beauty Anti-Aging Serum for Face and Neck 50 mL,93.61 SAR
The Organic Pharmacy Antioxidt Face Gel&Face Serum 2x35ml,698.50 SAR
Farma Dorsch Suerum Face Serum 50 mL,261.07 SAR
Fluff Sea Booster Two-Phase Face Serum - 40ml,58.17 SAR
Fergio Bellaro Hyaluronic Acid Face Serum 30 Ml,98.90 SAR
"Essence Hello, Good Stuff! Face Serum",23.00 SAR
Fergio Bellaro Vitamin C Face Serum 30ml,98.90 SAR
Fergio Bellaro Elastin Boost Face Serum 30 Ml,98.90 SAR
Fergio Bellaro Hydra Complex Face Serum 30 Ml,98.90 SAR
La Roche-Posay B3 Retinol Anti Aging Serum for Fine Lines and Wrinkles 30ml,109.00 SAR
Nuxe Age Defying Super Serum 30ml,209.70 SAR
Filorga Ncef-Shot 15ml,207.00 SAR
Eucerin Hyaluron-Filler Vitamin C Booster 3 x 8 ml,162.15 SAR
Eucerin Hyaluron Filler Night Peeling & Serum 30 ml,153.53 SAR
Filorga Cream Time Filler 50 ml,253.00 SAR
Filorga Serum C-Recover 3x10 ml,274.28 SAR
Svr Ampule C Anti-Ox Radiance & Anti Wrinkle 30 Ml,149.50 SAR
Matriskin Eye Perimeter Serum 360 Degrees 15 ml,142.03 SAR
Svr Ampule B Hydra Replumbing & Anti Wrinkle 30 Ml,106.38 SAR
Nuxe Merveillance Anti-Ageing Lifting 30 Ml Serum,145.81 SAR
Svr Ampule A Lift Smoothing & Anti Wrinkle 30 Ml,132.25 SAR
Filorga Age Purify Intensive 30 Ml,189.75 SAR
Shiseido Ultimune Power Infusing Concentrate 30Ml,117.88 SAR
Matriskin Vitamin C 5% Serum 30ml,207.00 SAR
Matriskin Cr/7 Cream 75 ml,142.03 SAR
Nip + Fab Retinol Fix Booster Extreme 30Ml,44.93 SAR
Esthederm Intensive Aha Peel Concentrared Serum 30 ml,284.05 SAR
Matriskin Hyaluronic Acid Serum 30 ml,207.00 SAR
Matriskin RL3 Serum 30 ml,207.00 SAR
Matriskin Gf/7 Serum 75 ml,198.38 SAR
Galénic Pureté Sublime Skin Renewal Serum 30 ml,69.43 SAR
Galénic Sculpteur De Perfection Lifting Duo Serum 30 ml,244.38 SAR
La Roche-Posay Pure 10% Niacinamide Serum for Dark Spots 30ml,130.50 SAR
Shiseido Ultimune Infusing Concentrate N 30 Ml,82.04 SAR
Prox Olay Derma Anti-Aging Youth-Activ Essence 30ml,234.95 SAR
Rvb Lab Meso Fill Plumping Skin Renewal Serum 30 Ml,435.85 SAR
Neostrata Tri-Therapy Lifting Serum 30 Ml,548.55 SAR
Nuxe Bio Organic Antioxidant Serum 30ml,65.83 SAR
Nip + Fab Vitamin C Fix Serum  50 ml,46.35 SAR
Nuxe White Ultimate Glow - Serum 30 Ml,173.44 SAR
Vichy Mineral 89 Hyaluronic Acid Hydrating & Plumping Serum For All Skin Types 50 ml,67.67 SAR
Loreal Hyaluron Expert Eye Serum 20 ml,52.33 SAR
Eucerin Dermopurifyer Triple Effect Thiamidol Serum 40ml,101.20 SAR
L'Oréal Paris Glycolic Bright Melasyl Serum 15 ml,31.19 SAR
Filorga Skin-Unify Intensive Serum 30 ml,193.20 SAR
Filorga Ncef-Reverse Anti-Aging Serum 30ml,276.00 SAR
Nip + Fab Hydrate Hyaluron Fix Ext4 Hydrating Serum 2% 50 Ml,53.31 SAR
Embryolisse Hydra Serum For All Skin Type30 Ml,69.49 SAR
"L'Oreal True Match Nude Serum, Shade 4-5 Medium",48.88 SAR
Uriage Depiderm Brightening Corrective Serum 30 ml,37.35 SAR
"L'Oreal True Match Nude Serum, Shade 2-3 Light",48.88 SAR
"L'Oreal True Match Nude Serum, Shade 3-4 Light Medium",48.88 SAR
Brtc Blemish Serum 30 Ml,92.00 SAR
Revolution Skincare Targeted Under Eye Serum Hyaluronic 30Ml,50.99 SAR
Garnier Skin Active Fast Bright 3% Vitamin C & Niacinamide Serum 1 Ampoule 1.5 ml,7.80 SAR
Skin Republic Hyaluronic Acid 1% + Niacinamide 2% Serum - 30 ml,111.00 SAR
Max Factor Miracle Pure Serum,49.50 SAR
Esthederm Eve Serum Source,408.14 SAR
Bourjois Healthy Mix Serum Foundation 53 Light Beige 30 ml,71.50 SAR
Olay Luminous Serum Vitamin C + Niacinamide for Even & Glowing Skin 30 ml,95.80 SAR
Relove Super Serum Foundation F3,21.00 SAR
Revolution Skincare 12% Vitamin C Serum 30ml,79.99 SAR
L'Oreal Paris 24H Infallible Tinted Serum - Medium 4-5,44.00 SAR
Galénic Aqua Infini Water Serum Booster Serum 30 ml,49.34 SAR
Galénic Aqua Porcelaine Unifying Serum 30ml,195.05 SAR
"L'Oreal True Match Nude Serum, Shade 5-6 Medium Tan",48.88 SAR
Esthederm Intensive Hyaluronic Eye Serum 15 Ml,261.63 SAR
Eveline Duo Power 2 x 1 Hyaluronic Acid Smooth Serum+Cream 18ml,34.50 SAR
Relove Super Serum Foundation F6,21.00 SAR
Bourjois Healthy Mix Serum Foundation 52 Vanilla 30 ml,71.50 SAR
Eveline Duopower 2x1 Peptides Firming Serum+Cream 18m,34.50 SAR
Bourjois Healthy Mix Serum Foundation 54 Beige 30 ml,71.50 SAR
Bourjois Healthy Mix Serum Foundation 57 Bronze 30 ml,71.50 SAR
Relove Super Serum Foundation F0.2,21.00 SAR
Skin Republic Retinol 1% + Squalane Serum 30ml,111.00 SAR
Skin Republic Vitamin C 6% + Alpha Arbutin Serum 30ml,111.00 SAR
Olay Luminous Niacinamide + Hyaluronic Super Serum 30ml,95.80 SAR
Olay Regenerate Micro sculpting Serum 50 ml,99.02 SAR
"Essence Hello, Good Stuff! Pore Minimizing Serum",27.00 SAR
Bourjois Healthy Mix Serum Foundation 51 Light Vanilla 30 ml,71.50 SAR
Relove Super Serum Foundation F10.5,21.00 SAR
Makeup Revolution Glass Liquid Skin Serum,42.00 SAR
Relove Super Serum Foundation F2,21.00 SAR
Esthederm Esthe White System Serum 30 ml,373.00 SAR
Payot Concentre Anti-Captions Cellulite Serum In Oil 125 Ml,90.85 SAR
Relove Super Serum Foundation F8.5,21.00 SAR
Relove Super Serum Foundation F1,21.00 SAR
Nivea Clear Up Daily Serum 50 Ml,25.98 SAR
Bourjois Healthy Mix Serum Foundation 51.2 Golden Vanill 30 ml,71.50 SAR
Relove Super Serum Foundation F4,21.00 SAR
Bourjois Healthy Mix Serum Foundation 55 Dark Beige 30 ml,71.50 SAR
Relove Super Serum Foundation F11.2,21.00 SAR
Bourjois Healthy Mix Serum Foundation 56 Light Bronze 30 ml,71.50 SAR
Relove Super Serum Foundation F12.5,21.00 SAR
Bourjois Healthy Mix Serum Concealer = Golden Beige,43.49 SAR
Bourjois Healthy Mix Serum Concealer - Light Vanilla,43.49 SAR
Relove Super Serum Foundation F13.2,21.00 SAR
Bourjois Healthy Mix Serum Concealer - Beige,44.07 SAR
Relove Super Serum Foundation F15,21.00 SAR
Bourjois Healthy Mix Serum Concealer - Ivory,43.49 SAR
The Inkey List Ceramide Serum 30ml,85.35 SAR
Bourjois Healthy Mix Serum Concealer - Sun Bronze,43.49 SAR
L'Oreal True Match Nude Serum Shade 7-8 Tan Deep,48.88 SAR
"L'Oreal True Match Nude Serum, Shade 6-7 Tan",48.88 SAR
"Essence Hello, Good Stuff! Primer Serum Hydrate & Plump",27.00 SAR
"Essence Hello, Good Stuff! Glow Serum Primer - Transparent",27.00 SAR
Alya Skin Vitamin C Supercharged Serum 35 Ml,171.34 SAR
Revox B77 Just Niacinamide 10% Daily Moisturiser 30ml,30.48 SAR
Pharmaceris N Capinon K 1% Cream With Vitamin K 30ml,135.13 SAR
The Ordinary B Oil 30 ml,58.19 SAR
Najel Organic  Argan Oil Oil 80ml,70.04 SAR
