title,price,rating,link,price_numeric,rating_numeric,volume,price_log,price_scaled,cluster_k2,cluster_k3,cluster_k4,cluster_k5,final_cluster
"12 by 48 Inches Self Adhesive Headlight, Tail Lights, Fog Lights Tint Vinyl Film (12 X 48, Light Black)",SAR 60.00,3.7 out of 5 stars,https://www.amazon.sa/-/en/sspa/click?ie=UTF8&spc=MToyMjQ1NjYwNzkyMDcwNDc2OjE3NDM4OTkyNjI6c3BfYXRmX25leHQ6MzAwNDQxNzYxMTExMzMyOjowOjo&url=%2FDual-ended-Microblading-Micro-Fork-Tip-Waterproof-Long-Lasting%2Fdp%2FB0DLBS6T6C%2Fref%3Dsr_1_145_sspa%3Fcrid%3D3266ORQFEHWZS%26dib%3DeyJ2IjoiMSJ9.1ZpWRG8soDDVNJ58mFjczXOFkOGie6euvu-Zs9H85-7H3OvVHM4dPyemtKrzIClX6dGshXKjIXi5OM5IV_T-iTB3sADc8png_aV7_-Lfrcg_ewaOAtLeFWBtvcSVf_9T9otzxg4TIMJAIgNVYt-5xiqO1d_MOG05wvCPOvaHZFacP6GlWkvaX8_VgrVrYZTzIq159j-76Hc-I1pOLo8XoqNIiheyrzdwphGEbJyF3tv4q10kllU8yQ_69GWrp3UgKAk5MheRG3l4yD7rxn1OeisVkT197S4SflYskLtXpv0.OnQRxJo2-t9pv98TeOkagAdnTeJqINK4oq0MVGW3ilo%26dib_tag%3Dse%26keywords%3Dtint%26qid%3D1743899262%26sprefix%3Dlip%2Bstick%252Caps%252C181%26sr%3D8-145-spons%26xpid%3DIRSWLf7BOJ1Ad%26sp_csd%3Dd2lkZ2V0TmFtZT1zcF9hdGZfbmV4dA%26psc%3D1,60.0,3.7,,4.110873864173311,0.3436969394968862,0,0,3,0,1
3Pcs Fruit Hydrating Glaze Lip Glow Oil Gloss Set Pink Pearl white Gold Moisturizing Plumping Plumper Shimmery Tinted Butter Lip Lio Tint Gloss Oil Stain Oul Pil Lipoil Ool Oli Okl Candy Apple,SAR 39.99,4.0 out of 5 stars,https://www.amazon.sa/-/en/sspa/click?ie=UTF8&spc=MTo4NjA3NTg4MDExMTc2MTI5OjE3NDM4OTkyNjM6c3BfYXRmX25leHQ6MzAwNDU5NDI1MDU2NjMyOjowOjo&url=%2FProfessional-Makeup-Foundation-Concealer-Eyeshadow%2Fdp%2FB0DNJXS5XQ%2Fref%3Dsr_1_193_sspa%3Fcrid%3D3266ORQFEHWZS%26dib%3DeyJ2IjoiMSJ9.mLB0xT2e93FH8Bqza_gBSkijSn9-Gqyjko0KSrrS91YMGORz-fXRYSlxFVfdT2gvw7jwGwnMNbEW7vDgEixkORQeU3WQ-wn_0PyeMon_lhw5CI4gT6EBSp-GELDOO7PuNtObcnOTaVemTHLs5YrZ5kO0MhQmIIQbcoPsJ3iYy5nV1O1tNIWDHDfstyvAJ2RALgo5tH-vZSZUB4m3MeBIp5MZp9iAqya76sMTzsAk2W3n7uO_SxeMWepFQeALMDi4tR2EtLTUboObft_amAsJLXyQeGdtr5cwwcF1_QgIYho.TnkOz_r8S0sR0F0xn5r0NElAxGA7Xi5572rkR1aTSvM%26dib_tag%3Dse%26keywords%3Dtint%26qid%3D1743899263%26sprefix%3Dlip%2Bstick%252Caps%252C181%26sr%3D8-193-spons%26xpid%3DIRSWLf7BOJ1Ad%26sp_csd%3Dd2lkZ2V0TmFtZT1zcF9hdGZfbmV4dA%26psc%3D1,39.99,4.0,,3.7133281345162463,-0.3272673913495078,1,0,0,2,1
"ALMEKAQUZ Lip Marker Stain Pen Set,Longlasting Waterproof Smudgeproof Lip Color,Matte Lip Tint Marker,Hydrating Lip Stain Marker Liquid Lip Liner Pencil,Lip Makeup Gift for Women(4pcs)",SAR 42.66,,https://www.amazon.sa/-/en/sspa/click?ie=UTF8&spc=MTo0NDI2Mjc3MjQxNzExODM1OjE3NDM4OTkyNjE6c3BfYXRmX25leHQ6MzAwNTI0MjI2NjAzMjMyOjowOjo&url=%2FNCJOO-Lipstick-Pigmented-Nourishing-Long-Lasting%2Fdp%2FB0CSFFJ6D5%2Fref%3Dsr_1_97_sspa%3Fcrid%3D3266ORQFEHWZS%26dib%3DeyJ2IjoiMSJ9.4mzZH6ASwFEDpMZpAgGAgIhg6LkbppThoDVI7xvVQwXQUsNf7bMIqwZXI4ANyyyJVTe2L0VVDDbITMufiL6MHDNo-pXdb8J_9nQ0M0odpPeKInXlTQAcsKHm7VvYEZ2b1E3eSI4_hKwaoqrojOQvzOsaH3HIrYtZM6QoEM9zSAIjfmKYiQmMbQn6NC06dJbcFSG0HB48XcioQ09r5kqaux7lKzt5867mHMSiwALmyYn9-J_jKQL4ybBz2bxAFzFxyFY9v4dVHorr9y8xnFJFCefnXGMOmpLQt5xOkvWIaLE.TOxA60iToUOIzQNJtEly1KqIoTatAOoZMeZkvVpdmlw%26dib_tag%3Dse%26keywords%3Dtint%26qid%3D1743899260%26sprefix%3Dlip%2Bstick%252Caps%252C181%26sr%3D8-97-spons%26xpid%3DIRSWLf7BOJ1Ad%26sp_csd%3Dd2lkZ2V0TmFtZT1zcF9hdGZfbmV4dA%26psc%3D1,42.66,,,3.7764323511217976,-0.22076221393292733,1,0,0,2,1
"Azonee 6 Colors Lip Tint Stain Set, Mini Liquid Lipstick with High Pigment, Long-Lasting, Waterproof, Moisturizing Lip Plumper, Multi-Use for Lips and Cheeks",SAR 45.99,5.0 out of 5 stars,https://www.amazon.sa/-/en/sspa/click?ie=UTF8&spc=MToxOTcwOTYxNDg1OTYwOTg3OjE3NDM4OTkyNTg6c3BfYXRmOjMwMDQyNDcxNTQyOTUzMjo6MDo6&url=%2FDaroge-6973243700034-Bene-Tint-Dg0034%2Fdp%2FB099L3N78L%2Fref%3Dsr_1_1_sspa%3Fcrid%3D3266ORQFEHWZS%26dib%3DeyJ2IjoiMSJ9.RlQs4tk6S_VXJL4qTkGuuxhTGaZ_3Tt5s1s1G0piIKqLZe7i-8vDrAfJN72R3v_8KEaRpYWxNSdODARbgHdtSr1twxeMLIUqk-7O6l5OCM8Zrsa__rbe0nvwW5Ub5YClK4EWaYF-US29o0zvc_jJNF3zp0lB2MRjpdeLvdQWlD27Q-Uf2_8wINGGkC6jy8tbeZJbot8RR6OabLgYUBi8gqBzmJUmdF6aX3oFKad4rW2ikTcfFqyRtqk_42Kot09KkNfhU6TITfmaqisoJ9JO9TT77rdNtsVjPh74o5d1j-8.3GLReJ97SAJyvqGXGOcpWOmG2sZXlnhgr_-tQpvuCJo%26dib_tag%3Dse%26keywords%3Dtint%26qid%3D1743899258%26sprefix%3Dlip%2Bstick%252Caps%252C181%26sr%3D8-1-spons%26sp_csd%3Dd2lkZ2V0TmFtZT1zcF9hdGY%26psc%3D1,45.99,5.0,,3.849934813114724,-0.09670722717910342,1,0,0,2,1
"Azonee Blush Palette, 4 Colors Cool Purple Lavender Tone, Natural Glow Tint for Face&Cheek, Contour Highlight Blush All-in-One Palette, Smooth Blendable",SAR 41.78,1.0 out of 5 stars,https://www.amazon.sa/-/en/sspa/click?ie=UTF8&spc=MTo4MDUyMTY5NTU2MDIxMDY5OjE3NDM4OTkyNTk6c3BfYXRmX25leHQ6MzAwNTI0MjI2NjAzNjMyOjowOjo&url=%2FNCJOO-Lipstick-Pigmented-Nourishing-Long-Lasting%2Fdp%2FB0CSFH5GHY%2Fref%3Dsr_1_49_sspa%3Fcrid%3D3266ORQFEHWZS%26dib%3DeyJ2IjoiMSJ9.VMQu1pQ4hKn0DIzVW7JOmJGYfghntsDUd9HJzTQF_2ZtZxS3xasaz3zoA9B6BAxXJwpIrcMm7gKRwslSNPxgtEuPLG75Wq3_XvDK_Dq4OoHvI7r2kZeuL3XGa12MRAA6vyS5uwfZ5GPLn32BH2dvVMI87mhzV3D1wshyqQ0H6oclPVrput0JNEMP3nG0cFJJlEAXGIUjCDZ1-WAPNDQCke7zP0tkVvLgUq24C_pkj1-gTcPyS3eAe54jpl-9ilF9OhZVWWmUpvvuPjBL2zdjE7-6MtTRb1mOI6pLUL_4GjU.UxcN9Z62COkZrlp2lU5JgRr7FG_oGBdrp8TzIzO3_Jk%26dib_tag%3Dse%26keywords%3Dtint%26qid%3D1743899259%26sprefix%3Dlip%2Bstick%252Caps%252C181%26sr%3D8-49-spons%26xpid%3DIRSWLf7BOJ1Ad%26sp_csd%3Dd2lkZ2V0TmFtZT1zcF9hdGZfbmV4dA%26psc%3D1,41.78,1.0,,3.7560707036542595,-0.25512791867781814,1,0,0,2,1
"Blue Nectar Lip Tint Stain for Sheer Nude Tinted Lips | Hydrating Lip Tint, Color Infused, with Shea Butter for Natural Looking Finish (10g)",SAR 42.24,4.2 out of 5 stars,https://www.amazon.sa/-/en/sspa/click?ie=UTF8&spc=MToxOTcwOTYxNDg1OTYwOTg3OjE3NDM4OTkyNTg6c3BfYXRmOjMwMDQyNDcxNTQyOTUzMjo6MDo6&url=%2FDaroge-6973243700034-Bene-Tint-Dg0034%2Fdp%2FB099L3N78L%2Fref%3Dsr_1_1_sspa%3Fcrid%3D3266ORQFEHWZS%26dib%3DeyJ2IjoiMSJ9.RlQs4tk6S_VXJL4qTkGuuxhTGaZ_3Tt5s1s1G0piIKqLZe7i-8vDrAfJN72R3v_8KEaRpYWxNSdODARbgHdtSr1twxeMLIUqk-7O6l5OCM8Zrsa__rbe0nvwW5Ub5YClK4EWaYF-US29o0zvc_jJNF3zp0lB2MRjpdeLvdQWlD27Q-Uf2_8wINGGkC6jy8tbeZJbot8RR6OabLgYUBi8gqBzmJUmdF6aX3oFKad4rW2ikTcfFqyRtqk_42Kot09KkNfhU6TITfmaqisoJ9JO9TT77rdNtsVjPh74o5d1j-8.3GLReJ97SAJyvqGXGOcpWOmG2sZXlnhgr_-tQpvuCJo%26dib_tag%3Dse%26keywords%3Dtint%26qid%3D1743899258%26sprefix%3Dlip%2Bstick%252Caps%252C181%26sr%3D8-1-spons%26sp_csd%3Dd2lkZ2V0TmFtZT1zcF9hdGY%26psc%3D1,42.24,4.2,,3.7667659927710075,-0.23707676891042428,1,0,0,2,1
"Blurry Pudding Pot for Lip & Cheek, Azonee Moisturizing Buildable Lightweight Blush, Soft Matte Finish, Multi-Use High Pigment Lip Tint, Natural Glow (01#, Strawberry Nude)",SAR 45.90,,https://www.amazon.sa/-/en/sspa/click?ie=UTF8&spc=MTo2MjQ2OTU0MTIzODk4MDA2OjE3NDM4OTkyNjQ6c3BfYXRmX25leHQ6MzAwMzU3NjQ2MDQ5MTMyOjowOjo&url=%2FTazweeq-Brushes-Foundation-Highlight-Concealers%2Fdp%2FB0DGGHTYH9%2Fref%3Dsr_1_241_sspa%3Fcrid%3D3266ORQFEHWZS%26dib%3DeyJ2IjoiMSJ9.xMtVnT9eK78wVtSVPXtP-loU_1nREirWDTxBlnAhIl9V3qOe4rdxSA_Jzc6RlaKZp31KoPj7iso7XG-HBl03Clm3ZBpfWSS37bK17gGKXMcXxh8yK213VqR9l_hatoQ39uxyHaKzZA4gDdjqwExP_o-qMeYD3fV81_wyKuQmW8V4jNEcwwfJ13PE4lXJD28GyubMXOItktiq8WLbvMlPxO6K7Jsa3AS8bpWYGaF_Vt5FSZtSelAzny2v27jQMkN_Y6vkclueSf5Jbw2bHxXa5NK8SfqGebY2VzoYITE5PoM.7lCbns0YKSs7-oGrsIy9Ko39X7NbCnBYC86NLDHUH6k%26dib_tag%3Dse%26keywords%3Dtint%26qid%3D1743899264%26sprefix%3Dlip%2Bstick%252Caps%252C181%26sr%3D8-241-spons%26xpid%3DIRSWLf7BOJ1Ad%26sp_csd%3Dd2lkZ2V0TmFtZT1zcF9hdGZfbmV4dA%26psc%3D1,45.9,,,3.8480176754522337,-0.09994290773832604,1,0,0,2,1
"DIYAH 12 X 48 Inches Self Adhesive Headlight, Tail Lights, Fog Lights Tint Vinyl Film (Green)",SAR 55.00,4.1 out of 5 stars,https://www.amazon.sa/-/en/sspa/click?ie=UTF8&spc=MTo0NDI2Mjc3MjQxNzExODM1OjE3NDM4OTkyNjE6c3BfYXRmX25leHQ6MzAwNTI0MjI2NjAzMjMyOjowOjo&url=%2FNCJOO-Lipstick-Pigmented-Nourishing-Long-Lasting%2Fdp%2FB0CSFFJ6D5%2Fref%3Dsr_1_97_sspa%3Fcrid%3D3266ORQFEHWZS%26dib%3DeyJ2IjoiMSJ9.4mzZH6ASwFEDpMZpAgGAgIhg6LkbppThoDVI7xvVQwXQUsNf7bMIqwZXI4ANyyyJVTe2L0VVDDbITMufiL6MHDNo-pXdb8J_9nQ0M0odpPeKInXlTQAcsKHm7VvYEZ2b1E3eSI4_hKwaoqrojOQvzOsaH3HIrYtZM6QoEM9zSAIjfmKYiQmMbQn6NC06dJbcFSG0HB48XcioQ09r5kqaux7lKzt5867mHMSiwALmyYn9-J_jKQL4ybBz2bxAFzFxyFY9v4dVHorr9y8xnFJFCefnXGMOmpLQt5xOkvWIaLE.TOxA60iToUOIzQNJtEly1KqIoTatAOoZMeZkvVpdmlw%26dib_tag%3Dse%26keywords%3Dtint%26qid%3D1743899260%26sprefix%3Dlip%2Bstick%252Caps%252C181%26sr%3D8-97-spons%26xpid%3DIRSWLf7BOJ1Ad%26sp_csd%3Dd2lkZ2V0TmFtZT1zcF9hdGZfbmV4dA%26psc%3D1,55.0,4.1,,4.02535169073515,0.19935548745068976,0,0,0,2,1
"DMQ eyelash tint,Black eyelash tint kit,eyelash dye,Easy To Color & Waterproof, dyebrow Set,eyebrow kit,Long Lasting eye brow tint kits-black (black)",SAR 54.43,4.2 out of 5 stars,https://www.amazon.sa/-/en/sspa/click?ie=UTF8&spc=MToyMjQ1NjYwNzkyMDcwNDc2OjE3NDM4OTkyNjI6c3BfYXRmX25leHQ6MzAwNDQxNzYxMTExMzMyOjowOjo&url=%2FDual-ended-Microblading-Micro-Fork-Tip-Waterproof-Long-Lasting%2Fdp%2FB0DLBS6T6C%2Fref%3Dsr_1_145_sspa%3Fcrid%3D3266ORQFEHWZS%26dib%3DeyJ2IjoiMSJ9.1ZpWRG8soDDVNJ58mFjczXOFkOGie6euvu-Zs9H85-7H3OvVHM4dPyemtKrzIClX6dGshXKjIXi5OM5IV_T-iTB3sADc8png_aV7_-Lfrcg_ewaOAtLeFWBtvcSVf_9T9otzxg4TIMJAIgNVYt-5xiqO1d_MOG05wvCPOvaHZFacP6GlWkvaX8_VgrVrYZTzIq159j-76Hc-I1pOLo8XoqNIiheyrzdwphGEbJyF3tv4q10kllU8yQ_69GWrp3UgKAk5MheRG3l4yD7rxn1OeisVkT197S4SflYskLtXpv0.OnQRxJo2-t9pv98TeOkagAdnTeJqINK4oq0MVGW3ilo%26dib_tag%3Dse%26keywords%3Dtint%26qid%3D1743899262%26sprefix%3Dlip%2Bstick%252Caps%252C181%26sr%3D8-145-spons%26xpid%3DIRSWLf7BOJ1Ad%26sp_csd%3Dd2lkZ2V0TmFtZT1zcF9hdGZfbmV4dA%26psc%3D1,54.43,4.2,,4.0151209634317135,0.18208840950938368,0,0,0,2,1
"DOS LUNAS Cosmetics Magic Pink Tinted Cheeks, Lips, and Sensitive Area 40 g",SAR 36.97,3.7 out of 5 stars,https://www.amazon.sa/-/en/sspa/click?ie=UTF8&spc=MToxOTcwOTYxNDg1OTYwOTg3OjE3NDM4OTkyNTg6c3BfYXRmOjMwMDQyNDcxNTQyOTUzMjo6MDo6&url=%2FDaroge-6973243700034-Bene-Tint-Dg0034%2Fdp%2FB099L3N78L%2Fref%3Dsr_1_1_sspa%3Fcrid%3D3266ORQFEHWZS%26dib%3DeyJ2IjoiMSJ9.RlQs4tk6S_VXJL4qTkGuuxhTGaZ_3Tt5s1s1G0piIKqLZe7i-8vDrAfJN72R3v_8KEaRpYWxNSdODARbgHdtSr1twxeMLIUqk-7O6l5OCM8Zrsa__rbe0nvwW5Ub5YClK4EWaYF-US29o0zvc_jJNF3zp0lB2MRjpdeLvdQWlD27Q-Uf2_8wINGGkC6jy8tbeZJbot8RR6OabLgYUBi8gqBzmJUmdF6aX3oFKad4rW2ikTcfFqyRtqk_42Kot09KkNfhU6TITfmaqisoJ9JO9TT77rdNtsVjPh74o5d1j-8.3GLReJ97SAJyvqGXGOcpWOmG2sZXlnhgr_-tQpvuCJo%26dib_tag%3Dse%26keywords%3Dtint%26qid%3D1743899258%26sprefix%3Dlip%2Bstick%252Caps%252C181%26sr%3D8-1-spons%26sp_csd%3Dd2lkZ2V0TmFtZT1zcF9hdGY%26psc%3D1,36.97,3.7,,3.636796374243711,-0.4564351259999451,1,0,0,2,1
ETUDE Dear Darling Water Gel Tint Ice Cream (RD307 Watermelon Red) (21AD)| Vivid High-Color Lip Tint with Minerals and Vitamins from Soap Berry Extract to Moisture Your Lips,SAR 65.84,4.2 out of 5 stars,https://www.amazon.sa/-/en/sspa/click?ie=UTF8&spc=MTo0NDI2Mjc3MjQxNzExODM1OjE3NDM4OTkyNjE6c3BfYXRmX25leHQ6MzAwNTI0MjI2NjAzMjMyOjowOjo&url=%2FNCJOO-Lipstick-Pigmented-Nourishing-Long-Lasting%2Fdp%2FB0CSFFJ6D5%2Fref%3Dsr_1_97_sspa%3Fcrid%3D3266ORQFEHWZS%26dib%3DeyJ2IjoiMSJ9.4mzZH6ASwFEDpMZpAgGAgIhg6LkbppThoDVI7xvVQwXQUsNf7bMIqwZXI4ANyyyJVTe2L0VVDDbITMufiL6MHDNo-pXdb8J_9nQ0M0odpPeKInXlTQAcsKHm7VvYEZ2b1E3eSI4_hKwaoqrojOQvzOsaH3HIrYtZM6QoEM9zSAIjfmKYiQmMbQn6NC06dJbcFSG0HB48XcioQ09r5kqaux7lKzt5867mHMSiwALmyYn9-J_jKQL4ybBz2bxAFzFxyFY9v4dVHorr9y8xnFJFCefnXGMOmpLQt5xOkvWIaLE.TOxA60iToUOIzQNJtEly1KqIoTatAOoZMeZkvVpdmlw%26dib_tag%3Dse%26keywords%3Dtint%26qid%3D1743899260%26sprefix%3Dlip%2Bstick%252Caps%252C181%26sr%3D8-97-spons%26xpid%3DIRSWLf7BOJ1Ad%26sp_csd%3Dd2lkZ2V0TmFtZT1zcF9hdGZfbmV4dA%26psc%3D1,65.84,4.2,,4.202301703727193,0.4980057764699804,0,0,3,0,1
Etude House Darling Water Gel Tint (PK003 Sweet Potato Red),SAR 41.00,4.0 out of 5 stars,https://www.amazon.sa/-/en/sspa/click?ie=UTF8&spc=MToxOTcwOTYxNDg1OTYwOTg3OjE3NDM4OTkyNTg6c3BfYXRmOjMwMDQyNDcxNTQyOTUzMjo6MDo6&url=%2FDaroge-6973243700034-Bene-Tint-Dg0034%2Fdp%2FB099L3N78L%2Fref%3Dsr_1_1_sspa%3Fcrid%3D3266ORQFEHWZS%26dib%3DeyJ2IjoiMSJ9.RlQs4tk6S_VXJL4qTkGuuxhTGaZ_3Tt5s1s1G0piIKqLZe7i-8vDrAfJN72R3v_8KEaRpYWxNSdODARbgHdtSr1twxeMLIUqk-7O6l5OCM8Zrsa__rbe0nvwW5Ub5YClK4EWaYF-US29o0zvc_jJNF3zp0lB2MRjpdeLvdQWlD27Q-Uf2_8wINGGkC6jy8tbeZJbot8RR6OabLgYUBi8gqBzmJUmdF6aX3oFKad4rW2ikTcfFqyRtqk_42Kot09KkNfhU6TITfmaqisoJ9JO9TT77rdNtsVjPh74o5d1j-8.3GLReJ97SAJyvqGXGOcpWOmG2sZXlnhgr_-tQpvuCJo%26dib_tag%3Dse%26keywords%3Dtint%26qid%3D1743899258%26sprefix%3Dlip%2Bstick%252Caps%252C181%26sr%3D8-1-spons%26sp_csd%3Dd2lkZ2V0TmFtZT1zcF9hdGY%26psc%3D1,41.0,4.0,,3.7376696182833684,-0.28618465256193704,1,0,0,2,1
"Excefore Lip Stain, 2 Pcs Vivid High Pigment Lip Tint, Long Lasting Moisturizing & Non-sticky Finish Water Lip Tint to Hydrate your Lips, 0.4 fl.oz",SAR 50.40,1.0 out of 5 stars,https://www.amazon.sa/-/en/sspa/click?ie=UTF8&spc=MTo4MDUyMTY5NTU2MDIxMDY5OjE3NDM4OTkyNTk6c3BfYXRmX25leHQ6MzAwNTI0MjI2NjAzNjMyOjowOjo&url=%2FNCJOO-Lipstick-Pigmented-Nourishing-Long-Lasting%2Fdp%2FB0CSFH5GHY%2Fref%3Dsr_1_49_sspa%3Fcrid%3D3266ORQFEHWZS%26dib%3DeyJ2IjoiMSJ9.VMQu1pQ4hKn0DIzVW7JOmJGYfghntsDUd9HJzTQF_2ZtZxS3xasaz3zoA9B6BAxXJwpIrcMm7gKRwslSNPxgtEuPLG75Wq3_XvDK_Dq4OoHvI7r2kZeuL3XGa12MRAA6vyS5uwfZ5GPLn32BH2dvVMI87mhzV3D1wshyqQ0H6oclPVrput0JNEMP3nG0cFJJlEAXGIUjCDZ1-WAPNDQCke7zP0tkVvLgUq24C_pkj1-gTcPyS3eAe54jpl-9ilF9OhZVWWmUpvvuPjBL2zdjE7-6MtTRb1mOI6pLUL_4GjU.UxcN9Z62COkZrlp2lU5JgRr7FG_oGBdrp8TzIzO3_Jk%26dib_tag%3Dse%26keywords%3Dtint%26qid%3D1743899259%26sprefix%3Dlip%2Bstick%252Caps%252C181%26sr%3D8-49-spons%26xpid%3DIRSWLf7BOJ1Ad%26sp_csd%3Dd2lkZ2V0TmFtZT1zcF9hdGZfbmV4dA%26psc%3D1,50.4,1.0,11.8294,3.9396381724611196,0.054691090016876984,1,0,0,2,1
Eylure Dybrow Permanent Tint for Brows Dye Kit Dark Brown,SAR 47.85,4.5 out of 5 stars,https://www.amazon.sa/-/en/sspa/click?ie=UTF8&spc=MTo4MDUyMTY5NTU2MDIxMDY5OjE3NDM4OTkyNTk6c3BfYXRmX25leHQ6MzAwNTI0MjI2NjAzNjMyOjowOjo&url=%2FNCJOO-Lipstick-Pigmented-Nourishing-Long-Lasting%2Fdp%2FB0CSFH5GHY%2Fref%3Dsr_1_49_sspa%3Fcrid%3D3266ORQFEHWZS%26dib%3DeyJ2IjoiMSJ9.VMQu1pQ4hKn0DIzVW7JOmJGYfghntsDUd9HJzTQF_2ZtZxS3xasaz3zoA9B6BAxXJwpIrcMm7gKRwslSNPxgtEuPLG75Wq3_XvDK_Dq4OoHvI7r2kZeuL3XGa12MRAA6vyS5uwfZ5GPLn32BH2dvVMI87mhzV3D1wshyqQ0H6oclPVrput0JNEMP3nG0cFJJlEAXGIUjCDZ1-WAPNDQCke7zP0tkVvLgUq24C_pkj1-gTcPyS3eAe54jpl-9ilF9OhZVWWmUpvvuPjBL2zdjE7-6MtTRb1mOI6pLUL_4GjU.UxcN9Z62COkZrlp2lU5JgRr7FG_oGBdrp8TzIzO3_Jk%26dib_tag%3Dse%26keywords%3Dtint%26qid%3D1743899259%26sprefix%3Dlip%2Bstick%252Caps%252C181%26sr%3D8-49-spons%26xpid%3DIRSWLf7BOJ1Ad%26sp_csd%3Dd2lkZ2V0TmFtZT1zcF9hdGZfbmV4dA%26psc%3D1,47.85,4.5,,3.888754378488792,-0.031188868505177457,1,0,0,2,1
Flormar Lip & Cheek Tint 001 Scarlet Ruby,SAR 39.00,5.0 out of 5 stars,https://www.amazon.sa/-/en/sspa/click?ie=UTF8&spc=MTo4MDUyMTY5NTU2MDIxMDY5OjE3NDM4OTkyNTk6c3BfYXRmX25leHQ6MzAwNTI0MjI2NjAzNjMyOjowOjo&url=%2FNCJOO-Lipstick-Pigmented-Nourishing-Long-Lasting%2Fdp%2FB0CSFH5GHY%2Fref%3Dsr_1_49_sspa%3Fcrid%3D3266ORQFEHWZS%26dib%3DeyJ2IjoiMSJ9.VMQu1pQ4hKn0DIzVW7JOmJGYfghntsDUd9HJzTQF_2ZtZxS3xasaz3zoA9B6BAxXJwpIrcMm7gKRwslSNPxgtEuPLG75Wq3_XvDK_Dq4OoHvI7r2kZeuL3XGa12MRAA6vyS5uwfZ5GPLn32BH2dvVMI87mhzV3D1wshyqQ0H6oclPVrput0JNEMP3nG0cFJJlEAXGIUjCDZ1-WAPNDQCke7zP0tkVvLgUq24C_pkj1-gTcPyS3eAe54jpl-9ilF9OhZVWWmUpvvuPjBL2zdjE7-6MtTRb1mOI6pLUL_4GjU.UxcN9Z62COkZrlp2lU5JgRr7FG_oGBdrp8TzIzO3_Jk%26dib_tag%3Dse%26keywords%3Dtint%26qid%3D1743899259%26sprefix%3Dlip%2Bstick%252Caps%252C181%26sr%3D8-49-spons%26xpid%3DIRSWLf7BOJ1Ad%26sp_csd%3Dd2lkZ2V0TmFtZT1zcF9hdGZfbmV4dA%26psc%3D1,39.0,5.0,,3.6888794541139363,-0.3685310530177241,1,0,0,2,1
Flormar Lip & Cheek Tint 002 Kiss Lip&Cheek,SAR 39.00,4.3 out of 5 stars,https://www.amazon.sa/-/en/sspa/click?ie=UTF8&spc=MTo4MDUyMTY5NTU2MDIxMDY5OjE3NDM4OTkyNTk6c3BfYXRmX25leHQ6MzAwNTI0MjI2NjAzNjMyOjowOjo&url=%2FNCJOO-Lipstick-Pigmented-Nourishing-Long-Lasting%2Fdp%2FB0CSFH5GHY%2Fref%3Dsr_1_49_sspa%3Fcrid%3D3266ORQFEHWZS%26dib%3DeyJ2IjoiMSJ9.VMQu1pQ4hKn0DIzVW7JOmJGYfghntsDUd9HJzTQF_2ZtZxS3xasaz3zoA9B6BAxXJwpIrcMm7gKRwslSNPxgtEuPLG75Wq3_XvDK_Dq4OoHvI7r2kZeuL3XGa12MRAA6vyS5uwfZ5GPLn32BH2dvVMI87mhzV3D1wshyqQ0H6oclPVrput0JNEMP3nG0cFJJlEAXGIUjCDZ1-WAPNDQCke7zP0tkVvLgUq24C_pkj1-gTcPyS3eAe54jpl-9ilF9OhZVWWmUpvvuPjBL2zdjE7-6MtTRb1mOI6pLUL_4GjU.UxcN9Z62COkZrlp2lU5JgRr7FG_oGBdrp8TzIzO3_Jk%26dib_tag%3Dse%26keywords%3Dtint%26qid%3D1743899259%26sprefix%3Dlip%2Bstick%252Caps%252C181%26sr%3D8-49-spons%26xpid%3DIRSWLf7BOJ1Ad%26sp_csd%3Dd2lkZ2V0TmFtZT1zcF9hdGZfbmV4dA%26psc%3D1,39.0,4.3,,3.6888794541139363,-0.3685310530177241,1,0,0,2,1
"KASTWAVE Cheek Blush Stick, Dual-ended Blush Stick With Sponge, Cream Contour Stick, 3-in-1 Cheek Blush & Lip Tint & Eyeshadow Moisturizing Lightweight Multi-Stick Blush, Natural And Long-lasting-#01",SAR 40.18,5.0 out of 5 stars,https://www.amazon.sa/-/en/sspa/click?ie=UTF8&spc=MToyMzc2Njg4MzA5MTI0MDYzOjE3NDM4OTkyNjY6c3BfYXRmX25leHQ6MzAwNTEyNjA1MzcwMzMyOjowOjo&url=%2FPortable-Retractable-Foundation-Eyeshadow-Eyebrow%2Fdp%2FB0DTK6QB44%2Fref%3Dsr_1_289_sspa%3Fcrid%3D3266ORQFEHWZS%26dib%3DeyJ2IjoiMSJ9.z0pIdcygGWbCVGS82JDMU9i_5SDsxoO_jzW1a1nL73RIdP4s64epX6EBXeDEOvHyfh1Dpdo6BUQv_h6O61HawNDobSoKaHsMmlYWUgSDtKy-tf9MxXrE1YxIEo3iINNi-vs-78ZD45dhZbH-GTf5Ti7n3GxhRuTC-1kqGJ8Dy56ceZE0DWtzmt7HwD9ZWc0oGbNI3AisInlVEF-YVssJtt-HhIi55PuYXWox4XuiOx14Zo9LTU_8f3aoz5dasMjKHDjyQ7mJshgOluL7D2WvAg.qzp6WIheO8vh_AsZ0YeZGQFXG9RoBW6uoMQ3IbhuEaI%26dib_tag%3Dse%26keywords%3Dtint%26qid%3D1743899265%26sprefix%3Dlip%2Bstick%252Caps%252C181%26sr%3D8-289-spons%26xpid%3DIRSWLf7BOJ1Ad%26sp_csd%3Dd2lkZ2V0TmFtZT1zcF9hdGZfbmV4dA%26psc%3D1,40.18,5.0,,3.717952701599643,-0.31946220234334666,1,0,0,2,1
"KASTWAVE Lip Stain, 2 Pcs Vivid High Pigment Lip Tint, Long Lasting Moisturizing & Non-sticky Finish Water Lip Tint to Hydrate your Lips, 0.4 fl.oz",SAR 51.42,,https://www.amazon.sa/-/en/sspa/click?ie=UTF8&spc=MToyMjQ1NjYwNzkyMDcwNDc2OjE3NDM4OTkyNjI6c3BfYXRmX25leHQ6MzAwNDQxNzYxMTExMzMyOjowOjo&url=%2FDual-ended-Microblading-Micro-Fork-Tip-Waterproof-Long-Lasting%2Fdp%2FB0DLBS6T6C%2Fref%3Dsr_1_145_sspa%3Fcrid%3D3266ORQFEHWZS%26dib%3DeyJ2IjoiMSJ9.1ZpWRG8soDDVNJ58mFjczXOFkOGie6euvu-Zs9H85-7H3OvVHM4dPyemtKrzIClX6dGshXKjIXi5OM5IV_T-iTB3sADc8png_aV7_-Lfrcg_ewaOAtLeFWBtvcSVf_9T9otzxg4TIMJAIgNVYt-5xiqO1d_MOG05wvCPOvaHZFacP6GlWkvaX8_VgrVrYZTzIq159j-76Hc-I1pOLo8XoqNIiheyrzdwphGEbJyF3tv4q10kllU8yQ_69GWrp3UgKAk5MheRG3l4yD7rxn1OeisVkT197S4SflYskLtXpv0.OnQRxJo2-t9pv98TeOkagAdnTeJqINK4oq0MVGW3ilo%26dib_tag%3Dse%26keywords%3Dtint%26qid%3D1743899262%26sprefix%3Dlip%2Bstick%252Caps%252C181%26sr%3D8-145-spons%26xpid%3DIRSWLf7BOJ1Ad%26sp_csd%3Dd2lkZ2V0TmFtZT1zcF9hdGZfbmV4dA%26psc%3D1,51.42,,11.8294,3.95928819789526,0.08785574299379623,1,0,0,2,1
"KASTWAVE Liquid Blush Makeup, Soft Cream Blush for Cheeks, Multi-Use Liquid Blush, Natural Matte Makeup Blusher, Lightweight Long Lasting Pink Peach, for Cheek Eye Lip Skin Tint, Dewy Finish (Pink)",SAR 42.10,1.0 out of 5 stars,https://www.amazon.sa/-/en/sspa/click?ie=UTF8&spc=MTo2MjQ2OTU0MTIzODk4MDA2OjE3NDM4OTkyNjQ6c3BfYXRmX25leHQ6MzAwMzU3NjQ2MDQ5MTMyOjowOjo&url=%2FTazweeq-Brushes-Foundation-Highlight-Concealers%2Fdp%2FB0DGGHTYH9%2Fref%3Dsr_1_241_sspa%3Fcrid%3D3266ORQFEHWZS%26dib%3DeyJ2IjoiMSJ9.xMtVnT9eK78wVtSVPXtP-loU_1nREirWDTxBlnAhIl9V3qOe4rdxSA_Jzc6RlaKZp31KoPj7iso7XG-HBl03Clm3ZBpfWSS37bK17gGKXMcXxh8yK213VqR9l_hatoQ39uxyHaKzZA4gDdjqwExP_o-qMeYD3fV81_wyKuQmW8V4jNEcwwfJ13PE4lXJD28GyubMXOItktiq8WLbvMlPxO6K7Jsa3AS8bpWYGaF_Vt5FSZtSelAzny2v27jQMkN_Y6vkclueSf5Jbw2bHxXa5NK8SfqGebY2VzoYITE5PoM.7lCbns0YKSs7-oGrsIy9Ko39X7NbCnBYC86NLDHUH6k%26dib_tag%3Dse%26keywords%3Dtint%26qid%3D1743899264%26sprefix%3Dlip%2Bstick%252Caps%252C181%26sr%3D8-241-spons%26xpid%3DIRSWLf7BOJ1Ad%26sp_csd%3Dd2lkZ2V0TmFtZT1zcF9hdGZfbmV4dA%26psc%3D1,42.1,1.0,,3.763522997109702,-0.2425501880707878,1,0,0,2,1
"Lip Stain Peel Off, 3 Colors Waterproof Long Lasting Nonstick Cup Liquid Lipstick Makeup Set, Gloss Magic Color Lip Stain Tints for Women Girls",SAR 66.34,,https://www.amazon.sa/-/en/sspa/click?ie=UTF8&spc=MTo2MjQ2OTU0MTIzODk4MDA2OjE3NDM4OTkyNjQ6c3BfYXRmX25leHQ6MzAwMzU3NjQ2MDQ5MTMyOjowOjo&url=%2FTazweeq-Brushes-Foundation-Highlight-Concealers%2Fdp%2FB0DGGHTYH9%2Fref%3Dsr_1_241_sspa%3Fcrid%3D3266ORQFEHWZS%26dib%3DeyJ2IjoiMSJ9.xMtVnT9eK78wVtSVPXtP-loU_1nREirWDTxBlnAhIl9V3qOe4rdxSA_Jzc6RlaKZp31KoPj7iso7XG-HBl03Clm3ZBpfWSS37bK17gGKXMcXxh8yK213VqR9l_hatoQ39uxyHaKzZA4gDdjqwExP_o-qMeYD3fV81_wyKuQmW8V4jNEcwwfJ13PE4lXJD28GyubMXOItktiq8WLbvMlPxO6K7Jsa3AS8bpWYGaF_Vt5FSZtSelAzny2v27jQMkN_Y6vkclueSf5Jbw2bHxXa5NK8SfqGebY2VzoYITE5PoM.7lCbns0YKSs7-oGrsIy9Ko39X7NbCnBYC86NLDHUH6k%26dib_tag%3Dse%26keywords%3Dtint%26qid%3D1743899264%26sprefix%3Dlip%2Bstick%252Caps%252C181%26sr%3D8-241-spons%26xpid%3DIRSWLf7BOJ1Ad%26sp_csd%3Dd2lkZ2V0TmFtZT1zcF9hdGZfbmV4dA%26psc%3D1,66.34,,,4.209754413732928,0.5105842101166045,0,0,3,0,1
"Lip Stain Peel Off, Waterproof Long Lasting Lip Tint Peel Off Lip Liner with Matte Finish, Sweat-Proof Highly Pigmented Liquid Lip Liner Tattoo for Lip Makeup (01#)",SAR 65.03,,https://www.amazon.sa/-/en/sspa/click?ie=UTF8&spc=MTo4MDUyMTY5NTU2MDIxMDY5OjE3NDM4OTkyNTk6c3BfYXRmX25leHQ6MzAwNTI0MjI2NjAzNjMyOjowOjo&url=%2FNCJOO-Lipstick-Pigmented-Nourishing-Long-Lasting%2Fdp%2FB0CSFH5GHY%2Fref%3Dsr_1_49_sspa%3Fcrid%3D3266ORQFEHWZS%26dib%3DeyJ2IjoiMSJ9.VMQu1pQ4hKn0DIzVW7JOmJGYfghntsDUd9HJzTQF_2ZtZxS3xasaz3zoA9B6BAxXJwpIrcMm7gKRwslSNPxgtEuPLG75Wq3_XvDK_Dq4OoHvI7r2kZeuL3XGa12MRAA6vyS5uwfZ5GPLn32BH2dvVMI87mhzV3D1wshyqQ0H6oclPVrput0JNEMP3nG0cFJJlEAXGIUjCDZ1-WAPNDQCke7zP0tkVvLgUq24C_pkj1-gTcPyS3eAe54jpl-9ilF9OhZVWWmUpvvuPjBL2zdjE7-6MtTRb1mOI6pLUL_4GjU.UxcN9Z62COkZrlp2lU5JgRr7FG_oGBdrp8TzIzO3_Jk%26dib_tag%3Dse%26keywords%3Dtint%26qid%3D1743899259%26sprefix%3Dlip%2Bstick%252Caps%252C181%26sr%3D8-49-spons%26xpid%3DIRSWLf7BOJ1Ad%26sp_csd%3Dd2lkZ2V0TmFtZT1zcF9hdGZfbmV4dA%26psc%3D1,65.03,,,4.19010918420648,0.4774276515116166,0,0,3,0,1
"L’Oréal Paris L'Oreal Bonjour Nudista Skin Tint, Light Cream",SAR 64.34,4.0 out of 5 stars,https://www.amazon.sa/-/en/sspa/click?ie=UTF8&spc=MTo2MjQ2OTU0MTIzODk4MDA2OjE3NDM4OTkyNjQ6c3BfYXRmX25leHQ6MzAwMzU3NjQ2MDQ5MTMyOjowOjo&url=%2FTazweeq-Brushes-Foundation-Highlight-Concealers%2Fdp%2FB0DGGHTYH9%2Fref%3Dsr_1_241_sspa%3Fcrid%3D3266ORQFEHWZS%26dib%3DeyJ2IjoiMSJ9.xMtVnT9eK78wVtSVPXtP-loU_1nREirWDTxBlnAhIl9V3qOe4rdxSA_Jzc6RlaKZp31KoPj7iso7XG-HBl03Clm3ZBpfWSS37bK17gGKXMcXxh8yK213VqR9l_hatoQ39uxyHaKzZA4gDdjqwExP_o-qMeYD3fV81_wyKuQmW8V4jNEcwwfJ13PE4lXJD28GyubMXOItktiq8WLbvMlPxO6K7Jsa3AS8bpWYGaF_Vt5FSZtSelAzny2v27jQMkN_Y6vkclueSf5Jbw2bHxXa5NK8SfqGebY2VzoYITE5PoM.7lCbns0YKSs7-oGrsIy9Ko39X7NbCnBYC86NLDHUH6k%26dib_tag%3Dse%26keywords%3Dtint%26qid%3D1743899264%26sprefix%3Dlip%2Bstick%252Caps%252C181%26sr%3D8-241-spons%26xpid%3DIRSWLf7BOJ1Ad%26sp_csd%3Dd2lkZ2V0TmFtZT1zcF9hdGZfbmV4dA%26psc%3D1,64.34,4.0,,4.179604406172924,0.4596980399520739,0,0,3,0,1
"L’Oréal Paris True Match Nude Plumping Tinted Serum, 1% Hyaluronic Acid, Instantly Evens, Brightens, and Hydrates Skin Shade 2-3, Light",SAR 48.88,4.6 out of 5 stars,https://www.amazon.sa/-/en/sspa/click?ie=UTF8&spc=MTo0NDI2Mjc3MjQxNzExODM1OjE3NDM4OTkyNjE6c3BfYXRmX25leHQ6MzAwNTI0MjI2NjAzMjMyOjowOjo&url=%2FNCJOO-Lipstick-Pigmented-Nourishing-Long-Lasting%2Fdp%2FB0CSFFJ6D5%2Fref%3Dsr_1_97_sspa%3Fcrid%3D3266ORQFEHWZS%26dib%3DeyJ2IjoiMSJ9.4mzZH6ASwFEDpMZpAgGAgIhg6LkbppThoDVI7xvVQwXQUsNf7bMIqwZXI4ANyyyJVTe2L0VVDDbITMufiL6MHDNo-pXdb8J_9nQ0M0odpPeKInXlTQAcsKHm7VvYEZ2b1E3eSI4_hKwaoqrojOQvzOsaH3HIrYtZM6QoEM9zSAIjfmKYiQmMbQn6NC06dJbcFSG0HB48XcioQ09r5kqaux7lKzt5867mHMSiwALmyYn9-J_jKQL4ybBz2bxAFzFxyFY9v4dVHorr9y8xnFJFCefnXGMOmpLQt5xOkvWIaLE.TOxA60iToUOIzQNJtEly1KqIoTatAOoZMeZkvVpdmlw%26dib_tag%3Dse%26keywords%3Dtint%26qid%3D1743899260%26sprefix%3Dlip%2Bstick%252Caps%252C181%26sr%3D8-97-spons%26xpid%3DIRSWLf7BOJ1Ad%26sp_csd%3Dd2lkZ2V0TmFtZT1zcF9hdGZfbmV4dA%26psc%3D1,48.88,4.6,,3.909620120811836,0.0040276306066895145,1,0,0,2,1
MAKE OVER 22 - TINT My Lip Cheek and Lips Tint - ORANGE - My Pulp Orange Lip & Cheek Tint - Make Over 22,SAR 42.00,5.0 out of 5 stars,https://www.amazon.sa/-/en/sspa/click?ie=UTF8&spc=MTo4MDUyMTY5NTU2MDIxMDY5OjE3NDM4OTkyNTk6c3BfYXRmX25leHQ6MzAwNTI0MjI2NjAzNjMyOjowOjo&url=%2FNCJOO-Lipstick-Pigmented-Nourishing-Long-Lasting%2Fdp%2FB0CSFH5GHY%2Fref%3Dsr_1_49_sspa%3Fcrid%3D3266ORQFEHWZS%26dib%3DeyJ2IjoiMSJ9.VMQu1pQ4hKn0DIzVW7JOmJGYfghntsDUd9HJzTQF_2ZtZxS3xasaz3zoA9B6BAxXJwpIrcMm7gKRwslSNPxgtEuPLG75Wq3_XvDK_Dq4OoHvI7r2kZeuL3XGa12MRAA6vyS5uwfZ5GPLn32BH2dvVMI87mhzV3D1wshyqQ0H6oclPVrput0JNEMP3nG0cFJJlEAXGIUjCDZ1-WAPNDQCke7zP0tkVvLgUq24C_pkj1-gTcPyS3eAe54jpl-9ilF9OhZVWWmUpvvuPjBL2zdjE7-6MtTRb1mOI6pLUL_4GjU.UxcN9Z62COkZrlp2lU5JgRr7FG_oGBdrp8TzIzO3_Jk%26dib_tag%3Dse%26keywords%3Dtint%26qid%3D1743899259%26sprefix%3Dlip%2Bstick%252Caps%252C181%26sr%3D8-49-spons%26xpid%3DIRSWLf7BOJ1Ad%26sp_csd%3Dd2lkZ2V0TmFtZT1zcF9hdGZfbmV4dA%26psc%3D1,42.0,5.0,,3.7612001156935624,-0.24647066931041794,1,0,0,2,1
MAKE OVER 22 - TINT My Lip Cheek and Lips Tint - RED - My Pulp Red Lip & Cheek Tint - Make Over 22,SAR 39.09,5.0 out of 5 stars,https://www.amazon.sa/-/en/sspa/click?ie=UTF8&spc=MToxOTcwOTYxNDg1OTYwOTg3OjE3NDM4OTkyNTg6c3BfYXRmOjMwMDQyNDcxNTQyOTUzMjo6MDo6&url=%2FDaroge-6973243700034-Bene-Tint-Dg0034%2Fdp%2FB099L3N78L%2Fref%3Dsr_1_1_sspa%3Fcrid%3D3266ORQFEHWZS%26dib%3DeyJ2IjoiMSJ9.RlQs4tk6S_VXJL4qTkGuuxhTGaZ_3Tt5s1s1G0piIKqLZe7i-8vDrAfJN72R3v_8KEaRpYWxNSdODARbgHdtSr1twxeMLIUqk-7O6l5OCM8Zrsa__rbe0nvwW5Ub5YClK4EWaYF-US29o0zvc_jJNF3zp0lB2MRjpdeLvdQWlD27Q-Uf2_8wINGGkC6jy8tbeZJbot8RR6OabLgYUBi8gqBzmJUmdF6aX3oFKad4rW2ikTcfFqyRtqk_42Kot09KkNfhU6TITfmaqisoJ9JO9TT77rdNtsVjPh74o5d1j-8.3GLReJ97SAJyvqGXGOcpWOmG2sZXlnhgr_-tQpvuCJo%26dib_tag%3Dse%26keywords%3Dtint%26qid%3D1743899258%26sprefix%3Dlip%2Bstick%252Caps%252C181%26sr%3D8-1-spons%26sp_csd%3Dd2lkZ2V0TmFtZT1zcF9hdGY%26psc%3D1,39.09,5.0,,3.6911269266544156,-0.36473784434580814,1,0,0,2,1
"Maybelline New York, Super Stay Teddy Tint Plushwear and Transferproof, Delivers up to 12 hours of Long-lasting Blurred Matte Soft Lip Color, 10 CURRENT MOOD",SAR 52.65,4.2 out of 5 stars,https://www.amazon.sa/-/en/sspa/click?ie=UTF8&spc=MToxOTcwOTYxNDg1OTYwOTg3OjE3NDM4OTkyNTg6c3BfYXRmOjMwMDQyNDcxNTQyOTUzMjo6MDo6&url=%2FDaroge-6973243700034-Bene-Tint-Dg0034%2Fdp%2FB099L3N78L%2Fref%3Dsr_1_1_sspa%3Fcrid%3D3266ORQFEHWZS%26dib%3DeyJ2IjoiMSJ9.RlQs4tk6S_VXJL4qTkGuuxhTGaZ_3Tt5s1s1G0piIKqLZe7i-8vDrAfJN72R3v_8KEaRpYWxNSdODARbgHdtSr1twxeMLIUqk-7O6l5OCM8Zrsa__rbe0nvwW5Ub5YClK4EWaYF-US29o0zvc_jJNF3zp0lB2MRjpdeLvdQWlD27Q-Uf2_8wINGGkC6jy8tbeZJbot8RR6OabLgYUBi8gqBzmJUmdF6aX3oFKad4rW2ikTcfFqyRtqk_42Kot09KkNfhU6TITfmaqisoJ9JO9TT77rdNtsVjPh74o5d1j-8.3GLReJ97SAJyvqGXGOcpWOmG2sZXlnhgr_-tQpvuCJo%26dib_tag%3Dse%26keywords%3Dtint%26qid%3D1743899258%26sprefix%3Dlip%2Bstick%252Caps%252C181%26sr%3D8-1-spons%26sp_csd%3Dd2lkZ2V0TmFtZT1zcF9hdGY%26psc%3D1,52.65,4.2,,3.9824814690767076,0.12700056714226093,0,0,0,2,1
"Maybelline New York, Super Stay Teddy Tint Plushwear and Transferproof, Delivers up to 12 hours of Long-lasting Blurred Matte Soft Lip Color, 25 BABY TEE",SAR 55.07,4.1 out of 5 stars,https://www.amazon.sa/-/en/sspa/click?ie=UTF8&spc=MToxOTcwOTYxNDg1OTYwOTg3OjE3NDM4OTkyNTg6c3BfYXRmOjMwMDQyNDcxNTQyOTUzMjo6MDo6&url=%2FDaroge-6973243700034-Bene-Tint-Dg0034%2Fdp%2FB099L3N78L%2Fref%3Dsr_1_1_sspa%3Fcrid%3D3266ORQFEHWZS%26dib%3DeyJ2IjoiMSJ9.RlQs4tk6S_VXJL4qTkGuuxhTGaZ_3Tt5s1s1G0piIKqLZe7i-8vDrAfJN72R3v_8KEaRpYWxNSdODARbgHdtSr1twxeMLIUqk-7O6l5OCM8Zrsa__rbe0nvwW5Ub5YClK4EWaYF-US29o0zvc_jJNF3zp0lB2MRjpdeLvdQWlD27Q-Uf2_8wINGGkC6jy8tbeZJbot8RR6OabLgYUBi8gqBzmJUmdF6aX3oFKad4rW2ikTcfFqyRtqk_42Kot09KkNfhU6TITfmaqisoJ9JO9TT77rdNtsVjPh74o5d1j-8.3GLReJ97SAJyvqGXGOcpWOmG2sZXlnhgr_-tQpvuCJo%26dib_tag%3Dse%26keywords%3Dtint%26qid%3D1743899258%26sprefix%3Dlip%2Bstick%252Caps%252C181%26sr%3D8-1-spons%26sp_csd%3Dd2lkZ2V0TmFtZT1zcF9hdGY%26psc%3D1,55.07,4.1,,4.026600910135581,0.20146387799940474,0,0,0,2,1
"Milk Jelly Blush, Blush Stick with Brush,Waterproof Multi Cream Blush Stick Makeup,Lightweight,Long-lasting,2 in 1 Multi Stick Blush for Cheeks & Lip Tint & Eyeshadow Makeup(Orange)",SAR 33.99,,https://www.amazon.sa/-/en/sspa/click?ie=UTF8&spc=MTo2MjQ2OTU0MTIzODk4MDA2OjE3NDM4OTkyNjQ6c3BfYXRmX25leHQ6MzAwMzU3NjQ2MDQ5MTMyOjowOjo&url=%2FTazweeq-Brushes-Foundation-Highlight-Concealers%2Fdp%2FB0DGGHTYH9%2Fref%3Dsr_1_241_sspa%3Fcrid%3D3266ORQFEHWZS%26dib%3DeyJ2IjoiMSJ9.xMtVnT9eK78wVtSVPXtP-loU_1nREirWDTxBlnAhIl9V3qOe4rdxSA_Jzc6RlaKZp31KoPj7iso7XG-HBl03Clm3ZBpfWSS37bK17gGKXMcXxh8yK213VqR9l_hatoQ39uxyHaKzZA4gDdjqwExP_o-qMeYD3fV81_wyKuQmW8V4jNEcwwfJ13PE4lXJD28GyubMXOItktiq8WLbvMlPxO6K7Jsa3AS8bpWYGaF_Vt5FSZtSelAzny2v27jQMkN_Y6vkclueSf5Jbw2bHxXa5NK8SfqGebY2VzoYITE5PoM.7lCbns0YKSs7-oGrsIy9Ko39X7NbCnBYC86NLDHUH6k%26dib_tag%3Dse%26keywords%3Dtint%26qid%3D1743899264%26sprefix%3Dlip%2Bstick%252Caps%252C181%26sr%3D8-241-spons%26xpid%3DIRSWLf7BOJ1Ad%26sp_csd%3Dd2lkZ2V0TmFtZT1zcF9hdGZfbmV4dA%26psc%3D1,33.99,,,3.5550623063795967,-0.5943831406826997,1,0,0,1,1
"Milk Jelly Blush, Blush Stick with Brush,Waterproof Multi Cream Blush Stick Makeup,Lightweight,Long-lasting,2 in 1 Multi Stick Blush for Cheeks & Lip Tint & Eyeshadow Makeup(Rose Pink)",SAR 33.99,,https://www.amazon.sa/-/en/sspa/click?ie=UTF8&spc=MTo2MjQ2OTU0MTIzODk4MDA2OjE3NDM4OTkyNjQ6c3BfYXRmX25leHQ6MzAwMzU3NjQ2MDQ5MTMyOjowOjo&url=%2FTazweeq-Brushes-Foundation-Highlight-Concealers%2Fdp%2FB0DGGHTYH9%2Fref%3Dsr_1_241_sspa%3Fcrid%3D3266ORQFEHWZS%26dib%3DeyJ2IjoiMSJ9.xMtVnT9eK78wVtSVPXtP-loU_1nREirWDTxBlnAhIl9V3qOe4rdxSA_Jzc6RlaKZp31KoPj7iso7XG-HBl03Clm3ZBpfWSS37bK17gGKXMcXxh8yK213VqR9l_hatoQ39uxyHaKzZA4gDdjqwExP_o-qMeYD3fV81_wyKuQmW8V4jNEcwwfJ13PE4lXJD28GyubMXOItktiq8WLbvMlPxO6K7Jsa3AS8bpWYGaF_Vt5FSZtSelAzny2v27jQMkN_Y6vkclueSf5Jbw2bHxXa5NK8SfqGebY2VzoYITE5PoM.7lCbns0YKSs7-oGrsIy9Ko39X7NbCnBYC86NLDHUH6k%26dib_tag%3Dse%26keywords%3Dtint%26qid%3D1743899264%26sprefix%3Dlip%2Bstick%252Caps%252C181%26sr%3D8-241-spons%26xpid%3DIRSWLf7BOJ1Ad%26sp_csd%3Dd2lkZ2V0TmFtZT1zcF9hdGZfbmV4dA%26psc%3D1,33.99,,,3.5550623063795967,-0.5943831406826997,1,0,0,1,1
"NALACAL 6 Colors Lip Tinted Gloss Set, Hydrating Plumping Liquid Lip Stain Not-Fade High Shine Mirror Watery Glossy and Moisturizing Lipstick for Women Girls",SAR 59.99,,https://www.amazon.sa/-/en/sspa/click?ie=UTF8&spc=MToxOTcwOTYxNDg1OTYwOTg3OjE3NDM4OTkyNTg6c3BfYXRmOjMwMDQyNDcxNTQyOTUzMjo6MDo6&url=%2FDaroge-6973243700034-Bene-Tint-Dg0034%2Fdp%2FB099L3N78L%2Fref%3Dsr_1_1_sspa%3Fcrid%3D3266ORQFEHWZS%26dib%3DeyJ2IjoiMSJ9.RlQs4tk6S_VXJL4qTkGuuxhTGaZ_3Tt5s1s1G0piIKqLZe7i-8vDrAfJN72R3v_8KEaRpYWxNSdODARbgHdtSr1twxeMLIUqk-7O6l5OCM8Zrsa__rbe0nvwW5Ub5YClK4EWaYF-US29o0zvc_jJNF3zp0lB2MRjpdeLvdQWlD27Q-Uf2_8wINGGkC6jy8tbeZJbot8RR6OabLgYUBi8gqBzmJUmdF6aX3oFKad4rW2ikTcfFqyRtqk_42Kot09KkNfhU6TITfmaqisoJ9JO9TT77rdNtsVjPh74o5d1j-8.3GLReJ97SAJyvqGXGOcpWOmG2sZXlnhgr_-tQpvuCJo%26dib_tag%3Dse%26keywords%3Dtint%26qid%3D1743899258%26sprefix%3Dlip%2Bstick%252Caps%252C181%26sr%3D8-1-spons%26sp_csd%3Dd2lkZ2V0TmFtZT1zcF9hdGY%26psc%3D1,59.99,,,4.110709916308365,0.34342023379665837,0,0,3,0,1
NALACAL 6 Colors Peel Off Lip Tint，Fashion Matte Velvet Liquid Lipstick，Lasting Non-Stick Cup Matte Tattoo Lip Stain，Magic Peel-Off Lip Glaze Lip Tinted Makeup Beauty Cosmetic，Cruelty-free,SAR 50.45,1.0 out of 5 stars,https://www.amazon.sa/-/en/sspa/click?ie=UTF8&spc=MToyMjQ1NjYwNzkyMDcwNDc2OjE3NDM4OTkyNjI6c3BfYXRmX25leHQ6MzAwNDQxNzYxMTExMzMyOjowOjo&url=%2FDual-ended-Microblading-Micro-Fork-Tip-Waterproof-Long-Lasting%2Fdp%2FB0DLBS6T6C%2Fref%3Dsr_1_145_sspa%3Fcrid%3D3266ORQFEHWZS%26dib%3DeyJ2IjoiMSJ9.1ZpWRG8soDDVNJ58mFjczXOFkOGie6euvu-Zs9H85-7H3OvVHM4dPyemtKrzIClX6dGshXKjIXi5OM5IV_T-iTB3sADc8png_aV7_-Lfrcg_ewaOAtLeFWBtvcSVf_9T9otzxg4TIMJAIgNVYt-5xiqO1d_MOG05wvCPOvaHZFacP6GlWkvaX8_VgrVrYZTzIq159j-76Hc-I1pOLo8XoqNIiheyrzdwphGEbJyF3tv4q10kllU8yQ_69GWrp3UgKAk5MheRG3l4yD7rxn1OeisVkT197S4SflYskLtXpv0.OnQRxJo2-t9pv98TeOkagAdnTeJqINK4oq0MVGW3ilo%26dib_tag%3Dse%26keywords%3Dtint%26qid%3D1743899262%26sprefix%3Dlip%2Bstick%252Caps%252C181%26sr%3D8-145-spons%26xpid%3DIRSWLf7BOJ1Ad%26sp_csd%3Dd2lkZ2V0TmFtZT1zcF9hdGZfbmV4dA%26psc%3D1,50.45,1.0,,3.9406104622800586,0.05633208811869524,1,0,0,2,1
"NALACAL Korean Moisturizing Lip and Cheek Tint Set – 6 Pcs Vivid Color Glossy Lip Stain, Lightweight and Long-Lasting Hydrating Lipstick",SAR 51.29,4.0 out of 5 stars,https://www.amazon.sa/-/en/sspa/click?ie=UTF8&spc=MTo4MDUyMTY5NTU2MDIxMDY5OjE3NDM4OTkyNTk6c3BfYXRmX25leHQ6MzAwNTI0MjI2NjAzNjMyOjowOjo&url=%2FNCJOO-Lipstick-Pigmented-Nourishing-Long-Lasting%2Fdp%2FB0CSFH5GHY%2Fref%3Dsr_1_49_sspa%3Fcrid%3D3266ORQFEHWZS%26dib%3DeyJ2IjoiMSJ9.VMQu1pQ4hKn0DIzVW7JOmJGYfghntsDUd9HJzTQF_2ZtZxS3xasaz3zoA9B6BAxXJwpIrcMm7gKRwslSNPxgtEuPLG75Wq3_XvDK_Dq4OoHvI7r2kZeuL3XGa12MRAA6vyS5uwfZ5GPLn32BH2dvVMI87mhzV3D1wshyqQ0H6oclPVrput0JNEMP3nG0cFJJlEAXGIUjCDZ1-WAPNDQCke7zP0tkVvLgUq24C_pkj1-gTcPyS3eAe54jpl-9ilF9OhZVWWmUpvvuPjBL2zdjE7-6MtTRb1mOI6pLUL_4GjU.UxcN9Z62COkZrlp2lU5JgRr7FG_oGBdrp8TzIzO3_Jk%26dib_tag%3Dse%26keywords%3Dtint%26qid%3D1743899259%26sprefix%3Dlip%2Bstick%252Caps%252C181%26sr%3D8-49-spons%26xpid%3DIRSWLf7BOJ1Ad%26sp_csd%3Dd2lkZ2V0TmFtZT1zcF9hdGZfbmV4dA%26psc%3D1,51.29,4.0,,3.956805148200039,0.08366493511202243,1,0,0,2,1
"NALACAL Water Lip Tint Stain Set, Velvet Color Lip Tint Watery Lip Stain, Lip and Cheek Tint Moisturizing Long-lasting Waterproof Mini Liquid Lipstick (6 Colors)",SAR 45.99,3.0 out of 5 stars,https://www.amazon.sa/-/en/sspa/click?ie=UTF8&spc=MToxOTcwOTYxNDg1OTYwOTg3OjE3NDM4OTkyNTg6c3BfYXRmOjMwMDQyNDcxNTQyOTUzMjo6MDo6&url=%2FDaroge-6973243700034-Bene-Tint-Dg0034%2Fdp%2FB099L3N78L%2Fref%3Dsr_1_1_sspa%3Fcrid%3D3266ORQFEHWZS%26dib%3DeyJ2IjoiMSJ9.RlQs4tk6S_VXJL4qTkGuuxhTGaZ_3Tt5s1s1G0piIKqLZe7i-8vDrAfJN72R3v_8KEaRpYWxNSdODARbgHdtSr1twxeMLIUqk-7O6l5OCM8Zrsa__rbe0nvwW5Ub5YClK4EWaYF-US29o0zvc_jJNF3zp0lB2MRjpdeLvdQWlD27Q-Uf2_8wINGGkC6jy8tbeZJbot8RR6OabLgYUBi8gqBzmJUmdF6aX3oFKad4rW2ikTcfFqyRtqk_42Kot09KkNfhU6TITfmaqisoJ9JO9TT77rdNtsVjPh74o5d1j-8.3GLReJ97SAJyvqGXGOcpWOmG2sZXlnhgr_-tQpvuCJo%26dib_tag%3Dse%26keywords%3Dtint%26qid%3D1743899258%26sprefix%3Dlip%2Bstick%252Caps%252C181%26sr%3D8-1-spons%26sp_csd%3Dd2lkZ2V0TmFtZT1zcF9hdGY%26psc%3D1,45.99,3.0,,3.849934813114724,-0.09670722717910342,1,0,0,2,1
NYX PROFESSIONAL MAKEUP Lift and Snatch Tint Pen,SAR 67.00,4.4 out of 5 stars,https://www.amazon.sa/-/en/sspa/click?ie=UTF8&spc=MTo0NDI2Mjc3MjQxNzExODM1OjE3NDM4OTkyNjE6c3BfYXRmX25leHQ6MzAwNTI0MjI2NjAzMjMyOjowOjo&url=%2FNCJOO-Lipstick-Pigmented-Nourishing-Long-Lasting%2Fdp%2FB0CSFFJ6D5%2Fref%3Dsr_1_97_sspa%3Fcrid%3D3266ORQFEHWZS%26dib%3DeyJ2IjoiMSJ9.4mzZH6ASwFEDpMZpAgGAgIhg6LkbppThoDVI7xvVQwXQUsNf7bMIqwZXI4ANyyyJVTe2L0VVDDbITMufiL6MHDNo-pXdb8J_9nQ0M0odpPeKInXlTQAcsKHm7VvYEZ2b1E3eSI4_hKwaoqrojOQvzOsaH3HIrYtZM6QoEM9zSAIjfmKYiQmMbQn6NC06dJbcFSG0HB48XcioQ09r5kqaux7lKzt5867mHMSiwALmyYn9-J_jKQL4ybBz2bxAFzFxyFY9v4dVHorr9y8xnFJFCefnXGMOmpLQt5xOkvWIaLE.TOxA60iToUOIzQNJtEly1KqIoTatAOoZMeZkvVpdmlw%26dib_tag%3Dse%26keywords%3Dtint%26qid%3D1743899260%26sprefix%3Dlip%2Bstick%252Caps%252C181%26sr%3D8-97-spons%26xpid%3DIRSWLf7BOJ1Ad%26sp_csd%3Dd2lkZ2V0TmFtZT1zcF9hdGZfbmV4dA%26psc%3D1,67.0,4.4,,4.219507705176107,0.5270454878477663,0,0,3,0,1
PERIPERA INK MOOD GLOWY TINT 02 CORAL INFLUENCER,SAR 47.06,4.3 out of 5 stars,https://www.amazon.sa/-/en/sspa/click?ie=UTF8&spc=MToxOTcwOTYxNDg1OTYwOTg3OjE3NDM4OTkyNTg6c3BfYXRmOjMwMDQyNDcxNTQyOTUzMjo6MDo6&url=%2FDaroge-6973243700034-Bene-Tint-Dg0034%2Fdp%2FB099L3N78L%2Fref%3Dsr_1_1_sspa%3Fcrid%3D3266ORQFEHWZS%26dib%3DeyJ2IjoiMSJ9.RlQs4tk6S_VXJL4qTkGuuxhTGaZ_3Tt5s1s1G0piIKqLZe7i-8vDrAfJN72R3v_8KEaRpYWxNSdODARbgHdtSr1twxeMLIUqk-7O6l5OCM8Zrsa__rbe0nvwW5Ub5YClK4EWaYF-US29o0zvc_jJNF3zp0lB2MRjpdeLvdQWlD27Q-Uf2_8wINGGkC6jy8tbeZJbot8RR6OabLgYUBi8gqBzmJUmdF6aX3oFKad4rW2ikTcfFqyRtqk_42Kot09KkNfhU6TITfmaqisoJ9JO9TT77rdNtsVjPh74o5d1j-8.3GLReJ97SAJyvqGXGOcpWOmG2sZXlnhgr_-tQpvuCJo%26dib_tag%3Dse%26keywords%3Dtint%26qid%3D1743899258%26sprefix%3Dlip%2Bstick%252Caps%252C181%26sr%3D8-1-spons%26sp_csd%3Dd2lkZ2V0TmFtZT1zcF9hdGY%26psc%3D1,47.06,4.3,,3.872450230308323,-0.05870646222544115,1,0,0,2,1
PERIPERA INK MOOD GLOWY TINT 03 ROSE IN MIND,SAR 47.06,4.4 out of 5 stars,https://www.amazon.sa/-/en/sspa/click?ie=UTF8&spc=MToxOTcwOTYxNDg1OTYwOTg3OjE3NDM4OTkyNTg6c3BfYXRmOjMwMDQyNDcxNTQyOTUzMjo6MDo6&url=%2FDaroge-6973243700034-Bene-Tint-Dg0034%2Fdp%2FB099L3N78L%2Fref%3Dsr_1_1_sspa%3Fcrid%3D3266ORQFEHWZS%26dib%3DeyJ2IjoiMSJ9.RlQs4tk6S_VXJL4qTkGuuxhTGaZ_3Tt5s1s1G0piIKqLZe7i-8vDrAfJN72R3v_8KEaRpYWxNSdODARbgHdtSr1twxeMLIUqk-7O6l5OCM8Zrsa__rbe0nvwW5Ub5YClK4EWaYF-US29o0zvc_jJNF3zp0lB2MRjpdeLvdQWlD27Q-Uf2_8wINGGkC6jy8tbeZJbot8RR6OabLgYUBi8gqBzmJUmdF6aX3oFKad4rW2ikTcfFqyRtqk_42Kot09KkNfhU6TITfmaqisoJ9JO9TT77rdNtsVjPh74o5d1j-8.3GLReJ97SAJyvqGXGOcpWOmG2sZXlnhgr_-tQpvuCJo%26dib_tag%3Dse%26keywords%3Dtint%26qid%3D1743899258%26sprefix%3Dlip%2Bstick%252Caps%252C181%26sr%3D8-1-spons%26sp_csd%3Dd2lkZ2V0TmFtZT1zcF9hdGY%26psc%3D1,47.06,4.4,,3.872450230308323,-0.05870646222544115,1,0,0,2,1
Peach C River Glow Korean Lip Tint – Premium Korean Lip Stain – Transparent Water Gel Tint – Natural-Looking Lip Tint Korean Water Tint – Long-Lasting High Color – Extra Glossiness (Breeze Fig),SAR 48.00,4.3 out of 5 stars,https://www.amazon.sa/-/en/sspa/click?ie=UTF8&spc=MToxOTcwOTYxNDg1OTYwOTg3OjE3NDM4OTkyNTg6c3BfYXRmOjMwMDQyNDcxNTQyOTUzMjo6MDo6&url=%2FDaroge-6973243700034-Bene-Tint-Dg0034%2Fdp%2FB099L3N78L%2Fref%3Dsr_1_1_sspa%3Fcrid%3D3266ORQFEHWZS%26dib%3DeyJ2IjoiMSJ9.RlQs4tk6S_VXJL4qTkGuuxhTGaZ_3Tt5s1s1G0piIKqLZe7i-8vDrAfJN72R3v_8KEaRpYWxNSdODARbgHdtSr1twxeMLIUqk-7O6l5OCM8Zrsa__rbe0nvwW5Ub5YClK4EWaYF-US29o0zvc_jJNF3zp0lB2MRjpdeLvdQWlD27Q-Uf2_8wINGGkC6jy8tbeZJbot8RR6OabLgYUBi8gqBzmJUmdF6aX3oFKad4rW2ikTcfFqyRtqk_42Kot09KkNfhU6TITfmaqisoJ9JO9TT77rdNtsVjPh74o5d1j-8.3GLReJ97SAJyvqGXGOcpWOmG2sZXlnhgr_-tQpvuCJo%26dib_tag%3Dse%26keywords%3Dtint%26qid%3D1743899258%26sprefix%3Dlip%2Bstick%252Caps%252C181%26sr%3D8-1-spons%26sp_csd%3Dd2lkZ2V0TmFtZT1zcF9hdGY%26psc%3D1,48.0,4.3,,3.8918202981106265,-0.026014312337091866,1,0,0,2,1
Peach C River Glow Korean Lip Tint – Premium Korean Lip Stain – Transparent Water Gel Tint – Natural-Looking Lip Tint Korean Water Tint – Long-Lasting High Color – Extra Glossiness (Hey Cherry),SAR 48.00,4.3 out of 5 stars,https://www.amazon.sa/-/en/sspa/click?ie=UTF8&spc=MToxOTcwOTYxNDg1OTYwOTg3OjE3NDM4OTkyNTg6c3BfYXRmOjMwMDQyNDcxNTQyOTUzMjo6MDo6&url=%2FDaroge-6973243700034-Bene-Tint-Dg0034%2Fdp%2FB099L3N78L%2Fref%3Dsr_1_1_sspa%3Fcrid%3D3266ORQFEHWZS%26dib%3DeyJ2IjoiMSJ9.RlQs4tk6S_VXJL4qTkGuuxhTGaZ_3Tt5s1s1G0piIKqLZe7i-8vDrAfJN72R3v_8KEaRpYWxNSdODARbgHdtSr1twxeMLIUqk-7O6l5OCM8Zrsa__rbe0nvwW5Ub5YClK4EWaYF-US29o0zvc_jJNF3zp0lB2MRjpdeLvdQWlD27Q-Uf2_8wINGGkC6jy8tbeZJbot8RR6OabLgYUBi8gqBzmJUmdF6aX3oFKad4rW2ikTcfFqyRtqk_42Kot09KkNfhU6TITfmaqisoJ9JO9TT77rdNtsVjPh74o5d1j-8.3GLReJ97SAJyvqGXGOcpWOmG2sZXlnhgr_-tQpvuCJo%26dib_tag%3Dse%26keywords%3Dtint%26qid%3D1743899258%26sprefix%3Dlip%2Bstick%252Caps%252C181%26sr%3D8-1-spons%26sp_csd%3Dd2lkZ2V0TmFtZT1zcF9hdGY%26psc%3D1,48.0,4.3,,3.8918202981106265,-0.026014312337091866,1,0,0,2,1
Peach C River Glow Korean Lip Tint – Premium Korean Lip Stain – Transparent Water Gel Tint – Natural-Looking Lip Tint Korean Water Tint – Long-Lasting High Color – Extra Glossiness (Tender Peach),SAR 48.00,4.6 out of 5 stars,https://www.amazon.sa/-/en/sspa/click?ie=UTF8&spc=MToxOTcwOTYxNDg1OTYwOTg3OjE3NDM4OTkyNTg6c3BfYXRmOjMwMDQyNDcxNTQyOTUzMjo6MDo6&url=%2FDaroge-6973243700034-Bene-Tint-Dg0034%2Fdp%2FB099L3N78L%2Fref%3Dsr_1_1_sspa%3Fcrid%3D3266ORQFEHWZS%26dib%3DeyJ2IjoiMSJ9.RlQs4tk6S_VXJL4qTkGuuxhTGaZ_3Tt5s1s1G0piIKqLZe7i-8vDrAfJN72R3v_8KEaRpYWxNSdODARbgHdtSr1twxeMLIUqk-7O6l5OCM8Zrsa__rbe0nvwW5Ub5YClK4EWaYF-US29o0zvc_jJNF3zp0lB2MRjpdeLvdQWlD27Q-Uf2_8wINGGkC6jy8tbeZJbot8RR6OabLgYUBi8gqBzmJUmdF6aX3oFKad4rW2ikTcfFqyRtqk_42Kot09KkNfhU6TITfmaqisoJ9JO9TT77rdNtsVjPh74o5d1j-8.3GLReJ97SAJyvqGXGOcpWOmG2sZXlnhgr_-tQpvuCJo%26dib_tag%3Dse%26keywords%3Dtint%26qid%3D1743899258%26sprefix%3Dlip%2Bstick%252Caps%252C181%26sr%3D8-1-spons%26sp_csd%3Dd2lkZ2V0TmFtZT1zcF9hdGY%26psc%3D1,48.0,4.6,,3.8918202981106265,-0.026014312337091866,1,0,0,2,1
"Peel Off Lip Liner Tattoo Stain, Long-lasting Lip Tint Stain Smooth and Matte Lip Tint, Water-resistant Lip Liner Stain, and Non-greasy Lip Tint Stain Transfer-proof, Smudge-Proof, Matte Finish",SAR 41.71,,https://www.amazon.sa/-/en/sspa/click?ie=UTF8&spc=MTo0NDI2Mjc3MjQxNzExODM1OjE3NDM4OTkyNjE6c3BfYXRmX25leHQ6MzAwNTI0MjI2NjAzMjMyOjowOjo&url=%2FNCJOO-Lipstick-Pigmented-Nourishing-Long-Lasting%2Fdp%2FB0CSFFJ6D5%2Fref%3Dsr_1_97_sspa%3Fcrid%3D3266ORQFEHWZS%26dib%3DeyJ2IjoiMSJ9.4mzZH6ASwFEDpMZpAgGAgIhg6LkbppThoDVI7xvVQwXQUsNf7bMIqwZXI4ANyyyJVTe2L0VVDDbITMufiL6MHDNo-pXdb8J_9nQ0M0odpPeKInXlTQAcsKHm7VvYEZ2b1E3eSI4_hKwaoqrojOQvzOsaH3HIrYtZM6QoEM9zSAIjfmKYiQmMbQn6NC06dJbcFSG0HB48XcioQ09r5kqaux7lKzt5867mHMSiwALmyYn9-J_jKQL4ybBz2bxAFzFxyFY9v4dVHorr9y8xnFJFCefnXGMOmpLQt5xOkvWIaLE.TOxA60iToUOIzQNJtEly1KqIoTatAOoZMeZkvVpdmlw%26dib_tag%3Dse%26keywords%3Dtint%26qid%3D1743899260%26sprefix%3Dlip%2Bstick%252Caps%252C181%26sr%3D8-97-spons%26xpid%3DIRSWLf7BOJ1Ad%26sp_csd%3Dd2lkZ2V0TmFtZT1zcF9hdGZfbmV4dA%26psc%3D1,41.71,,,3.754433084853375,-0.25789183669013016,1,0,0,2,1
"Peripera Ink Airy Velvet Lip Tint (0.14 fl oz) | High-Pigmentation, Lightweight, Soft, Moisturizing, Not Animal Tested | (#025 ZAZZY PEACH)",SAR 70.00,4.1 out of 5 stars,https://www.amazon.sa/-/en/sspa/click?ie=UTF8&spc=MTo4MDUyMTY5NTU2MDIxMDY5OjE3NDM4OTkyNTk6c3BfYXRmX25leHQ6MzAwNTI0MjI2NjAzNjMyOjowOjo&url=%2FNCJOO-Lipstick-Pigmented-Nourishing-Long-Lasting%2Fdp%2FB0CSFH5GHY%2Fref%3Dsr_1_49_sspa%3Fcrid%3D3266ORQFEHWZS%26dib%3DeyJ2IjoiMSJ9.VMQu1pQ4hKn0DIzVW7JOmJGYfghntsDUd9HJzTQF_2ZtZxS3xasaz3zoA9B6BAxXJwpIrcMm7gKRwslSNPxgtEuPLG75Wq3_XvDK_Dq4OoHvI7r2kZeuL3XGa12MRAA6vyS5uwfZ5GPLn32BH2dvVMI87mhzV3D1wshyqQ0H6oclPVrput0JNEMP3nG0cFJJlEAXGIUjCDZ1-WAPNDQCke7zP0tkVvLgUq24C_pkj1-gTcPyS3eAe54jpl-9ilF9OhZVWWmUpvvuPjBL2zdjE7-6MtTRb1mOI6pLUL_4GjU.UxcN9Z62COkZrlp2lU5JgRr7FG_oGBdrp8TzIzO3_Jk%26dib_tag%3Dse%26keywords%3Dtint%26qid%3D1743899259%26sprefix%3Dlip%2Bstick%252Caps%252C181%26sr%3D8-49-spons%26xpid%3DIRSWLf7BOJ1Ad%26sp_csd%3Dd2lkZ2V0TmFtZT1zcF9hdGZfbmV4dA%26psc%3D1,70.0,4.1,4.14029,4.2626798770413155,0.5999100295741054,0,0,3,0,1
River Glow Korean Lip Tint 03 – Premium Korean Lip Stain – Transparent Water Gel Tint – Natural – Long-Lasting High Color – Extra Glossiness (Let's Grape),SAR 48.00,3.6 out of 5 stars,https://www.amazon.sa/-/en/sspa/click?ie=UTF8&spc=MToxOTcwOTYxNDg1OTYwOTg3OjE3NDM4OTkyNTg6c3BfYXRmOjMwMDQyNDcxNTQyOTUzMjo6MDo6&url=%2FDaroge-6973243700034-Bene-Tint-Dg0034%2Fdp%2FB099L3N78L%2Fref%3Dsr_1_1_sspa%3Fcrid%3D3266ORQFEHWZS%26dib%3DeyJ2IjoiMSJ9.RlQs4tk6S_VXJL4qTkGuuxhTGaZ_3Tt5s1s1G0piIKqLZe7i-8vDrAfJN72R3v_8KEaRpYWxNSdODARbgHdtSr1twxeMLIUqk-7O6l5OCM8Zrsa__rbe0nvwW5Ub5YClK4EWaYF-US29o0zvc_jJNF3zp0lB2MRjpdeLvdQWlD27Q-Uf2_8wINGGkC6jy8tbeZJbot8RR6OabLgYUBi8gqBzmJUmdF6aX3oFKad4rW2ikTcfFqyRtqk_42Kot09KkNfhU6TITfmaqisoJ9JO9TT77rdNtsVjPh74o5d1j-8.3GLReJ97SAJyvqGXGOcpWOmG2sZXlnhgr_-tQpvuCJo%26dib_tag%3Dse%26keywords%3Dtint%26qid%3D1743899258%26sprefix%3Dlip%2Bstick%252Caps%252C181%26sr%3D8-1-spons%26sp_csd%3Dd2lkZ2V0TmFtZT1zcF9hdGY%26psc%3D1,48.0,3.6,,3.8918202981106265,-0.026014312337091866,1,0,0,2,1
Rom&Nd Dewy·Ful Water Tint 03 If Rose,SAR 45.00,4.4 out of 5 stars,https://www.amazon.sa/-/en/sspa/click?ie=UTF8&spc=MToxOTcwOTYxNDg1OTYwOTg3OjE3NDM4OTkyNTg6c3BfYXRmOjMwMDQyNDcxNTQyOTUzMjo6MDo6&url=%2FDaroge-6973243700034-Bene-Tint-Dg0034%2Fdp%2FB099L3N78L%2Fref%3Dsr_1_1_sspa%3Fcrid%3D3266ORQFEHWZS%26dib%3DeyJ2IjoiMSJ9.RlQs4tk6S_VXJL4qTkGuuxhTGaZ_3Tt5s1s1G0piIKqLZe7i-8vDrAfJN72R3v_8KEaRpYWxNSdODARbgHdtSr1twxeMLIUqk-7O6l5OCM8Zrsa__rbe0nvwW5Ub5YClK4EWaYF-US29o0zvc_jJNF3zp0lB2MRjpdeLvdQWlD27Q-Uf2_8wINGGkC6jy8tbeZJbot8RR6OabLgYUBi8gqBzmJUmdF6aX3oFKad4rW2ikTcfFqyRtqk_42Kot09KkNfhU6TITfmaqisoJ9JO9TT77rdNtsVjPh74o5d1j-8.3GLReJ97SAJyvqGXGOcpWOmG2sZXlnhgr_-tQpvuCJo%26dib_tag%3Dse%26keywords%3Dtint%26qid%3D1743899258%26sprefix%3Dlip%2Bstick%252Caps%252C181%26sr%3D8-1-spons%26sp_csd%3Dd2lkZ2V0TmFtZT1zcF9hdGY%26psc%3D1,45.0,4.4,,3.828641396489095,-0.1326455406153293,1,0,0,2,1
Rom&Nd Glasting Water Tint 04 Vintage Ocean,SAR 35.73,4.5 out of 5 stars,https://www.amazon.sa/-/en/sspa/click?ie=UTF8&spc=MTo4MDUyMTY5NTU2MDIxMDY5OjE3NDM4OTkyNTk6c3BfYXRmX25leHQ6MzAwNTI0MjI2NjAzNjMyOjowOjo&url=%2FNCJOO-Lipstick-Pigmented-Nourishing-Long-Lasting%2Fdp%2FB0CSFH5GHY%2Fref%3Dsr_1_49_sspa%3Fcrid%3D3266ORQFEHWZS%26dib%3DeyJ2IjoiMSJ9.VMQu1pQ4hKn0DIzVW7JOmJGYfghntsDUd9HJzTQF_2ZtZxS3xasaz3zoA9B6BAxXJwpIrcMm7gKRwslSNPxgtEuPLG75Wq3_XvDK_Dq4OoHvI7r2kZeuL3XGa12MRAA6vyS5uwfZ5GPLn32BH2dvVMI87mhzV3D1wshyqQ0H6oclPVrput0JNEMP3nG0cFJJlEAXGIUjCDZ1-WAPNDQCke7zP0tkVvLgUq24C_pkj1-gTcPyS3eAe54jpl-9ilF9OhZVWWmUpvvuPjBL2zdjE7-6MtTRb1mOI6pLUL_4GjU.UxcN9Z62COkZrlp2lU5JgRr7FG_oGBdrp8TzIzO3_Jk%26dib_tag%3Dse%26keywords%3Dtint%26qid%3D1743899259%26sprefix%3Dlip%2Bstick%252Caps%252C181%26sr%3D8-49-spons%26xpid%3DIRSWLf7BOJ1Ad%26sp_csd%3Dd2lkZ2V0TmFtZT1zcF9hdGZfbmV4dA%26psc%3D1,35.73,4.5,,3.6035938598315758,-0.512473214710327,1,0,0,1,1
Rom&Nd Glasting Water Tint 05 Rose Splash,SAR 35.73,4.4 out of 5 stars,https://www.amazon.sa/-/en/sspa/click?ie=UTF8&spc=MTo4MDUyMTY5NTU2MDIxMDY5OjE3NDM4OTkyNTk6c3BfYXRmX25leHQ6MzAwNTI0MjI2NjAzNjMyOjowOjo&url=%2FNCJOO-Lipstick-Pigmented-Nourishing-Long-Lasting%2Fdp%2FB0CSFH5GHY%2Fref%3Dsr_1_49_sspa%3Fcrid%3D3266ORQFEHWZS%26dib%3DeyJ2IjoiMSJ9.VMQu1pQ4hKn0DIzVW7JOmJGYfghntsDUd9HJzTQF_2ZtZxS3xasaz3zoA9B6BAxXJwpIrcMm7gKRwslSNPxgtEuPLG75Wq3_XvDK_Dq4OoHvI7r2kZeuL3XGa12MRAA6vyS5uwfZ5GPLn32BH2dvVMI87mhzV3D1wshyqQ0H6oclPVrput0JNEMP3nG0cFJJlEAXGIUjCDZ1-WAPNDQCke7zP0tkVvLgUq24C_pkj1-gTcPyS3eAe54jpl-9ilF9OhZVWWmUpvvuPjBL2zdjE7-6MtTRb1mOI6pLUL_4GjU.UxcN9Z62COkZrlp2lU5JgRr7FG_oGBdrp8TzIzO3_Jk%26dib_tag%3Dse%26keywords%3Dtint%26qid%3D1743899259%26sprefix%3Dlip%2Bstick%252Caps%252C181%26sr%3D8-49-spons%26xpid%3DIRSWLf7BOJ1Ad%26sp_csd%3Dd2lkZ2V0TmFtZT1zcF9hdGZfbmV4dA%26psc%3D1,35.73,4.4,,3.6035938598315758,-0.512473214710327,1,0,0,1,1
Rom&Nd Glasting Water Tint 08 Rose Stream,SAR 39.00,4.4 out of 5 stars,https://www.amazon.sa/-/en/sspa/click?ie=UTF8&spc=MTo4MDUyMTY5NTU2MDIxMDY5OjE3NDM4OTkyNTk6c3BfYXRmX25leHQ6MzAwNTI0MjI2NjAzNjMyOjowOjo&url=%2FNCJOO-Lipstick-Pigmented-Nourishing-Long-Lasting%2Fdp%2FB0CSFH5GHY%2Fref%3Dsr_1_49_sspa%3Fcrid%3D3266ORQFEHWZS%26dib%3DeyJ2IjoiMSJ9.VMQu1pQ4hKn0DIzVW7JOmJGYfghntsDUd9HJzTQF_2ZtZxS3xasaz3zoA9B6BAxXJwpIrcMm7gKRwslSNPxgtEuPLG75Wq3_XvDK_Dq4OoHvI7r2kZeuL3XGa12MRAA6vyS5uwfZ5GPLn32BH2dvVMI87mhzV3D1wshyqQ0H6oclPVrput0JNEMP3nG0cFJJlEAXGIUjCDZ1-WAPNDQCke7zP0tkVvLgUq24C_pkj1-gTcPyS3eAe54jpl-9ilF9OhZVWWmUpvvuPjBL2zdjE7-6MtTRb1mOI6pLUL_4GjU.UxcN9Z62COkZrlp2lU5JgRr7FG_oGBdrp8TzIzO3_Jk%26dib_tag%3Dse%26keywords%3Dtint%26qid%3D1743899259%26sprefix%3Dlip%2Bstick%252Caps%252C181%26sr%3D8-49-spons%26xpid%3DIRSWLf7BOJ1Ad%26sp_csd%3Dd2lkZ2V0TmFtZT1zcF9hdGZfbmV4dA%26psc%3D1,39.0,4.4,,3.6888794541139363,-0.3685310530177241,1,0,0,2,1
Rom&Nd Juicy Lasting Tint 06 Figfig,SAR 41.95,4.7 out of 5 stars,https://www.amazon.sa/-/en/sspa/click?ie=UTF8&spc=MTo4MDUyMTY5NTU2MDIxMDY5OjE3NDM4OTkyNTk6c3BfYXRmX25leHQ6MzAwNTI0MjI2NjAzNjMyOjowOjo&url=%2FNCJOO-Lipstick-Pigmented-Nourishing-Long-Lasting%2Fdp%2FB0CSFH5GHY%2Fref%3Dsr_1_49_sspa%3Fcrid%3D3266ORQFEHWZS%26dib%3DeyJ2IjoiMSJ9.VMQu1pQ4hKn0DIzVW7JOmJGYfghntsDUd9HJzTQF_2ZtZxS3xasaz3zoA9B6BAxXJwpIrcMm7gKRwslSNPxgtEuPLG75Wq3_XvDK_Dq4OoHvI7r2kZeuL3XGa12MRAA6vyS5uwfZ5GPLn32BH2dvVMI87mhzV3D1wshyqQ0H6oclPVrput0JNEMP3nG0cFJJlEAXGIUjCDZ1-WAPNDQCke7zP0tkVvLgUq24C_pkj1-gTcPyS3eAe54jpl-9ilF9OhZVWWmUpvvuPjBL2zdjE7-6MtTRb1mOI6pLUL_4GjU.UxcN9Z62COkZrlp2lU5JgRr7FG_oGBdrp8TzIzO3_Jk%26dib_tag%3Dse%26keywords%3Dtint%26qid%3D1743899259%26sprefix%3Dlip%2Bstick%252Caps%252C181%26sr%3D8-49-spons%26xpid%3DIRSWLf7BOJ1Ad%26sp_csd%3Dd2lkZ2V0TmFtZT1zcF9hdGZfbmV4dA%26psc%3D1,41.95,4.7,,3.7600366484302645,-0.24843433028208464,1,0,0,2,1
Rom&Nd Juicy Lasting Tint 12 Cherry Bomb,SAR 39.00,4.4 out of 5 stars,https://www.amazon.sa/-/en/sspa/click?ie=UTF8&spc=MTo4MDUyMTY5NTU2MDIxMDY5OjE3NDM4OTkyNTk6c3BfYXRmX25leHQ6MzAwNTI0MjI2NjAzNjMyOjowOjo&url=%2FNCJOO-Lipstick-Pigmented-Nourishing-Long-Lasting%2Fdp%2FB0CSFH5GHY%2Fref%3Dsr_1_49_sspa%3Fcrid%3D3266ORQFEHWZS%26dib%3DeyJ2IjoiMSJ9.VMQu1pQ4hKn0DIzVW7JOmJGYfghntsDUd9HJzTQF_2ZtZxS3xasaz3zoA9B6BAxXJwpIrcMm7gKRwslSNPxgtEuPLG75Wq3_XvDK_Dq4OoHvI7r2kZeuL3XGa12MRAA6vyS5uwfZ5GPLn32BH2dvVMI87mhzV3D1wshyqQ0H6oclPVrput0JNEMP3nG0cFJJlEAXGIUjCDZ1-WAPNDQCke7zP0tkVvLgUq24C_pkj1-gTcPyS3eAe54jpl-9ilF9OhZVWWmUpvvuPjBL2zdjE7-6MtTRb1mOI6pLUL_4GjU.UxcN9Z62COkZrlp2lU5JgRr7FG_oGBdrp8TzIzO3_Jk%26dib_tag%3Dse%26keywords%3Dtint%26qid%3D1743899259%26sprefix%3Dlip%2Bstick%252Caps%252C181%26sr%3D8-49-spons%26xpid%3DIRSWLf7BOJ1Ad%26sp_csd%3Dd2lkZ2V0TmFtZT1zcF9hdGZfbmV4dA%26psc%3D1,39.0,4.4,,3.6888794541139363,-0.3685310530177241,1,0,0,2,1
Rom&Nd Juicy Lasting Tint 19 Almond Rose,SAR 35.73,4.4 out of 5 stars,https://www.amazon.sa/-/en/sspa/click?ie=UTF8&spc=MToxOTcwOTYxNDg1OTYwOTg3OjE3NDM4OTkyNTg6c3BfYXRmOjMwMDQyNDcxNTQyOTUzMjo6MDo6&url=%2FDaroge-6973243700034-Bene-Tint-Dg0034%2Fdp%2FB099L3N78L%2Fref%3Dsr_1_1_sspa%3Fcrid%3D3266ORQFEHWZS%26dib%3DeyJ2IjoiMSJ9.RlQs4tk6S_VXJL4qTkGuuxhTGaZ_3Tt5s1s1G0piIKqLZe7i-8vDrAfJN72R3v_8KEaRpYWxNSdODARbgHdtSr1twxeMLIUqk-7O6l5OCM8Zrsa__rbe0nvwW5Ub5YClK4EWaYF-US29o0zvc_jJNF3zp0lB2MRjpdeLvdQWlD27Q-Uf2_8wINGGkC6jy8tbeZJbot8RR6OabLgYUBi8gqBzmJUmdF6aX3oFKad4rW2ikTcfFqyRtqk_42Kot09KkNfhU6TITfmaqisoJ9JO9TT77rdNtsVjPh74o5d1j-8.3GLReJ97SAJyvqGXGOcpWOmG2sZXlnhgr_-tQpvuCJo%26dib_tag%3Dse%26keywords%3Dtint%26qid%3D1743899258%26sprefix%3Dlip%2Bstick%252Caps%252C181%26sr%3D8-1-spons%26sp_csd%3Dd2lkZ2V0TmFtZT1zcF9hdGY%26psc%3D1,35.73,4.4,,3.6035938598315758,-0.512473214710327,1,0,0,1,1
Rom&Nd Juicy Lasting Tint 20 Dark Coconut 5.5g,SAR 41.95,4.4 out of 5 stars,https://www.amazon.sa/-/en/sspa/click?ie=UTF8&spc=MToxOTcwOTYxNDg1OTYwOTg3OjE3NDM4OTkyNTg6c3BfYXRmOjMwMDQyNDcxNTQyOTUzMjo6MDo6&url=%2FDaroge-6973243700034-Bene-Tint-Dg0034%2Fdp%2FB099L3N78L%2Fref%3Dsr_1_1_sspa%3Fcrid%3D3266ORQFEHWZS%26dib%3DeyJ2IjoiMSJ9.RlQs4tk6S_VXJL4qTkGuuxhTGaZ_3Tt5s1s1G0piIKqLZe7i-8vDrAfJN72R3v_8KEaRpYWxNSdODARbgHdtSr1twxeMLIUqk-7O6l5OCM8Zrsa__rbe0nvwW5Ub5YClK4EWaYF-US29o0zvc_jJNF3zp0lB2MRjpdeLvdQWlD27Q-Uf2_8wINGGkC6jy8tbeZJbot8RR6OabLgYUBi8gqBzmJUmdF6aX3oFKad4rW2ikTcfFqyRtqk_42Kot09KkNfhU6TITfmaqisoJ9JO9TT77rdNtsVjPh74o5d1j-8.3GLReJ97SAJyvqGXGOcpWOmG2sZXlnhgr_-tQpvuCJo%26dib_tag%3Dse%26keywords%3Dtint%26qid%3D1743899258%26sprefix%3Dlip%2Bstick%252Caps%252C181%26sr%3D8-1-spons%26sp_csd%3Dd2lkZ2V0TmFtZT1zcF9hdGY%26psc%3D1,41.95,4.4,,3.7600366484302645,-0.24843433028208464,1,0,0,2,1
Rom&Nd Juicy Lasting Tint 21 Deep Sangria,SAR 39.00,4.4 out of 5 stars,https://www.amazon.sa/-/en/sspa/click?ie=UTF8&spc=MTo4MDUyMTY5NTU2MDIxMDY5OjE3NDM4OTkyNTk6c3BfYXRmX25leHQ6MzAwNTI0MjI2NjAzNjMyOjowOjo&url=%2FNCJOO-Lipstick-Pigmented-Nourishing-Long-Lasting%2Fdp%2FB0CSFH5GHY%2Fref%3Dsr_1_49_sspa%3Fcrid%3D3266ORQFEHWZS%26dib%3DeyJ2IjoiMSJ9.VMQu1pQ4hKn0DIzVW7JOmJGYfghntsDUd9HJzTQF_2ZtZxS3xasaz3zoA9B6BAxXJwpIrcMm7gKRwslSNPxgtEuPLG75Wq3_XvDK_Dq4OoHvI7r2kZeuL3XGa12MRAA6vyS5uwfZ5GPLn32BH2dvVMI87mhzV3D1wshyqQ0H6oclPVrput0JNEMP3nG0cFJJlEAXGIUjCDZ1-WAPNDQCke7zP0tkVvLgUq24C_pkj1-gTcPyS3eAe54jpl-9ilF9OhZVWWmUpvvuPjBL2zdjE7-6MtTRb1mOI6pLUL_4GjU.UxcN9Z62COkZrlp2lU5JgRr7FG_oGBdrp8TzIzO3_Jk%26dib_tag%3Dse%26keywords%3Dtint%26qid%3D1743899259%26sprefix%3Dlip%2Bstick%252Caps%252C181%26sr%3D8-49-spons%26xpid%3DIRSWLf7BOJ1Ad%26sp_csd%3Dd2lkZ2V0TmFtZT1zcF9hdGZfbmV4dA%26psc%3D1,39.0,4.4,,3.6888794541139363,-0.3685310530177241,1,0,0,2,1
Rom&Nd Zero Velvet Tint 06 Deepsoul 5.5g,SAR 59.00,4.7 out of 5 stars,https://www.amazon.sa/-/en/sspa/click?ie=UTF8&spc=MTo0NDI2Mjc3MjQxNzExODM1OjE3NDM4OTkyNjE6c3BfYXRmX25leHQ6MzAwNTI0MjI2NjAzMjMyOjowOjo&url=%2FNCJOO-Lipstick-Pigmented-Nourishing-Long-Lasting%2Fdp%2FB0CSFFJ6D5%2Fref%3Dsr_1_97_sspa%3Fcrid%3D3266ORQFEHWZS%26dib%3DeyJ2IjoiMSJ9.4mzZH6ASwFEDpMZpAgGAgIhg6LkbppThoDVI7xvVQwXQUsNf7bMIqwZXI4ANyyyJVTe2L0VVDDbITMufiL6MHDNo-pXdb8J_9nQ0M0odpPeKInXlTQAcsKHm7VvYEZ2b1E3eSI4_hKwaoqrojOQvzOsaH3HIrYtZM6QoEM9zSAIjfmKYiQmMbQn6NC06dJbcFSG0HB48XcioQ09r5kqaux7lKzt5867mHMSiwALmyYn9-J_jKQL4ybBz2bxAFzFxyFY9v4dVHorr9y8xnFJFCefnXGMOmpLQt5xOkvWIaLE.TOxA60iToUOIzQNJtEly1KqIoTatAOoZMeZkvVpdmlw%26dib_tag%3Dse%26keywords%3Dtint%26qid%3D1743899260%26sprefix%3Dlip%2Bstick%252Caps%252C181%26sr%3D8-97-spons%26xpid%3DIRSWLf7BOJ1Ad%26sp_csd%3Dd2lkZ2V0TmFtZT1zcF9hdGZfbmV4dA%26psc%3D1,59.0,4.7,,4.0943445622221,0.31579933880420785,0,0,3,2,1
Sally Hansen Hard As Nails Natural Tint 0.45 Ounce (13.3ml),SAR 55.04,4.5 out of 5 stars,https://www.amazon.sa/-/en/sspa/click?ie=UTF8&spc=MToyMjQ1NjYwNzkyMDcwNDc2OjE3NDM4OTkyNjI6c3BfYXRmX25leHQ6MzAwNDQxNzYxMTExMzMyOjowOjo&url=%2FDual-ended-Microblading-Micro-Fork-Tip-Waterproof-Long-Lasting%2Fdp%2FB0DLBS6T6C%2Fref%3Dsr_1_145_sspa%3Fcrid%3D3266ORQFEHWZS%26dib%3DeyJ2IjoiMSJ9.1ZpWRG8soDDVNJ58mFjczXOFkOGie6euvu-Zs9H85-7H3OvVHM4dPyemtKrzIClX6dGshXKjIXi5OM5IV_T-iTB3sADc8png_aV7_-Lfrcg_ewaOAtLeFWBtvcSVf_9T9otzxg4TIMJAIgNVYt-5xiqO1d_MOG05wvCPOvaHZFacP6GlWkvaX8_VgrVrYZTzIq159j-76Hc-I1pOLo8XoqNIiheyrzdwphGEbJyF3tv4q10kllU8yQ_69GWrp3UgKAk5MheRG3l4yD7rxn1OeisVkT197S4SflYskLtXpv0.OnQRxJo2-t9pv98TeOkagAdnTeJqINK4oq0MVGW3ilo%26dib_tag%3Dse%26keywords%3Dtint%26qid%3D1743899262%26sprefix%3Dlip%2Bstick%252Caps%252C181%26sr%3D8-145-spons%26xpid%3DIRSWLf7BOJ1Ad%26sp_csd%3Dd2lkZ2V0TmFtZT1zcF9hdGZfbmV4dA%26psc%3D1,55.04,4.5,13.3,4.0260657214688065,0.2005606045420621,0,0,0,2,1
"Soft Matte Cream Blush for Lips & Cheeks, Azonee Multi-Use Buildable Tint, Lightweight Formula, Long-Lasting Soft Finish (06#, EarthyDelight)",SAR 55.90,,https://www.amazon.sa/-/en/sspa/click?ie=UTF8&spc=MTo0NDI2Mjc3MjQxNzExODM1OjE3NDM4OTkyNjE6c3BfYXRmX25leHQ6MzAwNTI0MjI2NjAzMjMyOjowOjo&url=%2FNCJOO-Lipstick-Pigmented-Nourishing-Long-Lasting%2Fdp%2FB0CSFFJ6D5%2Fref%3Dsr_1_97_sspa%3Fcrid%3D3266ORQFEHWZS%26dib%3DeyJ2IjoiMSJ9.4mzZH6ASwFEDpMZpAgGAgIhg6LkbppThoDVI7xvVQwXQUsNf7bMIqwZXI4ANyyyJVTe2L0VVDDbITMufiL6MHDNo-pXdb8J_9nQ0M0odpPeKInXlTQAcsKHm7VvYEZ2b1E3eSI4_hKwaoqrojOQvzOsaH3HIrYtZM6QoEM9zSAIjfmKYiQmMbQn6NC06dJbcFSG0HB48XcioQ09r5kqaux7lKzt5867mHMSiwALmyYn9-J_jKQL4ybBz2bxAFzFxyFY9v4dVHorr9y8xnFJFCefnXGMOmpLQt5xOkvWIaLE.TOxA60iToUOIzQNJtEly1KqIoTatAOoZMeZkvVpdmlw%26dib_tag%3Dse%26keywords%3Dtint%26qid%3D1743899260%26sprefix%3Dlip%2Bstick%252Caps%252C181%26sr%3D8-97-spons%26xpid%3DIRSWLf7BOJ1Ad%26sp_csd%3Dd2lkZ2V0TmFtZT1zcF9hdGZfbmV4dA%26psc%3D1,55.9,,,4.041295341132285,0.22626464511964728,0,0,0,2,1
"TERRIFI Lip Stain, 2 Pcs Vivid High Pigment Lip Tint, Long Lasting Moisturizing & Non-sticky Finish Water Lip Tint to Hydrate your Lips, 0.4 fl.oz",SAR 63.61,,https://www.amazon.sa/-/en/sspa/click?ie=UTF8&spc=MTo0NDI2Mjc3MjQxNzExODM1OjE3NDM4OTkyNjE6c3BfYXRmX25leHQ6MzAwNTI0MjI2NjAzMjMyOjowOjo&url=%2FNCJOO-Lipstick-Pigmented-Nourishing-Long-Lasting%2Fdp%2FB0CSFFJ6D5%2Fref%3Dsr_1_97_sspa%3Fcrid%3D3266ORQFEHWZS%26dib%3DeyJ2IjoiMSJ9.4mzZH6ASwFEDpMZpAgGAgIhg6LkbppThoDVI7xvVQwXQUsNf7bMIqwZXI4ANyyyJVTe2L0VVDDbITMufiL6MHDNo-pXdb8J_9nQ0M0odpPeKInXlTQAcsKHm7VvYEZ2b1E3eSI4_hKwaoqrojOQvzOsaH3HIrYtZM6QoEM9zSAIjfmKYiQmMbQn6NC06dJbcFSG0HB48XcioQ09r5kqaux7lKzt5867mHMSiwALmyYn9-J_jKQL4ybBz2bxAFzFxyFY9v4dVHorr9y8xnFJFCefnXGMOmpLQt5xOkvWIaLE.TOxA60iToUOIzQNJtEly1KqIoTatAOoZMeZkvVpdmlw%26dib_tag%3Dse%26keywords%3Dtint%26qid%3D1743899260%26sprefix%3Dlip%2Bstick%252Caps%252C181%26sr%3D8-97-spons%26xpid%3DIRSWLf7BOJ1Ad%26sp_csd%3Dd2lkZ2V0TmFtZT1zcF9hdGZfbmV4dA%26psc%3D1,63.61,,11.8294,4.168369197570074,0.4407356322093631,0,0,3,0,1
"Take-Along Mini Color Wheel: 12 Numbered Colors with Tints, Tones & Shades; 5 C",SAR 53.06,4.5 out of 5 stars,https://www.amazon.sa/-/en/sspa/click?ie=UTF8&spc=MTo2MjQ2OTU0MTIzODk4MDA2OjE3NDM4OTkyNjQ6c3BfYXRmX25leHQ6MzAwMzU3NjQ2MDQ5MTMyOjowOjo&url=%2FTazweeq-Brushes-Foundation-Highlight-Concealers%2Fdp%2FB0DGGHTYH9%2Fref%3Dsr_1_241_sspa%3Fcrid%3D3266ORQFEHWZS%26dib%3DeyJ2IjoiMSJ9.xMtVnT9eK78wVtSVPXtP-loU_1nREirWDTxBlnAhIl9V3qOe4rdxSA_Jzc6RlaKZp31KoPj7iso7XG-HBl03Clm3ZBpfWSS37bK17gGKXMcXxh8yK213VqR9l_hatoQ39uxyHaKzZA4gDdjqwExP_o-qMeYD3fV81_wyKuQmW8V4jNEcwwfJ13PE4lXJD28GyubMXOItktiq8WLbvMlPxO6K7Jsa3AS8bpWYGaF_Vt5FSZtSelAzny2v27jQMkN_Y6vkclueSf5Jbw2bHxXa5NK8SfqGebY2VzoYITE5PoM.7lCbns0YKSs7-oGrsIy9Ko39X7NbCnBYC86NLDHUH6k%26dib_tag%3Dse%26keywords%3Dtint%26qid%3D1743899264%26sprefix%3Dlip%2Bstick%252Caps%252C181%26sr%3D8-241-spons%26xpid%3DIRSWLf7BOJ1Ad%26sp_csd%3Dd2lkZ2V0TmFtZT1zcF9hdGZfbmV4dA%26psc%3D1,53.06,4.5,,3.9900945408483017,0.13984965399151372,0,0,0,2,1
"The Face Shop Water Fit Lip Tint 5 g, 03 Picnic Red",SAR 68.59,4.2 out of 5 stars,https://www.amazon.sa/-/en/sspa/click?ie=UTF8&spc=MTo4MDUyMTY5NTU2MDIxMDY5OjE3NDM4OTkyNTk6c3BfYXRmX25leHQ6MzAwNTI0MjI2NjAzNjMyOjowOjo&url=%2FNCJOO-Lipstick-Pigmented-Nourishing-Long-Lasting%2Fdp%2FB0CSFH5GHY%2Fref%3Dsr_1_49_sspa%3Fcrid%3D3266ORQFEHWZS%26dib%3DeyJ2IjoiMSJ9.VMQu1pQ4hKn0DIzVW7JOmJGYfghntsDUd9HJzTQF_2ZtZxS3xasaz3zoA9B6BAxXJwpIrcMm7gKRwslSNPxgtEuPLG75Wq3_XvDK_Dq4OoHvI7r2kZeuL3XGa12MRAA6vyS5uwfZ5GPLn32BH2dvVMI87mhzV3D1wshyqQ0H6oclPVrput0JNEMP3nG0cFJJlEAXGIUjCDZ1-WAPNDQCke7zP0tkVvLgUq24C_pkj1-gTcPyS3eAe54jpl-9ilF9OhZVWWmUpvvuPjBL2zdjE7-6MtTRb1mOI6pLUL_4GjU.UxcN9Z62COkZrlp2lU5JgRr7FG_oGBdrp8TzIzO3_Jk%26dib_tag%3Dse%26keywords%3Dtint%26qid%3D1743899259%26sprefix%3Dlip%2Bstick%252Caps%252C181%26sr%3D8-49-spons%26xpid%3DIRSWLf7BOJ1Ad%26sp_csd%3Dd2lkZ2V0TmFtZT1zcF9hdGZfbmV4dA%26psc%3D1,68.59,4.2,,4.2426208788567585,0.5660551261244814,0,0,3,0,1
"The Face Shop Water Fit Lip Tint Cherry Kiss, 5gm | Multipurpose 3-in-1 Lip Tint | Hydrating, Transfer proof, Long Lasting, Non greasy, Matte Finish",SAR 66.71,4.0 out of 5 stars,https://www.amazon.sa/-/en/sspa/click?ie=UTF8&spc=MTo4MDUyMTY5NTU2MDIxMDY5OjE3NDM4OTkyNTk6c3BfYXRmX25leHQ6MzAwNTI0MjI2NjAzNjMyOjowOjo&url=%2FNCJOO-Lipstick-Pigmented-Nourishing-Long-Lasting%2Fdp%2FB0CSFH5GHY%2Fref%3Dsr_1_49_sspa%3Fcrid%3D3266ORQFEHWZS%26dib%3DeyJ2IjoiMSJ9.VMQu1pQ4hKn0DIzVW7JOmJGYfghntsDUd9HJzTQF_2ZtZxS3xasaz3zoA9B6BAxXJwpIrcMm7gKRwslSNPxgtEuPLG75Wq3_XvDK_Dq4OoHvI7r2kZeuL3XGa12MRAA6vyS5uwfZ5GPLn32BH2dvVMI87mhzV3D1wshyqQ0H6oclPVrput0JNEMP3nG0cFJJlEAXGIUjCDZ1-WAPNDQCke7zP0tkVvLgUq24C_pkj1-gTcPyS3eAe54jpl-9ilF9OhZVWWmUpvvuPjBL2zdjE7-6MtTRb1mOI6pLUL_4GjU.UxcN9Z62COkZrlp2lU5JgRr7FG_oGBdrp8TzIzO3_Jk%26dib_tag%3Dse%26keywords%3Dtint%26qid%3D1743899259%26sprefix%3Dlip%2Bstick%252Caps%252C181%26sr%3D8-49-spons%26xpid%3DIRSWLf7BOJ1Ad%26sp_csd%3Dd2lkZ2V0TmFtZT1zcF9hdGZfbmV4dA%26psc%3D1,66.71,4.0,,4.215233879497554,0.519832268404967,0,0,3,0,1
"Yadah Be My Tint 4 g, 03 Real Red",SAR 53.20,1.7 out of 5 stars,https://www.amazon.sa/-/en/sspa/click?ie=UTF8&spc=MTo0NDI2Mjc3MjQxNzExODM1OjE3NDM4OTkyNjE6c3BfYXRmX25leHQ6MzAwNTI0MjI2NjAzMjMyOjowOjo&url=%2FNCJOO-Lipstick-Pigmented-Nourishing-Long-Lasting%2Fdp%2FB0CSFFJ6D5%2Fref%3Dsr_1_97_sspa%3Fcrid%3D3266ORQFEHWZS%26dib%3DeyJ2IjoiMSJ9.4mzZH6ASwFEDpMZpAgGAgIhg6LkbppThoDVI7xvVQwXQUsNf7bMIqwZXI4ANyyyJVTe2L0VVDDbITMufiL6MHDNo-pXdb8J_9nQ0M0odpPeKInXlTQAcsKHm7VvYEZ2b1E3eSI4_hKwaoqrojOQvzOsaH3HIrYtZM6QoEM9zSAIjfmKYiQmMbQn6NC06dJbcFSG0HB48XcioQ09r5kqaux7lKzt5867mHMSiwALmyYn9-J_jKQL4ybBz2bxAFzFxyFY9v4dVHorr9y8xnFJFCefnXGMOmpLQt5xOkvWIaLE.TOxA60iToUOIzQNJtEly1KqIoTatAOoZMeZkvVpdmlw%26dib_tag%3Dse%26keywords%3Dtint%26qid%3D1743899260%26sprefix%3Dlip%2Bstick%252Caps%252C181%26sr%3D8-97-spons%26xpid%3DIRSWLf7BOJ1Ad%26sp_csd%3Dd2lkZ2V0TmFtZT1zcF9hdGZfbmV4dA%26psc%3D1,53.2,1.7,,3.9926809084456005,0.14421483835845778,0,0,0,2,1
"immetee Lace Tint Mousse for Wigs, Wig Tint Lace Spray Lace Melting Foam Quick Dry, No Residue, Matching Skin Tone, Natural Look. 150ML/5.07FL OZ (DARK BROWN)",SAR 35.00,4.0 out of 5 stars,https://www.amazon.sa/-/en/sspa/click?ie=UTF8&spc=MToyMzc2Njg4MzA5MTI0MDYzOjE3NDM4OTkyNjY6c3BfYXRmX25leHQ6MzAwNTEyNjA1MzcwMzMyOjowOjo&url=%2FPortable-Retractable-Foundation-Eyeshadow-Eyebrow%2Fdp%2FB0DTK6QB44%2Fref%3Dsr_1_289_sspa%3Fcrid%3D3266ORQFEHWZS%26dib%3DeyJ2IjoiMSJ9.z0pIdcygGWbCVGS82JDMU9i_5SDsxoO_jzW1a1nL73RIdP4s64epX6EBXeDEOvHyfh1Dpdo6BUQv_h6O61HawNDobSoKaHsMmlYWUgSDtKy-tf9MxXrE1YxIEo3iINNi-vs-78ZD45dhZbH-GTf5Ti7n3GxhRuTC-1kqGJ8Dy56ceZE0DWtzmt7HwD9ZWc0oGbNI3AisInlVEF-YVssJtt-HhIi55PuYXWox4XuiOx14Zo9LTU_8f3aoz5dasMjKHDjyQ7mJshgOluL7D2WvAg.qzp6WIheO8vh_AsZ0YeZGQFXG9RoBW6uoMQ3IbhuEaI%26dib_tag%3Dse%26keywords%3Dtint%26qid%3D1743899265%26sprefix%3Dlip%2Bstick%252Caps%252C181%26sr%3D8-289-spons%26xpid%3DIRSWLf7BOJ1Ad%26sp_csd%3Dd2lkZ2V0TmFtZT1zcF9hdGZfbmV4dA%26psc%3D1,35.0,4.0,150.0,3.58351893845611,-0.5463549927867829,1,0,0,1,1
"wet n wild Bare Focus Skin Tint, 5% Niacinamide Enriched, Buildable Sheer Lightweight Coverage, Natural Radiant Finish, Hyaluronic & Vitamin Hydration Boost, Cruelty-Free & Vegan - Fair Beige",SAR 67.70,4.0 out of 5 stars,https://www.amazon.sa/-/en/sspa/click?ie=UTF8&spc=MToyMjQ1NjYwNzkyMDcwNDc2OjE3NDM4OTkyNjI6c3BfYXRmX25leHQ6MzAwNDQxNzYxMTExMzMyOjowOjo&url=%2FDual-ended-Microblading-Micro-Fork-Tip-Waterproof-Long-Lasting%2Fdp%2FB0DLBS6T6C%2Fref%3Dsr_1_145_sspa%3Fcrid%3D3266ORQFEHWZS%26dib%3DeyJ2IjoiMSJ9.1ZpWRG8soDDVNJ58mFjczXOFkOGie6euvu-Zs9H85-7H3OvVHM4dPyemtKrzIClX6dGshXKjIXi5OM5IV_T-iTB3sADc8png_aV7_-Lfrcg_ewaOAtLeFWBtvcSVf_9T9otzxg4TIMJAIgNVYt-5xiqO1d_MOG05wvCPOvaHZFacP6GlWkvaX8_VgrVrYZTzIq159j-76Hc-I1pOLo8XoqNIiheyrzdwphGEbJyF3tv4q10kllU8yQ_69GWrp3UgKAk5MheRG3l4yD7rxn1OeisVkT197S4SflYskLtXpv0.OnQRxJo2-t9pv98TeOkagAdnTeJqINK4oq0MVGW3ilo%26dib_tag%3Dse%26keywords%3Dtint%26qid%3D1743899262%26sprefix%3Dlip%2Bstick%252Caps%252C181%26sr%3D8-145-spons%26xpid%3DIRSWLf7BOJ1Ad%26sp_csd%3Dd2lkZ2V0TmFtZT1zcF9hdGZfbmV4dA%26psc%3D1,67.7,4.0,,4.229749199228304,0.5443307375460273,0,0,3,0,1
